{"implemented":true,"name":"Arctoplesio","primaryType":"rock","secondaryType":"ice","maleRatio":0.5,"height":23,"weight":1500,"pokedex":["cobblemon.species.arctoplesio.desc"],"aspects":[],"abilities":["sturdy","icebody","h:slushrush"],"eggGroups":["monster","water_1"],"baseStats":{"hp":90,"attack":100,"defence":90,"special_attack":90,"special_defence":80,"speed":55},"evYield":{"hp":0,"attack":2,"defence":0,"special_attack":0,"special_defence":0,"speed":0},"baseExperienceYield":177,"experienceGroup":"slow","catchRate":45,"eggCycles":35,"baseFriendship":50,"baseScale":0.8,"hitbox":{"width":2,"height":3.7,"fixed":false},"behaviour":{"moving":{"swim":{"swimSpeed":0.3,"canBreatheUnderwater":true,"canWalkOnWater":false},"walk":{"walkSpeed":0.18}},"resting":{"canSleep":true,"light":"0-4","drowsyChance":0.0333,"rouseChance":0.0042},"herd":{"maxSize":"2","toleratedLeaders":[{"pokemon":"arctoplesio","tier":1}]},"combat":{"willDefendSelf":true,"willDefendOwner":true,"willFlee":false}},"moves":["1:powdersnow","1:watergun","7:sing","14:echoedvoice","21:ancientpower","28:waterpulse","35:avalanche","42:freezedry","49:slam","56:iciclecrash","63:stoneedge","70:hydropump","77:blizzard","egg:ancientpower","egg:blizzard","egg:curse","egg:foresight","egg:hail","egg:hydropump","egg:icebeam","egg:meteorbeam","egg:waterpulse","egg:wideguard","tm:avalanche","tm:blizzard","tm:bodyslam","tm:bulldoze","tm:chillingwater","tm:endure","tm:facade","tm:flipturn","tm:gigaimpact","tm:hail","tm:haze","tm:hydropump","tm:hyperbeam","tm:hypervoice","tm:icebeam","tm:icefang","tm:iciclespear","tm:icywind","tm:irontail","tm:liquidation","tm:meteorbeam","tm:muddywater","tm:payback","tm:powergem","tm:protect","tm:raindance","tm:rest","tm:rockblast","tm:rockslide","tm:rocktomb","tm:round","tm:sandstorm","tm:scald","tm:sleeptalk","tm:smackdown","tm:snore","tm:snowscape","tm:stealthrock","tm:stompingtantrum","tm:stoneedge","tm:substitute","tm:surf","tm:taunt","tm:tripleaxel","tm:waterfall","tm:waterpledge","tm:waterpulse","tm:whirlpool","tutor:ancientpower","tutor:aquatail","tutor:flipturn","tutor:dive","tutor:iceball","tutor:icebeam","tutor:icefang","tutor:icywind","tutor:liquidation","tutor:meteorbeam","tutor:powdersnow","tutor:rockslide","tutor:stealthrock","tutor:stoneedge","tutor:surf","tutor:tripleaxel","tutor:waterpledge","tutor:waterpulse","legacy:attract","legacy:confide","legacy:doubleteam","legacy:frustration","legacy:hiddenpower","legacy:return","legacy:round","legacy:secretpower","legacy:snore","legacy:swagger","legacy:toxic"],"evolutions":[],"drops":{"amount":4,"entries":[{"item":"minecraft:bone","quantityRange":"0-2"}]}}