{"implemented":true,"name":"Dracodacentro","primaryType":"rock","secondaryType":"dragon","maleRatio":0.5,"height":23,"weight":2150,"pokedex":["cobblemon.species.dracodacentro.desc"],"aspects":[],"abilities":["sturdy","strongjaw","h:sandrush"],"eggGroups":["monster","dragon"],"baseStats":{"hp":90,"attack":90,"defence":100,"special_attack":70,"special_defence":80,"speed":75},"evYield":{"hp":0,"attack":0,"defence":2,"special_attack":0,"special_defence":0,"speed":0},"baseExperienceYield":177,"experienceGroup":"slow","catchRate":45,"eggCycles":35,"baseFriendship":50,"baseScale":0.75,"hitbox":{"width":1.7,"height":4.2,"fixed":false},"behaviour":{"moving":{"swim":{"avoidsWater":true},"walk":{"walkSpeed":0.2}},"resting":{"canSleep":true,"light":"0-4","drowsyChance":0.0333,"rouseChance":0.0042},"herd":{"maxSize":"2","toleratedLeaders":[{"pokemon":"dracodacentro","tier":1}]},"combat":{"willDefendSelf":true,"willDefendOwner":true,"willFlee":false}},"moves":["1:tackle","1:dragonrage","7:protect","14:brutalswing","21:ancientpower","28:bite","35:dragonbreath","42:stomp","49:superfang","56:crunch","63:stoneedge","70:dragonpulse","77:dragonrush","egg:ancientpower","egg:curse","egg:dracometeor","egg:dragonpulse","egg:dragonrage","egg:dragonrush","egg:foresight","egg:meteorbeam","egg:sandstorm","egg:wideguard","tm:bodyslam","tm:breakingswipe","tm:brutalswing","tm:bulldoze","tm:crunch","tm:dragoncheer","tm:dracometeor","tm:dragonclaw","tm:dragondance","tm:dragonpulse","tm:dragontail","tm:earthpower","tm:earthquake","tm:endure","tm:facade","tm:gigaimpact","tm:hyperbeam","tm:ironhead","tm:lowkick","tm:megakick","tm:meteorbeam","tm:outrage","tm:powergem","tm:protect","tm:rest","tm:rockblast","tm:rockslide","tm:rocktomb","tm:round","tm:sandstorm","tm:scaleshot","tm:sleeptalk","tm:smackdown","tm:snore","tm:stealthrock","tm:stompingtantrum","tm:stoneedge","tm:substitute","tm:zenheadbutt","tutor:ancientpower","tutor:dracometeor","tutor:dragonpulse","tutor:dragonrush","tutor:dualchop","tutor:headbutt","tutor:irondefense","tutor:ironhead","tutor:irontail","tutor:meteorbeam","tutor:outrage","tutor:protect","tutor:rockslide","tutor:rollout","tutor:scaleshot","tutor:stealthrock","tutor:stoneedge","tutor:twister","tutor:zenheadbutt","legacy:attract","legacy:confide","legacy:doubleteam","legacy:frustration","legacy:hiddenpower","legacy:return","legacy:round","legacy:secretpower","legacy:snore","legacy:swagger","legacy:toxic"],"evolutions":[],"drops":{"amount":3,"entries":[{"item":"minecraft:bone","quantityRange":"0-2"}]}}