{"implemented":true,"name":"Dunkleovish","primaryType":"rock","secondaryType":"water","maleRatio":0.5,"height":20,"weight":1750,"pokedex":["cobblemon.species.dunkleovish.desc"],"aspects":[],"abilities":["sturdy","waterabsorb","h:slushrush"],"eggGroups":["monster","water_2"],"baseStats":{"hp":90,"attack":90,"defence":100,"special_attack":80,"special_defence":90,"speed":55},"evYield":{"hp":0,"attack":0,"defence":2,"special_attack":0,"special_defence":0,"speed":0},"baseExperienceYield":177,"experienceGroup":"slow","catchRate":45,"eggCycles":35,"baseFriendship":50,"baseScale":0.8,"hitbox":{"width":1.8,"height":3,"fixed":false},"behaviour":{"moving":{"swim":{"swimSpeed":0.3,"canSwimInWater":true,"canBreatheUnderwater":true},"walk":{"walkSpeed":0.14,"avoidsLand":true}},"resting":{"canSleep":true,"light":"0-4","drowsyChance":0.0333,"rouseChance":0.0042},"herd":{"maxSize":"2","toleratedLeaders":[{"pokemon":"dunkleovish","tier":1}]},"combat":{"willDefendSelf":true,"willDefendOwner":true,"willFlee":false}},"moves":["1:tackle","1:watergun","7:protect","14:icywind","21:ancientpower","28:bite","35:scald","42:waterpulse","49:superfang","56:crunch","63:fishiousrend","70:surf","77:hydropump","egg:ancientpower","egg:curse","egg:foresight","egg:hydropump","egg:liquidation","egg:meteorbeam","egg:raindance","egg:watergun","egg:waterpulse","egg:wideguard","tm:bodyslam","tm:brine","tm:chillingwater","tm:crunch","tm:dive","tm:endure","tm:facade","tm:firefang","tm:flipturn","tm:gigaimpact","tm:hydropump","tm:hyperbeam","tm:icefang","tm:irondefense","tm:ironhead","tm:liquidation","tm:meteorbeam","tm:muddywater","tm:powergem","tm:protect","tm:psychicfangs","tm:raindance","tm:rest","tm:stealthrock","tm:sandstorm","tm:rockblast","tm:rockslide","tm:rocktomb","tm:round","tm:scald","tm:sleeptalk","tm:smackdown","tm:snore","tm:stoneedge","tm:substitute","tm:surf","tm:thunderfang","tm:waterfall","tm:waterpledge","tm:waterpulse","tm:whirlpool","tm:zenheadbutt","tutor:ancientpower","tutor:aquatail","tutor:dive","tutor:flipturn","tutor:headbutt","tutor:irondefense","tutor:ironhead","tutor:liquidation","tutor:meteorbeam","tutor:protect","tutor:rockslide","tutor:stealthrock","tutor:stoneedge","tutor:surf","tutor:watergun","tutor:waterpledge","tutor:waterpulse","tutor:zenheadbutt","legacy:attract","legacy:confide","legacy:doubleteam","legacy:frustration","legacy:hiddenpower","legacy:return","legacy:round","legacy:secretpower","legacy:snore","legacy:swagger","legacy:toxic"],"evolutions":[],"drops":{"amount":3,"entries":[{"item":"minecraft:cod"}]}}