{"implemented":true,"name":"Raptorzolt","primaryType":"rock","secondaryType":"electric","maleRatio":0.5,"height":18,"weight":1900,"pokedex":["cobblemon.species.raptorzolt.desc"],"aspects":[],"abilities":["sturdy","voltabsorb","h:sandrush"],"eggGroups":["monster","flying"],"baseStats":{"hp":90,"attack":100,"defence":90,"special_attack":80,"special_defence":70,"speed":75},"evYield":{"hp":0,"attack":2,"defence":0,"special_attack":0,"special_defence":0,"speed":0},"baseExperienceYield":177,"experienceGroup":"slow","catchRate":45,"eggCycles":35,"baseFriendship":50,"baseScale":0.8,"hitbox":{"width":1.8,"height":2.4,"fixed":false},"behaviour":{"moving":{"swim":{"avoidsWater":true},"walk":{"walkSpeed":0.3}},"resting":{"canSleep":true,"light":"0-4","drowsyChance":0.0333,"rouseChance":0.0042},"herd":{"maxSize":"2","toleratedLeaders":[{"pokemon":"raptorzolt","tier":1}]},"combat":{"willDefendSelf":true,"willDefendOwner":true,"willFlee":false}},"moves":["1:scratch","1:thundershock","7:charge","14:aerialace","21:ancientpower","28:pluck","35:thunderfang","42:discharge","49:slash","56:thunderbolt","63:boltbeak","70:stoneedge","77:thunder","egg:aerialace","egg:ancientpower","egg:bravebird","egg:curse","egg:electricterrain","egg:foresight","egg:meteorbeam","egg:thunder","egg:thunderbolt","egg:wideguard","tm:acrobatics","tm:aerialace","tm:aircutter","tm:airslash","tm:bravebird","tm:bulldoze","tm:charge","tm:chargebeam","tm:dualwingbeat","tm:earthpower","tm:earthquake","tm:eerieimpulse","tm:electricterrain","tm:electroball","tm:electroweb","tm:endure","tm:facade","tm:featherdance","tm:fireblast","tm:firefang","tm:firespin","tm:flamethrower","tm:gigaimpact","tm:hyperbeam","tm:irontail","tm:lowkick","tm:megakick","tm:meteorbeam","tm:powergem","tm:protect","tm:raindance","tm:rest","tm:rockblast","tm:rockslide","tm:rocktomb","tm:round","tm:sandstorm","tm:sleeptalk","tm:smackdown","tm:snore","tm:stealthrock","tm:stompingtantrum","tm:stoneedge","tm:substitute","tm:sunnyday","tm:supercellslam","tm:tailwind","tm:taunt","tm:thunder","tm:thunderbolt","tm:thunderfang","tm:thunderpunch","tm:thunderwave","tm:voltswitch","tm:wildcharge","tutor:aerialace","tutor:aircutter","tutor:ancientpower","tutor:bounce","tutor:charge","tutor:chargebeam","tutor:defog","tutor:dualwingbeat","tutor:electroweb","tutor:icywind","tutor:magnetrise","tutor:meteorbeam","tutor:risingvoltage","tutor:rockslide","tutor:roost","tutor:shockwave","tutor:stealthrock","tutor:stoneedge","tutor:tailwind","tutor:thunderbolt","tutor:thunderfang","tutor:thunderpunch","tutor:thundershock","tutor:thunderwave","tutor:wildcharge","tutor:volttackle","tutor:zapcannon","legacy:attract","legacy:confide","legacy:doubleteam","legacy:frustration","legacy:hiddenpower","legacy:return","legacy:round","legacy:secretpower","legacy:snore","legacy:swagger","legacy:toxic"],"evolutions":[],"drops":{"amount":4,"entries":[{"item":"minecraft:feather","quantityRange":"0-2"}]}}