{
	"format_version": "1.8.0",
	"animations": {
		"animation.gourgeist.ground_idle": {
			"loop": true,
			"animation_length": 2,
			"bones": {
				"arm_left": {
					"rotation": [30, "10+math.sin(q.anim_time*90*4-135)*1", "75-math.sin(q.anim_time*90*2-135)*1"]
				},
				"arm_left4": {
					"rotation": [0, 0, "-15-math.sin(q.anim_time*90*2-270)*2"]
				},
				"arm_left5": {
					"rotation": [0, 0, "15-math.sin(q.anim_time*90*2-310)*4"]
				},
				"finger_left_front": {
					"rotation": [0, 0, 15]
				},
				"finger_left_back": {
					"rotation": [0, 0, 15]
				},
				"finger_left_mid": {
					"rotation": [0, 0, 7.5]
				},
				"hair_back": {
					"rotation": ["5-math.sin(q.anim_time*90*4-135)*1", 0, "-math.sin(q.anim_time*90*2-90)*1"]
				},
				"arm_left2": {
					"rotation": [0, -30, "-math.sin(q.anim_time*90*2-135)*2"]
				},
				"arm_left3": {
					"rotation": ["-math.sin(q.anim_time*90*2-225)*2", 30, "-math.sin(q.anim_time*90*2-225)*4"]
				},
				"hair_back2": {
					"rotation": [5, 0, 0]
				},
				"hair_back3": {
					"rotation": [5, 0, 0]
				},
				"hair_back4": {
					"rotation": [5, 0, 0]
				},
				"arm_right": {
					"rotation": [30, "-10-math.sin(q.anim_time*90*4-135)*1", "-75-math.sin(q.anim_time*90*2-135)*1"]
				},
				"arm_right2": {
					"rotation": [0, 30, "-math.sin(q.anim_time*90*2-135)*2"]
				},
				"arm_right3": {
					"rotation": ["math.sin(q.anim_time*90*2-225)*2", -30, "-math.sin(q.anim_time*90*2-225)*4"]
				},
				"arm_right4": {
					"rotation": [0, 0, "15-math.sin(q.anim_time*90*2-270)*2"]
				},
				"arm_right5": {
					"rotation": [0, 0, "-15-math.sin(q.anim_time*90*2-270)*4"]
				},
				"finger_right_front": {
					"rotation": [0, 0, -15]
				},
				"finger_right_back": {
					"rotation": [0, 0, -15]
				},
				"finger_right_mid": {
					"rotation": [0, 0, -7.5]
				},
				"torso": {
					"rotation": ["math.sin(q.anim_time*90*4)*0.5", 0, "math.sin(q.anim_time*90*2)*0.5"]
				},
				"neck": {
					"rotation": ["math.sin(q.anim_time*90*4-90)*1", 0, "math.sin(q.anim_time*90*2-90)*1"],
					"position": [0, -0.05, 0]
				},
				"tuft": {
					"rotation": ["math.sin(q.anim_time*90*4-135)*4", 0, 0],
					"position": [0, 0, 0]
				}
			}
		},
		"animation.gourgeist.ground_walk": {
			"loop": true,
			"animation_length": 2,
			"bones": {
				"arm_left": {
					"rotation": [30, "10+math.sin(q.anim_time*90*8-135)*1", "75-math.sin(q.anim_time*90*4-135)*4"]
				},
				"arm_left4": {
					"rotation": [0, 0, "-15-math.sin(q.anim_time*90*4-270)*2"]
				},
				"arm_left5": {
					"rotation": [0, 0, "15-math.sin(q.anim_time*90*4-310)*4"]
				},
				"finger_left_front": {
					"rotation": [0, 0, 15]
				},
				"finger_left_back": {
					"rotation": [0, 0, 15]
				},
				"finger_left_mid": {
					"rotation": [0, 0, 7.5]
				},
				"hair_back": {
					"rotation": ["5-math.sin(q.anim_time*90*8-135)*1", 0, "-math.sin(q.anim_time*90*4-90)*2"]
				},
				"arm_left2": {
					"rotation": [0, -30, "-math.sin(q.anim_time*90*4-135)*4"]
				},
				"arm_left3": {
					"rotation": ["-math.sin(q.anim_time*90*4-225)*2", 15, "2.5-math.sin(q.anim_time*90*4-225)*4"]
				},
				"hair_back2": {
					"rotation": [5, 0, 0]
				},
				"hair_back3": {
					"rotation": [5, 0, 0]
				},
				"hair_back4": {
					"rotation": [5, 0, 0]
				},
				"arm_right": {
					"rotation": [30, "-10+math.sin(q.anim_time*90*8-135)*1", "-75-math.sin(q.anim_time*90*4-135)*4"]
				},
				"arm_right2": {
					"rotation": [0, 30, "-math.sin(q.anim_time*90*4-135)*4"]
				},
				"arm_right3": {
					"rotation": ["math.sin(q.anim_time*90*4-225)*2", -15, "-2.5-math.sin(q.anim_time*90*4-225)*4"]
				},
				"arm_right4": {
					"rotation": [0, 0, "15-math.sin(q.anim_time*90*4-270)*2"]
				},
				"arm_right5": {
					"rotation": [0, 0, "-15-math.sin(q.anim_time*90*4-270)*4"]
				},
				"finger_right_front": {
					"rotation": [0, 0, -15]
				},
				"finger_right_back": {
					"rotation": [0, 0, -15]
				},
				"finger_right_mid": {
					"rotation": [0, 0, -7.5]
				},
				"torso": {
					"rotation": [0, 0, 0]
				},
				"neck": {
					"rotation": ["math.sin(q.anim_time*90*8-40)*2", "-math.sin(q.anim_time*90*4)*6", 0],
					"position": [0, -0.1, 0]
				},
				"tuft": {
					"rotation": ["-10+math.sin(q.anim_time*90*8-135)*4", 0, 0]
				},
				"body": {
					"rotation": [0, "math.sin(q.anim_time*90*4)*10", "math.sin(q.anim_time*90*4-90)*3"],
					"position": [0, "math.abs(math.sin(q.anim_time*90*4-90)*0.25)", 0]
				}
			}
		},
		"animation.gourgeist.air_idle": {
			"loop": true,
			"animation_length": 4,
			"bones": {
				"arm_left": {
					"rotation": [30, "10+math.sin(q.anim_time*90*2-135)*1", "70-math.sin(q.anim_time*90*1-135)*2"]
				},
				"arm_left4": {
					"rotation": [0, 0, "-15-math.sin(q.anim_time*90*1-270)*2"]
				},
				"arm_left5": {
					"rotation": [0, 0, "15-math.sin(q.anim_time*90*1-310)*4"]
				},
				"finger_left_front": {
					"rotation": [0, 0, 15]
				},
				"finger_left_back": {
					"rotation": [0, 0, 15]
				},
				"finger_left_mid": {
					"rotation": [0, 0, 7.5]
				},
				"hair_back": {
					"rotation": ["5-math.sin(q.anim_time*90*2-135)*1", 0, "-math.sin(q.anim_time*90*1-90)*1"]
				},
				"arm_left2": {
					"rotation": [0, -30, "-math.sin(q.anim_time*90*1-135)*4"]
				},
				"arm_left3": {
					"rotation": ["-math.sin(q.anim_time*90*1-225)*2", 30, "-math.sin(q.anim_time*90*1-225)*4"]
				},
				"hair_back2": {
					"rotation": [5, 0, 0]
				},
				"hair_back3": {
					"rotation": [5, 0, 0]
				},
				"hair_back4": {
					"rotation": [5, 0, 0]
				},
				"arm_right": {
					"rotation": [30, "-10+math.sin(q.anim_time*90*2-135)*1", "-70+math.sin(q.anim_time*90*1-135)*2"]
				},
				"arm_right2": {
					"rotation": [0, 30, "math.sin(q.anim_time*90*1-135)*4"]
				},
				"arm_right3": {
					"rotation": ["-math.sin(q.anim_time*90*1-225)*2", -30, "math.sin(q.anim_time*90*1-225)*4"]
				},
				"arm_right4": {
					"rotation": [0, 0, "15+math.sin(q.anim_time*90*1-270)*2"]
				},
				"arm_right5": {
					"rotation": [0, 0, "-15+math.sin(q.anim_time*90*1-270)*4"]
				},
				"finger_right_front": {
					"rotation": [0, 0, -15]
				},
				"finger_right_back": {
					"rotation": [0, 0, -15]
				},
				"finger_right_mid": {
					"rotation": [0, 0, -7.5]
				},
				"torso": {
					"rotation": ["math.sin(q.anim_time*90*2)*1", 0, 0]
				},
				"neck": {
					"rotation": ["math.sin(q.anim_time*90*2-90)*2", 0, 0],
					"position": [0, -0.05, 0]
				},
				"tuft": {
					"rotation": ["math.sin(q.anim_time*90*2-135)*4", 0, 0],
					"position": [0, 0, 0]
				},
				"body": {
					"rotation": [5, 0, 0],
					"position": [0, "1+math.sin(q.anim_time*90*2-90)*0.5", 0]
				}
			}
		},
		"animation.gourgeist.air_fly": {
			"loop": true,
			"animation_length": 2,
			"bones": {
				"arm_left": {
					"rotation": [30, "0+math.sin(q.anim_time*90*4-135)*1", "70-math.sin(q.anim_time*90*2-135)*2"]
				},
				"arm_left4": {
					"rotation": [0, 0, "-15-math.sin(q.anim_time*90*2-270)*2"]
				},
				"arm_left5": {
					"rotation": [0, 0, "15-math.sin(q.anim_time*90*2-310)*4"]
				},
				"finger_left_front": {
					"rotation": [0, 0, 15]
				},
				"finger_left_back": {
					"rotation": [0, 0, 15]
				},
				"finger_left_mid": {
					"rotation": [0, 0, 7.5]
				},
				"hair_back": {
					"rotation": ["12.5-math.sin(q.anim_time*90*2-135)*2", 0, "-math.sin(q.anim_time*90*1-90)*1"]
				},
				"arm_left2": {
					"rotation": [0, -15, "-math.sin(q.anim_time*90*2-135)*4"]
				},
				"arm_left3": {
					"rotation": [0, 15, "-math.sin(q.anim_time*90*2-225)*4"]
				},
				"hair_back2": {
					"rotation": ["10-math.sin(q.anim_time*90*2-225)*4", 0, 0]
				},
				"hair_back3": {
					"rotation": ["5-math.sin(q.anim_time*90*2-215)*8", 0, 0]
				},
				"hair_back4": {
					"rotation": ["5-math.sin(q.anim_time*90*2-235)*6", 0, 0]
				},
				"arm_right": {
					"rotation": [30, "0-math.sin(q.anim_time*90*4-135)*1", "-70+math.sin(q.anim_time*90*2-135)*2"]
				},
				"arm_right2": {
					"rotation": [0, 15, "math.sin(q.anim_time*90*2-135)*4"]
				},
				"arm_right3": {
					"rotation": [0, -15, "math.sin(q.anim_time*90*2-225)*4"]
				},
				"arm_right4": {
					"rotation": [0, 0, "15+math.sin(q.anim_time*90*2-270)*2"]
				},
				"arm_right5": {
					"rotation": [0, 0, "-15+math.sin(q.anim_time*90*2-270)*4"]
				},
				"finger_right_front": {
					"rotation": [0, 0, -15]
				},
				"finger_right_back": {
					"rotation": [0, 0, -15]
				},
				"finger_right_mid": {
					"rotation": [0, 0, -7.5]
				},
				"torso": {
					"rotation": ["math.sin(q.anim_time*90*2)*2", 0, 0]
				},
				"neck": {
					"rotation": ["math.sin(q.anim_time*90*2-90)*3", 0, 0],
					"position": [0, -0.1, 0]
				},
				"tuft": {
					"rotation": ["-20+math.sin(q.anim_time*90*2-135)*4", 0, 0],
					"position": [0, 0, 0]
				},
				"body": {
					"rotation": [25, 0, 0],
					"position": [0, "2+math.sin(q.anim_time*90*2-90)*0.5", 4]
				},
				"head": {
					"rotation": ["-12.5-math.sin(q.anim_time*90*2)*2", 0, 0]
				}
			}
		},
		"animation.gourgeist.sleep": {
			"loop": true,
			"animation_length": 4,
			"bones": {
				"tuft2": {
					"rotation": ["-21.9852+math.sin(q.anim_time*90*1-135)*4", 10.12903, -7.59794]
				},
				"fluff_right": {
					"rotation": [0, 0, -2.5]
				},
				"fluff_left": {
					"rotation": [0, 0, 2.5]
				},
				"jaw": {
					"position": {
						"0.0": [0, 0, 0],
						"2.0833": [0, 0, 0],
						"2.375": [0, -0.3, 0],
						"3.9583": [0, 0, 0]
					}
				},
				"body": {
					"rotation": [0, 15, 0],
					"position": [0, -1, 0]
				},
				"torso": {
					"rotation": [0, -22.5, 0]
				},
				"neck": {
					"rotation": ["10+math.sin(q.anim_time*90*1)*2", 0, 0]
				},
				"head": {
					"rotation": ["12.5+math.sin(q.anim_time*90*1-90)*3", 0, 0],
					"position": [0, 0, "-0.2-math.sin(q.anim_time*90*1)*0.1"]
				},
				"tuft": {
					"rotation": ["20+math.sin(q.anim_time*90*1-90)*8", 0, 0]
				},
				"arm_left": {
					"rotation": [25, "25+math.sin(q.anim_time*90*1)*2", 72.5]
				},
				"arm_left2": {
					"rotation": [0, -15, 0]
				},
				"arm_left3": {
					"rotation": [0, "20+math.sin(q.anim_time*90*1-90)*2", -5]
				},
				"arm_left4": {
					"rotation": [0, 0, 5]
				},
				"arm_left5": {
					"rotation": [0, 0, 12.5]
				},
				"finger_left_front": {
					"rotation": [0, 0, 15]
				},
				"finger_left_back": {
					"rotation": [0, 0, 15]
				},
				"finger_left_mid": {
					"rotation": [0, 0, 12.5]
				},
				"arm_right": {
					"rotation": [25, "-25-math.sin(q.anim_time*90*1)*2", -72.5]
				},
				"arm_right2": {
					"rotation": [0, 15, 0]
				},
				"arm_right3": {
					"rotation": [0, "-20-math.sin(q.anim_time*90*1-90)*2", 5]
				},
				"arm_right4": {
					"rotation": [0, 0, -5]
				},
				"arm_right5": {
					"rotation": [0, 0, -12.5]
				},
				"finger_right_front": {
					"rotation": [0, 0, -15]
				},
				"finger_right_back": {
					"rotation": [0, 0, -15]
				},
				"finger_right_mid": {
					"rotation": [0, 0, -12.5]
				},
				"eyelid_right": {
					"position": [0, 0, -0.1]
				},
				"eyelid_left": {
					"position": [0, 0, -0.1]
				},
				"mouth_closed": {
					"position": [0, 0, 0]
				},
				"mouth_open": {
					"rotation": [0, 0, 47.5]
				},
				"leg_right": {
					"position": [0, 1, 0]
				},
				"leg_left": {
					"position": [0, 1, 0]
				}
			}
		},
		"animation.gourgeist.blink": {
			"animation_length": 0.16667,
			"bones": {
				"eyelid_right": {
					"position": {
						"0.0": [0, 0, -0.1],
						"0.125": [0, 0, -0.1],
						"0.1667": [0, 0, 0]
					}
				},
				"eyelid_left": {
					"position": {
						"0.0": [0, 0, -0.1],
						"0.125": [0, 0, -0.1],
						"0.1667": [0, 0, 0]
					}
				}
			}
		},
		"animation.gourgeist.cry": {
			"animation_length": 1.75,
			"bones": {
				"mouth_closed": {
					"position": {
						"0.0": [0, 0, 0],
						"0.0417": [0, 0, 0.1],
						"1.4583": [0, 0, 0.1],
						"1.5": [0, 0, 0]
					}
				},
				"mouth_open": {
					"position": {
						"0.0": [0, 0, 0],
						"0.0417": [0, 0, -0.1],
						"1.4583": [0, 0, -0.1],
						"1.5": [0, 0, 0]
					}
				}
			},
			"sound_effects": {
				"0.0": {
					"effect": "pokemon.gourgeist.cry"
				}
			}
		}
	}
}