{
  "portraitScale": 2.55,
  "portraitTranslation": [-0.1, 0.95, 0.0],
  "profileScale": 0.8,
  "profileTranslation": [0.0, 0.6, 0.0],
  "rootBone": "gourgeist",
  "animations": {
    "cry": "q.bedrock_stateful('gourgeist', 'cry')"
  },
  "poses": {
    "standing": {
      "poseTypes": ["STAND", "NONE", "PORTRAIT", "PROFILE"],
      "animations": ["q.look('head')", "q.bedrock('gourgeist', 'ground_idle')"],
      "quirks": ["q.bedrock_quirk('gourgeist', 'blink')"]
    },
    "walking": {
      "poseTypes": ["WALK"],
      "animations": ["q.bedrock('gourgeist', 'ground_walk')"],
      "quirks": ["q.bedrock_quirk('gourgeist', 'blink')"]
    },
    "hovering": {
      "poseTypes": ["HOVER"],
      "animations": ["q.bedrock('gourgeist', 'air_idle')"],
      "quirks": ["q.bedrock_quirk('gourgeist', 'blink')"]
    },
    "fly": {
      "poseTypes": ["FLY"],
      "animations": ["q.bedrock('gourgeist', 'air_fly')"],
      "quirks": ["q.bedrock_quirk('gourgeist', 'blink')"]
    },
    "sleep": {
      "poseTypes": ["SLEEP"],
      "animations": ["q.bedrock('gourgeist', 'sleep')"],
      "quirks": ["q.bedrock_quirk('gourgeist', 'blink')"]
    }
  }
}