{
	"variants": {
		"cobblemon:textures/pokemon/dracodacentro/dracodacentro_shiny.png" : "normal_sprite:shiny/dracodacentro_shiny.png" ,
		"cobblemon:textures/pokemon/dracodacentro/dracodacentro.png" : "normal_sprite:regular/dracodacentro.png" ,
		"cobblemon:textures/pokemon/raptorzolt/raptorzolt_shiny.png" : "normal_sprite:shiny/raptorzolt_shiny.png" ,
		"cobblemon:textures/pokemon/raptorzolt/raptorzolt.png" : "normal_sprite:regular/raptorzolt.png" ,
		"cobblemon:textures/pokemon/arctoplesio/arctoplesio_shiny.png" : "normal_sprite:shiny/arctoplesio_shiny.png" ,
		"cobblemon:textures/pokemon/arctoplesio/arctoplesio.png" : "normal_sprite:regular/arctoplesio.png" ,
		"cobblemon:textures/pokemon/dunkleovish/dunkleovish_shiny.png" : "normal_sprite:shiny/dunkleovish_shiny.png" ,
		"cobblemon:textures/pokemon/dunkleovish/dunkleovish.png" : "normal_sprite:regular/dunkleovish.png"
	},

	"modelConfigs" : [
		{
			"baseScale" : 1.0,
			"rotationY" : 0,
			"rotationX" : 0,
			"rotationZ" : 0,
			"offsetX" : 0,
			"offsetY" : 0
		}
	]
}