{
    "head": "head",
	"portraitScale": 1.7,
    "portraitTranslation": [ -0.2, 0.05, 0 ],
    "profileScale": 0.9,
    "profileTranslation": [ 0, 0.45, 0 ],
    "animations": {
      "cry": "q.bedrock_stateful('rotom_frost', 'cry')"
    },
    "poses": {
	  "battle-standing": {
      "poseTypes": ["STAND", "WALK"],
      "isBattle": true,
      "animations": [
        "q.bedrock('rotom', 'battle_idle')"
      ],
      "quirks": [
        "q.bedrock_quirk('rotom', 'blink')"
      ]
    },
      "standing": {
        "poseName": "standing",
        "transformTicks": 10,
        "poseTypes": [
          "STAND",
          "NONE",
          "PORTRAIT",
          "PROFILE"
        ],
        "animations": [
          "bedrock(rotom, ground_idle)"
        ]
		,
        "quirks": [
          {
            "name": "blink",
            "animations": ["bedrock(rotom, blink)"]
          }
		]
      },
      "walking": {
        "poseName": "walking",
        "transformTicks": 10,
        "poseTypes": [ "WALK" ],
        "animations": [ "bedrock(rotom, ground_walk)" ]
		},
   "hovering": {
     "poseName": "hovering",
     "transformTicks": 10,
     "poseTypes": [
       "HOVER"
     ],
     "animations": [
	   "look",
       "bedrock(rotom, ground_idle)"
     ],
     "quirks": [
       {
         "name": "blink",
         "animations": [
           "bedrock(rotom, blink)"
         ]
       }
     ]
   },
   "flying": {
     "poseName": "flying",
     "transformTicks": 10,
     "poseTypes": [
       "FLY"
     ],
     "animations": [
	   "look",
       "bedrock(rotom, ground_walk)"
     ],
     "quirks": [
       {
         "name": "blink",
         "animations": [
           "bedrock(rotom, blink)"
         ]
       }
     ]
   }
  }
}