{
	"format_version": "1.12.0",
	"minecraft:geometry": [
		{
			"description": {
				"identifier": "geometry.dracozolt",
				"texture_width": 256,
				"texture_height": 128,
				"visible_bounds_width": 12,
				"visible_bounds_height": 5,
				"visible_bounds_offset": [0, 1.5, 0]
			},
			"bones": [
				{
					"name": "dracodacentro",
					"pivot": [0, 0, 0]
				},
				{
					"name": "body",
					"parent": "dracodacentro",
					"pivot": [0, 21, 6]
				},
				{
					"name": "torso",
					"parent": "body",
					"pivot": [0, 20.5, 5.25],
					"cubes": [
						{"origin": [-11, 8.5, -1], "size": [22, 24, 13], "inflate": 0.01, "uv": [0, 91]}
					]
				},
				{
					"name": "tail_scale_left",
					"parent": "torso",
					"pivot": [8, 32.5, -1],
					"rotation": [-10, 0, 0],
					"cubes": [
						{"origin": [8, 32.5, -1], "size": [0, 13, 9], "uv": [0, 69]}
					]
				},
				{
					"name": "tail_scale_right",
					"parent": "torso",
					"pivot": [-8, 32.5, -1],
					"rotation": [-10, 0, 0],
					"cubes": [
						{"origin": [-8, 32.5, -1], "size": [0, 13, 9], "uv": [0, 56], "mirror": true}
					]
				},
				{
					"name": "tail",
					"parent": "torso",
					"pivot": [0, 20.5, 9],
					"cubes": [
						{"origin": [-10, 20.5, 9], "size": [20, 12, 16], "uv": [70, 100]},
						{"origin": [-16.25, 9.5, 8.75], "size": [14, 14, 14], "pivot": [0, 15, 25], "rotation": [0, -45, 0], "uv": [126, 80]}
					]
				},
				{
					"name": "tail_scale_left2",
					"parent": "tail",
					"pivot": [7, 32.5, 15.5],
					"rotation": [-10, 0, 0],
					"cubes": [
						{"origin": [7, 32.5, 15.5], "size": [0, 12, 9], "uv": [18, 70]}
					]
				},
				{
					"name": "tail_scale_right2",
					"parent": "tail",
					"pivot": [-7, 32.5, 15.5],
					"rotation": [-10, 0, 0],
					"cubes": [
						{"origin": [-7, 32.5, 15.5], "size": [0, 12, 9], "uv": [18, 58], "mirror": true}
					]
				},
				{
					"name": "tail2",
					"parent": "tail",
					"pivot": [0, 26.5, 22],
					"cubes": [
						{"origin": [-8.5, 21, 22], "size": [17, 11, 15], "uv": [62, 74]},
						{"origin": [0, 12, 20.3], "size": [0, 9, 12], "inflate": 0.01, "uv": [189, 93]}
					]
				},
				{
					"name": "tail_scale_left3",
					"parent": "tail2",
					"pivot": [6.5, 31.5, 32],
					"rotation": [-10, 0, 0],
					"cubes": [
						{"origin": [6.5, 30.5, 32], "size": [0, 13, 9], "uv": [36, 69]}
					]
				},
				{
					"name": "tail_scale_right3",
					"parent": "tail2",
					"pivot": [-6.5, 31.5, 32],
					"rotation": [-10, 0, 0],
					"cubes": [
						{"origin": [-6.5, 30.5, 32], "size": [0, 13, 9], "uv": [36, 56], "mirror": true}
					]
				},
				{
					"name": "tail3",
					"parent": "tail2",
					"pivot": [0, 26.5, 34],
					"cubes": [
						{"origin": [-7, 21.5, 35], "size": [14, 10, 13], "uv": [200, 105]}
					]
				},
				{
					"name": "tail4",
					"parent": "tail3",
					"pivot": [0, 26.5, 46],
					"cubes": [
						{"origin": [-5.5, 22, 46], "size": [11, 9, 12], "uv": [182, 84]}
					]
				},
				{
					"name": "tail5",
					"parent": "tail4",
					"pivot": [0, 26.5, 56],
					"cubes": [
						{"origin": [-4, 22.5, 56], "size": [8, 8, 11], "uv": [216, 77]}
					]
				},
				{
					"name": "tail6",
					"parent": "tail5",
					"pivot": [0, 26.5, 65],
					"cubes": [
						{"origin": [-3, 23.5, 65], "size": [6, 6, 10], "uv": [192, 68]}
					]
				},
				{
					"name": "tail7",
					"parent": "tail6",
					"pivot": [0, 26.5, 73.5],
					"cubes": [
						{"origin": [-2, 24.5, 73.5], "size": [4, 4, 8], "uv": [168, 82]}
					]
				},
				{
					"name": "chest",
					"parent": "body",
					"pivot": [0, 22.25, -8],
					"cubes": [
						{"origin": [7, 31.5, -13], "size": [0, 13, 9], "pivot": [7, 38, -8.5], "rotation": [-5, 0, 0], "uv": [0, 69]},
						{"origin": [-6, 27.5, -26], "size": [0, 13, 9], "pivot": [-6, 34, -21.5], "rotation": [-5, 0, 0], "uv": [0, 69]},
						{"origin": [-7, 31.5, -13], "size": [0, 13, 9], "pivot": [-7, 38, -8.5], "rotation": [-5, 0, 0], "uv": [0, 69]},
						{"origin": [6, 27.5, -26], "size": [0, 13, 9], "pivot": [6, 34, -21.5], "rotation": [-5, 0, 0], "uv": [0, 69]},
						{"origin": [-10.5, 8.75, -27], "size": [21, 23, 26], "uv": [0, 0]}
					]
				},
				{
					"name": "neck1",
					"parent": "chest",
					"pivot": [0, 21.75, -24],
					"rotation": [95, 0, 0],
					"cubes": [
						{"origin": [-5, 22.75, -28.5], "size": [10, 12, 10], "uv": [82, 0]}
					]
				},
				{
					"name": "neck2",
					"parent": "neck1",
					"pivot": [0, 31.75, -23.5],
					"rotation": [-7.5, 0, 0],
					"cubes": [
						{"origin": [-3.5, 33.75, -28], "size": [7, 10, 9], "uv": [95, 22]}
					]
				},
				{
					"name": "head",
					"parent": "neck2",
					"pivot": [-0.5, 43.75, -26.5],
					"rotation": [-82.5, 0, 0],
					"cubes": [
						{"origin": [-4.5, 44.75, -42], "size": [9, 7, 20], "uv": [77, 43]},
						{"origin": [0, 47.5, -40], "size": [0, 13, 9], "pivot": [0, 54, -35.5], "rotation": [-5, 0, 0], "uv": [0, 69]},
						{"origin": [-4.5, 41.75, -31], "size": [9, 3, 9], "uv": [116, 50]}
					]
				},
				{
					"name": "jaw",
					"parent": "head",
					"pivot": [0, 43.25, -36],
					"cubes": [
						{"origin": [-3.5, 41.75, -41], "size": [7, 3, 10], "uv": [126, 62]}
					]
				},
				{
					"name": "eyes",
					"parent": "head",
					"pivot": [-1, 48.475, -27.2]
				},
				{
					"name": "eye_right",
					"parent": "eyes",
					"pivot": [-4.5, 48.91526, -27.00428],
					"rotation": [7.5, 0, 0],
					"cubes": [
						{"origin": [-4.5, 47.91526, -31.25428], "size": [0, 3, 8], "inflate": 0.01, "uv": [57, 54], "mirror": true}
					]
				},
				{
					"name": "pupil_right",
					"parent": "eye_right",
					"pivot": [-4.5, 48.66526, -29.50428],
					"cubes": [
						{"origin": [-4.5, 49.66526, -30.00428], "size": [0, 0, 1], "inflate": 0.02, "uv": [77, 43], "mirror": true}
					]
				},
				{
					"name": "eyelid_right",
					"parent": "eye_right",
					"pivot": [-4.4, 48.38691, -27.18688],
					"cubes": [
						{"origin": [-4.4, 47.88691, -31.28688], "size": [1, 2, 4], "inflate": 0.03, "uv": [60, 56], "mirror": true}
					]
				},
				{
					"name": "eye_left",
					"parent": "eyes",
					"pivot": [4.5, 48.91526, -27.00428],
					"rotation": [7.5, 0, 0],
					"cubes": [
						{"origin": [4.5, 47.91526, -31.25428], "size": [0, 3, 8], "inflate": 0.01, "uv": [57, 54]}
					]
				},
				{
					"name": "pupil_left",
					"parent": "eye_left",
					"pivot": [4.5, 48.66526, -29.50428],
					"cubes": [
						{"origin": [4.5, 49.66526, -30.00428], "size": [0, 0, 1], "inflate": 0.02, "uv": [77, 43]}
					]
				},
				{
					"name": "eyelid_left",
					"parent": "eye_left",
					"pivot": [4.4, 48.38691, -27.18688],
					"cubes": [
						{"origin": [3.4, 47.88691, -31.28688], "size": [1, 2, 4], "inflate": 0.03, "uv": [60, 56]}
					]
				},
				{
					"name": "legs",
					"parent": "body",
					"pivot": [0, 23, 8]
				},
				{
					"name": "leg_front_right",
					"parent": "legs",
					"pivot": [-11, 19.3, -19.5],
					"cubes": [
						{"origin": [-14, 23.5, -22], "size": [0, 13, 9], "pivot": [-14, 30, -17.5], "rotation": [-5, 0, 0], "uv": [0, 69]},
						{"origin": [-18, 7.8, -26], "size": [8, 17, 13], "inflate": 0.01, "uv": [214, 30], "mirror": true}
					]
				},
				{
					"name": "leg_front_right2",
					"parent": "leg_front_right",
					"pivot": [-14, 7.8, -26],
					"cubes": [
						{"origin": [-17.5, -6.2, -26], "size": [7, 14, 9], "inflate": 0.01, "uv": [182, 25], "mirror": true}
					]
				},
				{
					"name": "foot_front_right2",
					"parent": "leg_front_right2",
					"pivot": [-14, -6.2, -23],
					"cubes": [
						{"origin": [-18.5, -10.2, -29], "size": [9, 4, 12], "inflate": 0.02, "uv": [214, 60], "mirror": true}
					]
				},
				{
					"name": "toes_front_right",
					"parent": "foot_front_right2",
					"pivot": [-14, -7.2, -29]
				},
				{
					"name": "toe_front_inner_right",
					"parent": "toes_front_right",
					"pivot": [-11, -7.2, -29],
					"rotation": [0, -15, 0],
					"cubes": [
						{"origin": [-12.5, -10.2, -32], "size": [3, 3, 4], "inflate": 0.01, "uv": [166, 29], "mirror": true}
					]
				},
				{
					"name": "toe_front_inner_right2",
					"parent": "toe_front_inner_right",
					"pivot": [-11, -7.2, -32],
					"cubes": [
						{"origin": [-11, -10.2, -36], "size": [0, 3, 4], "uv": [155, 32], "mirror": true}
					]
				},
				{
					"name": "toe_front_center_right",
					"parent": "toes_front_right",
					"pivot": [-14, -7.2, -29.5],
					"cubes": [
						{"origin": [-15.5, -10.2, -32.5], "size": [3, 3, 4], "inflate": 0.01, "uv": [153, 14], "mirror": true}
					]
				},
				{
					"name": "toe_front_center_right2",
					"parent": "toe_front_center_right",
					"pivot": [-14, -7.2, -32.5],
					"cubes": [
						{"origin": [-14, -10.2, -36.5], "size": [0, 3, 4], "uv": [155, 26], "mirror": true}
					]
				},
				{
					"name": "toe_front_outer_right",
					"parent": "toes_front_right",
					"pivot": [-17, -7.2, -29],
					"rotation": [0, 15, 0],
					"cubes": [
						{"origin": [-18.5, -10.2, -32], "size": [3, 3, 4], "inflate": 0.01, "uv": [165, 11], "mirror": true}
					]
				},
				{
					"name": "toe_front_outer_right2",
					"parent": "toe_front_outer_right",
					"pivot": [-17, -7.2, -32],
					"cubes": [
						{"origin": [-17, -10.2, -36], "size": [0, 3, 4], "uv": [155, 20], "mirror": true}
					]
				},
				{
					"name": "leg_front_left",
					"parent": "legs",
					"pivot": [11, 19.3, -18.5],
					"cubes": [
						{"origin": [14, 23.5, -22], "size": [0, 13, 9], "pivot": [14, 30, -17.5], "rotation": [-5, 0, 0], "uv": [0, 69]},
						{"origin": [10, 7.8, -25], "size": [8, 17, 13], "inflate": 0.01, "uv": [213, 0]}
					]
				},
				{
					"name": "leg_front_left2",
					"parent": "leg_front_left",
					"pivot": [14, 7.8, -25],
					"cubes": [
						{"origin": [10.5, -6.2, -25], "size": [7, 14, 9], "inflate": 0.01, "uv": [181, 1]}
					]
				},
				{
					"name": "foot_front_left",
					"parent": "leg_front_left2",
					"pivot": [14, -6.2, -22],
					"cubes": [
						{"origin": [9.5, -10.2, -28], "size": [9, 4, 12], "inflate": 0.02, "uv": [184, 48]}
					]
				},
				{
					"name": "toes_front_left",
					"parent": "foot_front_left",
					"pivot": [14, -7.2, -28]
				},
				{
					"name": "toe_front_inner_left",
					"parent": "toes_front_left",
					"pivot": [11, -7.2, -28],
					"rotation": [0, 15, 0],
					"cubes": [
						{"origin": [9.5, -10.2, -31], "size": [3, 3, 4], "inflate": 0.01, "uv": [166, 20]}
					]
				},
				{
					"name": "toe_front_inner_left2",
					"parent": "toe_front_inner_left",
					"pivot": [11, -7.2, -31],
					"cubes": [
						{"origin": [11, -10.2, -35], "size": [0, 3, 4], "uv": [155, 29]}
					]
				},
				{
					"name": "toe_front_center_left",
					"parent": "toes_front_left",
					"pivot": [14, -7.2, -28.5],
					"cubes": [
						{"origin": [12.5, -10.2, -31.5], "size": [3, 3, 4], "inflate": 0.01, "uv": [153, 5]}
					]
				},
				{
					"name": "toe_front_center_left2",
					"parent": "toe_front_center_left",
					"pivot": [14, -7.2, -31.5],
					"cubes": [
						{"origin": [14, -10.2, -35.5], "size": [0, 3, 4], "uv": [155, 23]}
					]
				},
				{
					"name": "toe_front_outer_left",
					"parent": "toes_front_left",
					"pivot": [17, -7.2, -28],
					"rotation": [0, -15, 0],
					"cubes": [
						{"origin": [15.5, -10.2, -31], "size": [3, 3, 4], "inflate": 0.01, "uv": [165, 2]}
					]
				},
				{
					"name": "toe_front_outer_left2",
					"parent": "toe_front_outer_left",
					"pivot": [17, -7.2, -31],
					"cubes": [
						{"origin": [17, -10.2, -35], "size": [0, 3, 4], "uv": [155, 17]}
					]
				},
				{
					"name": "leg_back_left",
					"parent": "legs",
					"pivot": [11, 19.3, 6.5],
					"cubes": [
						{"origin": [10, 7.8, 0], "size": [8, 17, 13], "inflate": 0.01, "uv": [213, 0]}
					]
				},
				{
					"name": "leg_back_left2",
					"parent": "leg_back_left",
					"pivot": [14, 7.8, 0],
					"cubes": [
						{"origin": [10.5, -6.2, 0], "size": [7, 14, 9], "inflate": 0.01, "uv": [181, 1]}
					]
				},
				{
					"name": "foot_back_left",
					"parent": "leg_back_left2",
					"pivot": [14, -6.2, 3],
					"cubes": [
						{"origin": [9.5, -10.2, -3], "size": [9, 4, 12], "inflate": 0.02, "uv": [184, 48]}
					]
				},
				{
					"name": "toes_back_left",
					"parent": "foot_back_left",
					"pivot": [14, -7.2, -3]
				},
				{
					"name": "toe_back_inner_left",
					"parent": "toes_back_left",
					"pivot": [11, -7.2, -3],
					"rotation": [0, 15, 0],
					"cubes": [
						{"origin": [9.5, -10.2, -6], "size": [3, 3, 4], "inflate": 0.01, "uv": [166, 20]}
					]
				},
				{
					"name": "toe_back_inner_left2",
					"parent": "toe_back_inner_left",
					"pivot": [11, -7.2, -6],
					"cubes": [
						{"origin": [11, -10.2, -10], "size": [0, 3, 4], "uv": [155, 29]}
					]
				},
				{
					"name": "toe_back_center_left",
					"parent": "toes_back_left",
					"pivot": [14, -7.2, -3.5],
					"cubes": [
						{"origin": [12.5, -10.2, -6.5], "size": [3, 3, 4], "inflate": 0.01, "uv": [153, 5]}
					]
				},
				{
					"name": "toe_back_center_left2",
					"parent": "toe_back_center_left",
					"pivot": [14, -7.2, -6.5],
					"cubes": [
						{"origin": [14, -10.2, -10.5], "size": [0, 3, 4], "uv": [155, 23]}
					]
				},
				{
					"name": "toe_back_outer_left",
					"parent": "toes_back_left",
					"pivot": [17, -7.2, -3],
					"rotation": [0, -15, 0],
					"cubes": [
						{"origin": [15.5, -10.2, -6], "size": [3, 3, 4], "inflate": 0.01, "uv": [165, 2]}
					]
				},
				{
					"name": "toe_back_outer_left2",
					"parent": "toe_back_outer_left",
					"pivot": [17, -7.2, -6],
					"cubes": [
						{"origin": [17, -10.2, -10], "size": [0, 3, 4], "uv": [155, 17]}
					]
				},
				{
					"name": "leg_back_right",
					"parent": "legs",
					"pivot": [-11, 19.3, 6.5],
					"cubes": [
						{"origin": [-18, 7.8, 0], "size": [8, 17, 13], "inflate": 0.01, "uv": [214, 30], "mirror": true}
					]
				},
				{
					"name": "leg_back_right2",
					"parent": "leg_back_right",
					"pivot": [-14, 7.8, 0],
					"cubes": [
						{"origin": [-17.5, -6.2, 0], "size": [7, 14, 9], "inflate": 0.01, "uv": [182, 25], "mirror": true}
					]
				},
				{
					"name": "foot_back_right",
					"parent": "leg_back_right2",
					"pivot": [-14, -6.2, 3],
					"cubes": [
						{"origin": [-18.5, -10.2, -3], "size": [9, 4, 12], "inflate": 0.02, "uv": [214, 60], "mirror": true}
					]
				},
				{
					"name": "toes_back_right",
					"parent": "foot_back_right",
					"pivot": [-14, -7.2, -3]
				},
				{
					"name": "toe_back_inner_right",
					"parent": "toes_back_right",
					"pivot": [-11, -7.2, -3],
					"rotation": [0, -15, 0],
					"cubes": [
						{"origin": [-12.5, -10.2, -6], "size": [3, 3, 4], "inflate": 0.01, "uv": [166, 29], "mirror": true}
					]
				},
				{
					"name": "toe_back_inner_right2",
					"parent": "toe_back_inner_right",
					"pivot": [-11, -7.2, -6],
					"cubes": [
						{"origin": [-11, -10.2, -10], "size": [0, 3, 4], "uv": [155, 32], "mirror": true}
					]
				},
				{
					"name": "toe_back_center_right",
					"parent": "toes_back_right",
					"pivot": [-14, -7.2, -3.5],
					"cubes": [
						{"origin": [-15.5, -10.2, -6.5], "size": [3, 3, 4], "inflate": 0.01, "uv": [153, 14], "mirror": true}
					]
				},
				{
					"name": "toe_back_center_right2",
					"parent": "toe_back_center_right",
					"pivot": [-14, -7.2, -6.5],
					"cubes": [
						{"origin": [-14, -10.2, -10.5], "size": [0, 3, 4], "uv": [155, 26], "mirror": true}
					]
				},
				{
					"name": "toe_back_outer_right",
					"parent": "toes_back_right",
					"pivot": [-17, -7.2, -3],
					"rotation": [0, 15, 0],
					"cubes": [
						{"origin": [-18.5, -10.2, -6], "size": [3, 3, 4], "inflate": 0.01, "uv": [165, 11], "mirror": true}
					]
				},
				{
					"name": "toe_back_outer_right2",
					"parent": "toe_back_outer_right",
					"pivot": [-17, -7.2, -6],
					"cubes": [
						{"origin": [-17, -10.2, -10], "size": [0, 3, 4], "uv": [155, 20], "mirror": true}
					]
				}
			]
		}
	]
}