{
  "enabled": true,
  "neededInstalledMods": [],
  "neededUninstalledMods": [],
  "spawns": [
    {
      "id": "mew-aoi-1",
      "pokemon": "mew aoi=true min_perfect_ivs=3",
      "presets": [
        "natural",
        "wild"
      ],
      "type": "pokemon",
      "spawnablePositionType": "grounded",
      "bucket": "ultra-rare",
      "level": "60",
      "weight": 1.0,
      "weightMultipliers": [
        {
            "multiplier": 4,
            "condition": {
              "timeRange": "noon"
          }
        }
      ],
      "condition": {
        "canSeeSky": true,
        "biomes": [ 
          "#cobblemon:is_floral", 
          "#cobblemon:is_jungle" 
        ]
      }
    }
  ]
}