{
  "enabled": true,
  "neededInstalledMods": [],
  "neededUninstalledMods": [],
  "spawns": [
    {
      "id": "mew-clone-1",
      "pokemon": "mew clone=true min_perfect_ivs=3",
      "presets": [
        "natural",
        "wild"
      ],
      "type": "pokemon",
      "spawnablePositionType": "grounded",
      "bucket": "ultra-rare",
      "level": "70",
      "weight": 1.5,
      "condition": {
        "canSeeSky": true,
        "timeRange": "night",
        "biomes": [
          "#cobblemon:is_forest",
          "#cobblemon:is_spooky",
          "#cobblemon:is_deep_dark",
          "#cobblemon:is_badlands",
          "#cobblemon:is_swamp",
          "#cobblemon:is_island",
          "#cobblemon:is_jungle"
        ]
      }
    }
  ]
}