{
  "enabled": true,
  "neededInstalledMods": [],
  "neededUninstalledMods": [],
  "spawns": [
    {
      "id": "mew-rocket-1",
      "pokemon": "mew rocket=true min_perfect_ivs=4",
      "presets": [
        "natural",
        "wild"
      ],
      "type": "pokemon",
      "spawnablePositionType": "grounded",
      "bucket": "ultra-rare",
      "level": "70",
      "weight": 0.5,
      "condition": {
        "canSeeSky": true,
        "timeRange": "night",
        "biomes": [
          "#cobblemon:is_forest",
          "#cobblemon:is_spooky"
        ]
      }
    }
  ]
}