{
  "species": "cobblemon:gourgeist",
  "order": 2,
  "variations": [
    {
      "aspects": ["pumpkin-size-large"],
      "poser": "cobblemon:gourgeist_large",
      "model": "cobblemon:gourgeist.geo",
      "texture": "cobblemon:textures/pokemon/0711_gourgeist/gourgeist.png",
      "layers": [
        {
          "name": "color",
          "texture": "cobblemon:textures/pokemon/0711_gourgeist/gourgeist_emissive.png",
          "emissive": true
        }
      ]
    },
    {
      "aspects": ["pumpkin-size-large","shiny"],
      "texture": "cobblemon:textures/pokemon/0711_gourgeist/gourgeist_shiny.png",
      "layers": [
        {
          "name": "color",
          "texture": "cobblemon:textures/pokemon/0711_gourgeist/gourgeist_shiny_emissive.png",
          "emissive": true
        }
      ]
    },
        {
      "aspects": ["pumpkin-size-large","pumpkin-color-red"],
      "texture": "cobblemon:textures/pokemon/0711_gourgeist/gourgeist_red.png",
      "layers": [
        {
          "name": "color",
          "texture": "cobblemon:textures/pokemon/0711_gourgeist/gourgeist_emissive.png",
          "emissive": true
        }
      ]
    },
    {
      "aspects": ["pumpkin-size-large","pumpkin-color-green"],
      "texture": "cobblemon:textures/pokemon/0711_gourgeist/gourgeist_green.png",
      "layers": [
        {
          "name": "color",
          "texture": "cobblemon:textures/pokemon/0711_gourgeist/gourgeist_emissive.png",
          "emissive": true
        }
      ]
    },
    {
      "aspects": ["pumpkin-size-large","pumpkin-color-red", "shiny"],
      "texture": "cobblemon:textures/pokemon/0711_gourgeist/gourgeist_white.png",
      "layers": [
        {
          "name": "color",
          "texture": "cobblemon:textures/pokemon/0711_gourgeist/gourgeist_shiny_emissive.png",
          "emissive": true
        }
      ]
    },
    {
      "aspects": ["pumpkin-size-large","pumpkin-color-green", "shiny"],
      "texture": "cobblemon:textures/pokemon/0711_gourgeist/gourgeist_white.png",
      "layers": [
        {
          "name": "color",
          "texture": "cobblemon:textures/pokemon/0711_gourgeist/gourgeist_shiny_emissive.png",
          "emissive": true
        }
      ]
    }
  ]
}
