{
    "species": "cobblemon:roserade",
    "order": 4,
    "variations": [
      {
        "aspects": ["roselia-rose-red-red", "female"],
        "layers": [
            {
              "name": "rose",
              "texture": "cobblemon:textures/pokemon/0407_roserade/roserade_rose_normal/roserade_rose_red_red.png"
            }
          ],
        "texture": "cobblemon:textures/pokemon/0407_roserade/roserade_female_red_red.png"
      },
      {
        "aspects": ["roselia-rose-red-blue", "female"],
        "layers": [
            {
              "name": "rose",
              "texture": "cobblemon:textures/pokemon/0407_roserade/roserade_rose_normal/roserade_rose_red_blue.png"
            }
          ],
        "texture": "cobblemon:textures/pokemon/0407_roserade/roserade_female_red_blue.png"
      },
      {
        "aspects": ["roselia-rose-red-white", "female"],
        "layers": [
            {
              "name": "rose",
              "texture": "cobblemon:textures/pokemon/0407_roserade/roserade_rose_normal/roserade_rose_red_white.png"
            }
          ],
        "texture": "cobblemon:textures/pokemon/0407_roserade/roserade_female_red_white.png"
      },
      {
        "aspects": ["roselia-rose-red-yellow", "female"],
        "layers": [
            {
              "name": "rose",
              "texture": "cobblemon:textures/pokemon/0407_roserade/roserade_rose_normal/roserade_rose_red_yellow.png"
            }
          ],
        "texture": "cobblemon:textures/pokemon/0407_roserade/roserade_female_red_yellow.png"
      },
      {
        "aspects": ["roselia-rose-blue-red", "female"],
        "layers": [
            {
              "name": "rose",
              "texture": "cobblemon:textures/pokemon/0407_roserade/roserade_rose_normal/roserade_rose_blue_red.png"
            }
          ],
        "texture": "cobblemon:textures/pokemon/0407_roserade/roserade_female_blue_red.png"
      },
      {
        "aspects": ["roselia-rose-blue-blue", "female"],
        "layers": [
            {
              "name": "rose",
              "texture": "cobblemon:textures/pokemon/0407_roserade/roserade_rose_normal/roserade_rose_blue_blue.png"
            }
          ],
        "texture": "cobblemon:textures/pokemon/0407_roserade/roserade_female_blue_blue.png"
      },
      {
        "aspects": ["roselia-rose-blue-white", "female"],
        "layers": [
            {
              "name": "rose",
              "texture": "cobblemon:textures/pokemon/0407_roserade/roserade_rose_normal/roserade_rose_blue_white.png"
            }
          ],
        "texture": "cobblemon:textures/pokemon/0407_roserade/roserade_female_blue_white.png"
      },
      {
        "aspects": ["roselia-rose-blue-yellow", "female"],
        "layers": [
            {
              "name": "rose",
              "texture": "cobblemon:textures/pokemon/0407_roserade/roserade_rose_normal/roserade_rose_blue_yellow.png"
            }
          ],
        "texture": "cobblemon:textures/pokemon/0407_roserade/roserade_female_blue_yellow.png"
      },
      {
        "aspects": ["roselia-rose-white-red", "female"],
        "layers": [
            {
              "name": "rose",
              "texture": "cobblemon:textures/pokemon/0407_roserade/roserade_rose_normal/roserade_rose_white_red.png"
            }
          ],
        "texture": "cobblemon:textures/pokemon/0407_roserade/roserade_female_white_red.png"
      },
      {
        "aspects": ["roselia-rose-white-blue", "female"],
        "layers": [
            {
              "name": "rose",
              "texture": "cobblemon:textures/pokemon/0407_roserade/roserade_rose_normal/roserade_rose_white_blue.png"
            }
          ],
        "texture": "cobblemon:textures/pokemon/0407_roserade/roserade_female_white_blue.png"
      },
      {
        "aspects": ["roselia-rose-white-white", "female"],
        "layers": [
            {
              "name": "rose",
              "texture": "cobblemon:textures/pokemon/0407_roserade/roserade_rose_normal/roserade_rose_white_white.png"
            }
          ],
        "texture": "cobblemon:textures/pokemon/0407_roserade/roserade_female_white_white.png"
      },
      {
        "aspects": ["roselia-rose-white-yellow", "female"],
        "layers": [
            {
              "name": "rose",
              "texture": "cobblemon:textures/pokemon/0407_roserade/roserade_rose_normal/roserade_rose_white_yellow.png"
            }
          ],
        "texture": "cobblemon:textures/pokemon/0407_roserade/roserade_female_white_yellow.png"
      },
      {
        "aspects": ["roselia-rose-yellow-red", "female"],
        "layers": [
            {
              "name": "rose",
              "texture": "cobblemon:textures/pokemon/0407_roserade/roserade_rose_normal/roserade_rose_yellow_red.png"
            }
          ],
        "texture": "cobblemon:textures/pokemon/0407_roserade/roserade_female_yellow_red.png"
      },
      {
        "aspects": ["roselia-rose-yellow-blue", "female"],
        "layers": [
            {
              "name": "rose",
              "texture": "cobblemon:textures/pokemon/0407_roserade/roserade_rose_normal/roserade_rose_yellow_blue.png"
            }
          ],
        "texture": "cobblemon:textures/pokemon/0407_roserade/roserade_female_yellow_blue.png"
      },
      {
        "aspects": ["roselia-rose-yellow-white", "female"],
        "layers": [
            {
              "name": "rose",
              "texture": "cobblemon:textures/pokemon/0407_roserade/roserade_rose_normal/roserade_rose_yellow_white.png"
            }
          ],
        "texture": "cobblemon:textures/pokemon/0407_roserade/roserade_female_yellow_white.png"
      },
      {
        "aspects": ["roselia-rose-yellow-yellow", "female"],
        "layers": [
            {
              "name": "rose",
              "texture": "cobblemon:textures/pokemon/0407_roserade/roserade_rose_normal/roserade_rose_yellow_yellow.png"
            }
          ],
        "texture": "cobblemon:textures/pokemon/0407_roserade/roserade_female_yellow_yellow.png"
      },
      {
        "aspects": ["roselia-rose-red-red", "shiny", "female"],
        "layers": [
            {
              "name": "rose",
              "texture": "cobblemon:textures/pokemon/0407_roserade/roserade_rose_shiny/roserade_rose_red_red_shiny.png"
            }
          ],
        "texture": "cobblemon:textures/pokemon/0407_roserade/roserade_female_red_red_shiny.png"
      },
      {
        "aspects": ["roselia-rose-red-blue", "shiny", "female"],
        "layers": [
            {
              "name": "rose",
              "texture": "cobblemon:textures/pokemon/0407_roserade/roserade_rose_shiny/roserade_rose_red_blue_shiny.png"
            }
          ],
        "texture": "cobblemon:textures/pokemon/0407_roserade/roserade_female_red_blue_shiny.png"
      },
      {
        "aspects": ["roselia-rose-red-white", "shiny", "female"],
        "layers": [
            {
              "name": "rose",
              "texture": "cobblemon:textures/pokemon/0407_roserade/roserade_rose_shiny/roserade_rose_red_white_shiny.png"
            }
          ],
        "texture": "cobblemon:textures/pokemon/0407_roserade/roserade_female_red_white_shiny.png"
      },
      {
        "aspects": ["roselia-rose-red-yellow", "shiny", "female"],
        "layers": [
            {
              "name": "rose",
              "texture": "cobblemon:textures/pokemon/0407_roserade/roserade_rose_shiny/roserade_rose_red_yellow_shiny.png"
            }
          ],
        "texture": "cobblemon:textures/pokemon/0407_roserade/roserade_female_red_yellow_shiny.png"
      },
      {
        "aspects": ["roselia-rose-blue-red", "shiny", "female"],
        "layers": [
            {
              "name": "rose",
              "texture": "cobblemon:textures/pokemon/0407_roserade/roserade_rose_shiny/roserade_rose_blue_red_shiny.png"
            }
          ],
        "texture": "cobblemon:textures/pokemon/0407_roserade/roserade_female_blue_red_shiny.png"
      },
      {
        "aspects": ["roselia-rose-blue-blue", "shiny", "female"],
        "layers": [
            {
              "name": "rose",
              "texture": "cobblemon:textures/pokemon/0407_roserade/roserade_rose_shiny/roserade_rose_blue_blue_shiny.png"
            }
          ],
        "texture": "cobblemon:textures/pokemon/0407_roserade/roserade_female_blue_blue_shiny.png"
      },
      {
        "aspects": ["roselia-rose-blue-white", "shiny", "female"],
        "layers": [
            {
              "name": "rose",
              "texture": "cobblemon:textures/pokemon/0407_roserade/roserade_rose_shiny/roserade_rose_blue_white_shiny.png"
            }
          ],
        "texture": "cobblemon:textures/pokemon/0407_roserade/roserade_female_blue_white_shiny.png"
      },
      {
        "aspects": ["roselia-rose-blue-yellow", "shiny", "female"],
        "layers": [
            {
              "name": "rose",
              "texture": "cobblemon:textures/pokemon/0407_roserade/roserade_rose_shiny/roserade_rose_blue_yellow_shiny.png"
            }
          ],
        "texture": "cobblemon:textures/pokemon/0407_roserade/roserade_female_blue_yellow_shiny.png"
      },
      {
        "aspects": ["roselia-rose-white-red", "shiny", "female"],
        "layers": [
            {
              "name": "rose",
              "texture": "cobblemon:textures/pokemon/0407_roserade/roserade_rose_shiny/roserade_rose_white_red_shiny.png"
            }
          ],
        "texture": "cobblemon:textures/pokemon/0407_roserade/roserade_female_white_red_shiny.png"
      },
      {
        "aspects": ["roselia-rose-white-blue", "shiny", "female"],
        "layers": [
            {
              "name": "rose",
              "texture": "cobblemon:textures/pokemon/0407_roserade/roserade_rose_shiny/roserade_rose_white_blue_shiny.png"
            }
          ],
        "texture": "cobblemon:textures/pokemon/0407_roserade/roserade_female_white_blue_shiny.png"
      },
      {
        "aspects": ["roselia-rose-white-white", "shiny", "female"],
        "layers": [
            {
              "name": "rose",
              "texture": "cobblemon:textures/pokemon/0407_roserade/roserade_rose_shiny/roserade_rose_white_white_shiny.png"
            }
          ],
        "texture": "cobblemon:textures/pokemon/0407_roserade/roserade_female_white_white_shiny.png"
      },
      {
        "aspects": ["roselia-rose-white-yellow", "shiny", "female"],
        "layers": [
            {
              "name": "rose",
              "texture": "cobblemon:textures/pokemon/0407_roserade/roserade_rose_shiny/roserade_rose_white_yellow_shiny.png"
            }
          ],
        "texture": "cobblemon:textures/pokemon/0407_roserade/roserade_female_white_yellow_shiny.png"
      },
      {
        "aspects": ["roselia-rose-yellow-red", "shiny", "female"],
        "layers": [
            {
              "name": "rose",
              "texture": "cobblemon:textures/pokemon/0407_roserade/roserade_rose_shiny/roserade_rose_yellow_red_shiny.png"
            }
          ],
        "texture": "cobblemon:textures/pokemon/0407_roserade/roserade_female_yellow_red_shiny.png"
      },
      {
        "aspects": ["roselia-rose-yellow-blue", "shiny", "female"],
        "layers": [
            {
              "name": "rose",
              "texture": "cobblemon:textures/pokemon/0407_roserade/roserade_rose_shiny/roserade_rose_yellow_blue_shiny.png"
            }
          ],
        "texture": "cobblemon:textures/pokemon/0407_roserade/roserade_female_yellow_blue_shiny.png"
      },
      {
        "aspects": ["roselia-rose-yellow-white", "shiny", "female"],
        "layers": [
            {
              "name": "rose",
              "texture": "cobblemon:textures/pokemon/0407_roserade/roserade_rose_shiny/roserade_rose_yellow_white_shiny.png"
            }
          ],
        "texture": "cobblemon:textures/pokemon/0407_roserade/roserade_female_yellow_white_shiny.png"
      },
      {
        "aspects": ["roselia-rose-yellow-yellow", "shiny", "female"],
        "layers": [
            {
              "name": "rose",
              "texture": "cobblemon:textures/pokemon/0407_roserade/roserade_rose_shiny/roserade_rose_yellow_yellow_shiny.png"
            }
          ],
        "texture": "cobblemon:textures/pokemon/0407_roserade/roserade_female_yellow_yellow_shiny.png"
      }
    ]
  }