{
    "species": "cobblemon:mew",
    "order": 3,
    "variations": [
      {
        "aspects": ["aoi"],
        "poser": "cobblemon:mew_aoi",
        "model": "cobblemon:mew_aoi.geo",
        "texture": "cobblemon:textures/pokemon/mew_aoi/mew_aoi.png"
      },
            {
        "aspects": ["aoi", "shiny"],
        "poser": "cobblemon:mew_aoi",
        "model": "cobblemon:mew_aoi.geo",
        "texture": "cobblemon:textures/pokemon/mew_aoi/mew_aoi_shiny.png",
        "layers": [
            {
                "name": "emissive",
                "emissive": true,
                "texture": "cobblemon:textures/pokemon/mew_aoi/mew_aoi_shiny_emissive.png",
                "translucent": true
            }
        ]
      }
    ]
  }