{
  "species": "cobblemon:magikarp",
  "order": 1,
  "variations": [
    {
      "aspects": ["female"],
      "model": "cobblemon:magikarp_female.geo",
      "texture": "cobblemon:textures/pokemon/0129_magikarp/magikarp_female.png"
    },
    {
      "aspects": ["magikarp-jump-apricot-stripes", "female"],
      "texture": "cobblemon:textures/pokemon/0129_magikarp/magikarp_jump/magikarp_apricot_stripes_female.png"
    },
    {
      "aspects": ["magikarp-jump-apricot-tiger", "female"],
      "texture": "cobblemon:textures/pokemon/0129_magikarp/magikarp_jump/magikarp_apricot_tiger_female.png"
    },
    {
      "aspects": ["magikarp-jump-apricot-zebra", "female"],
      "texture": "cobblemon:textures/pokemon/0129_magikarp/magikarp_jump/magikarp_apricot_zebra_female.png"
    },
    {
      "aspects": ["magikarp-jump-black-forehead", "female"],
      "texture": "cobblemon:textures/pokemon/0129_magikarp/magikarp_jump/magikarp_black_forehead_female.png"
    },
    {
      "aspects": ["magikarp-jump-black-mask", "female"],
      "texture": "cobblemon:textures/pokemon/0129_magikarp/magikarp_jump/magikarp_black_mask_female.png"
    },
    {
      "aspects": ["magikarp-jump-blue-raindrops", "female"],
      "texture": "cobblemon:textures/pokemon/0129_magikarp/magikarp_jump/magikarp_blue_raindrops_female.png"
    },
    {
      "aspects": ["magikarp-jump-blue-saucy", "female"],
      "texture": "cobblemon:textures/pokemon/0129_magikarp/magikarp_jump/magikarp_blue_saucy_female.png"
    },
    {
      "aspects": ["magikarp-jump-brown-stripes", "female"],
      "texture": "cobblemon:textures/pokemon/0129_magikarp/magikarp_jump/magikarp_brown_stripes_female.png"
    },
    {
      "aspects": ["magikarp-jump-brown-tiger", "female"],
      "texture": "cobblemon:textures/pokemon/0129_magikarp/magikarp_jump/magikarp_brown_tiger_female.png"
    },
    {
      "aspects": ["magikarp-jump-brown-zebra", "female"],
      "texture": "cobblemon:textures/pokemon/0129_magikarp/magikarp_jump/magikarp_brown_zebra_female.png"
    },
    {
      "aspects": ["magikarp-jump-calico-orange-gold", "female"],
      "texture": "cobblemon:textures/pokemon/0129_magikarp/magikarp_jump/magikarp_calico_orange_gold_female.png"
    },
    {
      "aspects": ["magikarp-jump-calico-orange-white", "female"],
      "texture": "cobblemon:textures/pokemon/0129_magikarp/magikarp_jump/magikarp_calico_orange_white_female.png"
    },
    {
      "aspects": ["magikarp-jump-calico-orange-white-black", "female"],
      "texture": "cobblemon:textures/pokemon/0129_magikarp/magikarp_jump/magikarp_calico_orange_white_black_female.png"
    },
    {
      "aspects": ["magikarp-jump-calico-white-orange", "female"],
      "texture": "cobblemon:textures/pokemon/0129_magikarp/magikarp_jump/magikarp_calico_white_orange_female.png"
    },
    {
      "aspects": ["magikarp-jump-gray-bubbles", "female"],
      "texture": "cobblemon:textures/pokemon/0129_magikarp/magikarp_jump/magikarp_gray_bubbles_female.png"
    },
    {
      "aspects": ["magikarp-jump-gray-diamonds", "female"],
      "texture": "cobblemon:textures/pokemon/0129_magikarp/magikarp_jump/magikarp_gray_diamonds_female.png"
    },
    {
      "aspects": ["magikarp-jump-gray-patches", "female"],
      "texture": "cobblemon:textures/pokemon/0129_magikarp/magikarp_jump/magikarp_gray_patches_female.png"
    },
    {
      "aspects": ["magikarp-jump-orange-dapples", "female"],
      "texture": "cobblemon:textures/pokemon/0129_magikarp/magikarp_jump/magikarp_orange_dapples_female.png"
    },
    {
      "aspects": ["magikarp-jump-orange-forehead", "female"],
      "texture": "cobblemon:textures/pokemon/0129_magikarp/magikarp_jump/magikarp_orange_forehead_female.png"
    },
    {
      "aspects": ["magikarp-jump-orange-mask", "female"],
      "texture": "cobblemon:textures/pokemon/0129_magikarp/magikarp_jump/magikarp_orange_mask_female.png"
    },
    {
      "aspects": ["magikarp-jump-orange-orca", "female"],
      "texture": "cobblemon:textures/pokemon/0129_magikarp/magikarp_jump/magikarp_orange_orca_female.png"
    },
    {
      "aspects": ["magikarp-jump-orange-two-tone", "female"],
      "texture": "cobblemon:textures/pokemon/0129_magikarp/magikarp_jump/magikarp_orange_two_tone_female.png"
    },
    {
      "aspects": ["magikarp-jump-pink-dapples", "female"],
      "texture": "cobblemon:textures/pokemon/0129_magikarp/magikarp_jump/magikarp_pink_dapples_female.png"
    },
    {
      "aspects": ["magikarp-jump-pink-orca", "female"],
      "texture": "cobblemon:textures/pokemon/0129_magikarp/magikarp_jump/magikarp_pink_orca_female.png"
    },
    {
      "aspects": ["magikarp-jump-pink-two-tone", "female"],
      "texture": "cobblemon:textures/pokemon/0129_magikarp/magikarp_jump/magikarp_pink_two_tone_female.png"
    },
    {
      "aspects": ["magikarp-jump-purple-bubbles", "female"],
      "texture": "cobblemon:textures/pokemon/0129_magikarp/magikarp_jump/magikarp_purple_bubbles_female.png"
    },
    {
      "aspects": ["magikarp-jump-purple-diamonds", "female"],
      "texture": "cobblemon:textures/pokemon/0129_magikarp/magikarp_jump/magikarp_purple_diamonds_female.png"
    },
    {
      "aspects": ["magikarp-jump-purple-patches", "female"],
      "texture": "cobblemon:textures/pokemon/0129_magikarp/magikarp_jump/magikarp_purple_patches_female.png"
    },
    {
      "aspects": ["magikarp-jump-skelly", "female"],
      "texture": "cobblemon:textures/pokemon/0129_magikarp/magikarp_jump/magikarp_skelly_female.png"
    },
    {
      "aspects": ["magikarp-jump-violet-raindrops", "female"],
      "texture": "cobblemon:textures/pokemon/0129_magikarp/magikarp_jump/magikarp_violet_raindrops_female.png"
    },
    {
      "aspects": ["magikarp-jump-violet-saucy", "female"],
      "texture": "cobblemon:textures/pokemon/0129_magikarp/magikarp_jump/magikarp_violet_saucy_female.png"
    },
    {
      "aspects": ["female", "shiny"],
      "texture": "cobblemon:textures/pokemon/0129_magikarp/magikarp_female_shiny.png"
    },
    {
      "aspects": ["magikarp-jump-apricot-stripes", "female", "shiny"],
      "texture": "cobblemon:textures/pokemon/0129_magikarp/magikarp_jump/magikarp_apricot_stripes_female_shiny.png"
    },
    {
      "aspects": ["magikarp-jump-apricot-tiger", "female", "shiny"],
      "texture": "cobblemon:textures/pokemon/0129_magikarp/magikarp_jump/magikarp_apricot_tiger_female_shiny.png"
    },
    {
      "aspects": ["magikarp-jump-apricot-zebra", "female", "shiny"],
      "texture": "cobblemon:textures/pokemon/0129_magikarp/magikarp_jump/magikarp_apricot_zebra_female_shiny.png"
    },
    {
      "aspects": ["magikarp-jump-black-forehead", "female", "shiny"],
      "texture": "cobblemon:textures/pokemon/0129_magikarp/magikarp_jump/magikarp_black_forehead_female_shiny.png"
    },
    {
      "aspects": ["magikarp-jump-black-mask", "female", "shiny"],
      "texture": "cobblemon:textures/pokemon/0129_magikarp/magikarp_jump/magikarp_black_mask_female_shiny.png"
    },
    {
      "aspects": ["magikarp-jump-blue-raindrops", "female", "shiny"],
      "texture": "cobblemon:textures/pokemon/0129_magikarp/magikarp_jump/magikarp_blue_raindrops_female_shiny.png"
    },
    {
      "aspects": ["magikarp-jump-blue-saucy", "female", "shiny"],
      "texture": "cobblemon:textures/pokemon/0129_magikarp/magikarp_jump/magikarp_blue_saucy_female_shiny.png"
    },
    {
      "aspects": ["magikarp-jump-brown-stripes", "female", "shiny"],
      "texture": "cobblemon:textures/pokemon/0129_magikarp/magikarp_jump/magikarp_brown_stripes_female_shiny.png"
    },
    {
      "aspects": ["magikarp-jump-brown-tiger", "female", "shiny"],
      "texture": "cobblemon:textures/pokemon/0129_magikarp/magikarp_jump/magikarp_brown_tiger_female_shiny.png"
    },
    {
      "aspects": ["magikarp-jump-brown-zebra", "female", "shiny"],
      "texture": "cobblemon:textures/pokemon/0129_magikarp/magikarp_jump/magikarp_brown_zebra_female_shiny.png"
    },
    {
      "aspects": ["magikarp-jump-calico-orange-gold", "female", "shiny"],
      "texture": "cobblemon:textures/pokemon/0129_magikarp/magikarp_jump/magikarp_calico_orange_gold_female_shiny.png"
    },
    {
      "aspects": ["magikarp-jump-calico-orange-white", "female", "shiny"],
      "texture": "cobblemon:textures/pokemon/0129_magikarp/magikarp_jump/magikarp_calico_orange_white_female_shiny.png"
    },
    {
      "aspects": ["magikarp-jump-calico-orange-white-black", "female", "shiny"],
      "texture": "cobblemon:textures/pokemon/0129_magikarp/magikarp_jump/magikarp_calico_orange_white_black_female_shiny.png"
    },
    {
      "aspects": ["magikarp-jump-calico-white-orange", "female", "shiny"],
      "texture": "cobblemon:textures/pokemon/0129_magikarp/magikarp_jump/magikarp_calico_white_orange_female_shiny.png"
    },
    {
      "aspects": ["magikarp-jump-gray-bubbles", "female", "shiny"],
      "texture": "cobblemon:textures/pokemon/0129_magikarp/magikarp_jump/magikarp_gray_bubbles_female_shiny.png"
    },
    {
      "aspects": ["magikarp-jump-gray-diamonds", "female", "shiny"],
      "texture": "cobblemon:textures/pokemon/0129_magikarp/magikarp_jump/magikarp_gray_diamonds_female_shiny.png"
    },
    {
      "aspects": ["magikarp-jump-gray-patches", "female", "shiny"],
      "texture": "cobblemon:textures/pokemon/0129_magikarp/magikarp_jump/magikarp_gray_patches_female_shiny.png"
    },
    {
      "aspects": ["magikarp-jump-orange-dapples", "female", "shiny"],
      "texture": "cobblemon:textures/pokemon/0129_magikarp/magikarp_jump/magikarp_orange_dapples_female_shiny.png"
    },
    {
      "aspects": ["magikarp-jump-orange-forehead", "female", "shiny"],
      "texture": "cobblemon:textures/pokemon/0129_magikarp/magikarp_jump/magikarp_orange_forehead_female_shiny.png"
    },
    {
      "aspects": ["magikarp-jump-orange-mask", "female", "shiny"],
      "texture": "cobblemon:textures/pokemon/0129_magikarp/magikarp_jump/magikarp_orange_mask_female_shiny.png"
    },
    {
      "aspects": ["magikarp-jump-orange-orca", "female", "shiny"],
      "texture": "cobblemon:textures/pokemon/0129_magikarp/magikarp_jump/magikarp_orange_orca_female_shiny.png"
    },
    {
      "aspects": ["magikarp-jump-orange-two-tone", "female", "shiny"],
      "texture": "cobblemon:textures/pokemon/0129_magikarp/magikarp_jump/magikarp_orange_two_tone_female_shiny.png"
    },
    {
      "aspects": ["magikarp-jump-pink-dapples", "female", "shiny"],
      "texture": "cobblemon:textures/pokemon/0129_magikarp/magikarp_jump/magikarp_pink_dapples_female_shiny.png"
    },
    {
      "aspects": ["magikarp-jump-pink-orca", "female", "shiny"],
      "texture": "cobblemon:textures/pokemon/0129_magikarp/magikarp_jump/magikarp_pink_orca_female_shiny.png"
    },
    {
      "aspects": ["magikarp-jump-pink-two-tone", "female", "shiny"],
      "texture": "cobblemon:textures/pokemon/0129_magikarp/magikarp_jump/magikarp_pink_two_tone_female_shiny.png"
    },
    {
      "aspects": ["magikarp-jump-purple-bubbles", "female", "shiny"],
      "texture": "cobblemon:textures/pokemon/0129_magikarp/magikarp_jump/magikarp_purple_bubbles_female_shiny.png"
    },
    {
      "aspects": ["magikarp-jump-purple-diamonds", "female", "shiny"],
      "texture": "cobblemon:textures/pokemon/0129_magikarp/magikarp_jump/magikarp_purple_diamonds_female_shiny.png"
    },
    {
      "aspects": ["magikarp-jump-purple-patches", "female", "shiny"],
      "texture": "cobblemon:textures/pokemon/0129_magikarp/magikarp_jump/magikarp_purple_patches_female_shiny.png"
    },
    {
      "aspects": ["magikarp-jump-skelly", "female", "shiny"],
      "texture": "cobblemon:textures/pokemon/0129_magikarp/magikarp_jump/magikarp_skelly_female_shiny.png"
    },
    {
      "aspects": ["magikarp-jump-violet-raindrops", "female", "shiny"],
      "texture": "cobblemon:textures/pokemon/0129_magikarp/magikarp_jump/magikarp_violet_raindrops_female_shiny.png"
    },
    {
      "aspects": ["magikarp-jump-violet-saucy", "female", "shiny"],
      "texture": "cobblemon:textures/pokemon/0129_magikarp/magikarp_jump/magikarp_violet_saucy_female_shiny.png"
    }
  ]
}