{
	"format_version": "1.12.0",
	"minecraft:geometry": [
		{
			"description": {
				"identifier": "geometry.dracozolt",
				"texture_width": 256,
				"texture_height": 128,
				"visible_bounds_width": 11,
				"visible_bounds_height": 4.5,
				"visible_bounds_offset": [0, 1.75, 0]
			},
			"bones": [
				{
					"name": "raptorzolt",
					"pivot": [0, 0, 0]
				},
				{
					"name": "body",
					"parent": "raptorzolt",
					"pivot": [0, 0, 0]
				},
				{
					"name": "torso",
					"parent": "body",
					"pivot": [0, 17.2, 4],
					"cubes": [
						{"origin": [-5.5, 14.2, -3.5], "size": [11, 9, 13], "inflate": 0.01, "uv": [21, 47]}
					]
				},
				{
					"name": "tail",
					"parent": "torso",
					"pivot": [0, 20.2, 9.5],
					"rotation": [-5, 0, 0],
					"cubes": [
						{"origin": [-2.5, 17.7, 8], "size": [5, 5, 10], "inflate": 0.02, "uv": [0, 67]}
					]
				},
				{
					"name": "tail2",
					"parent": "tail",
					"pivot": [0, 20.2, 18],
					"cubes": [
						{"origin": [-2.5, 18.2, 17], "size": [5, 4, 9], "inflate": 0.01, "uv": [30, 69]}
					]
				},
				{
					"name": "tail3",
					"parent": "tail2",
					"pivot": [0, 20.2, 26],
					"cubes": [
						{"origin": [-2, 18.2, 25], "size": [4, 4, 9], "uv": [58, 69]}
					]
				},
				{
					"name": "tail4",
					"parent": "tail3",
					"pivot": [0, 20.2, 34],
					"cubes": [
						{"origin": [-1.5, 18.7, 33], "size": [3, 3, 9], "inflate": 0.01, "uv": [84, 70]}
					]
				},
				{
					"name": "tail5",
					"parent": "tail4",
					"pivot": [0, 20.2, 42],
					"cubes": [
						{"origin": [-1, 19.2, 41], "size": [2, 2, 8], "inflate": 0.01, "uv": [108, 72]},
						{"origin": [-3, 20.2, 49], "size": [6, 0, 9], "uv": [112, 51]}
					]
				},
				{
					"name": "chest",
					"parent": "torso",
					"pivot": [0, 23, -4],
					"cubes": [
						{"origin": [-4.5, 15, -11], "size": [9, 8, 8], "uv": [26, 5]}
					]
				},
				{
					"name": "arms",
					"parent": "chest",
					"pivot": [0, 19, -9.5]
				},
				{
					"name": "arm_left",
					"parent": "arms",
					"pivot": [4.5, 19.8, -8],
					"cubes": [
						{"origin": [4.5, 17.8, -10], "size": [7, 2, 2], "uv": [0, 41]}
					]
				},
				{
					"name": "arm_fin_left",
					"parent": "arm_left",
					"pivot": [11.5, 19.8, -9],
					"cubes": [
						{"origin": [6.5, 18.8, -9], "size": [5, 13, 0], "inflate": 0.01, "uv": [52, 0]}
					]
				},
				{
					"name": "arm_fin_left2",
					"parent": "arm_fin_left",
					"pivot": [11.5, 31.8, -9],
					"cubes": [
						{"origin": [11.5, 18.8, -9], "size": [5, 13, 0], "uv": [62, 0]}
					]
				},
				{
					"name": "arm_fin_detail_left",
					"parent": "arm_fin_left",
					"pivot": [6.5, 31.8, -9],
					"cubes": [
						{"origin": [-1.5, 26.8, -9], "size": [8, 14, 0], "uv": [38, 21]}
					]
				},
				{
					"name": "arm_left2",
					"parent": "arm_left",
					"pivot": [11.5, 18.8, -8],
					"cubes": [
						{"origin": [11.5, 17.8, -10], "size": [7, 2, 2], "inflate": 0.01, "uv": [0, 49]}
					]
				},
				{
					"name": "wrist_left",
					"parent": "arm_left2",
					"pivot": [18.5, 18.8, -9]
				},
				{
					"name": "hand_left",
					"parent": "wrist_left",
					"pivot": [18.5, 19.8, -9],
					"cubes": [
						{"origin": [18.5, 17.8, -10.5], "size": [5, 2, 3], "inflate": 0.02, "uv": [18, 43]}
					]
				},
				{
					"name": "claws_left",
					"parent": "hand_left",
					"pivot": [23.5, 19.8, -9]
				},
				{
					"name": "claw_inner_left",
					"parent": "claws_left",
					"pivot": [23.5, 19.8, -8.5],
					"rotation": [0, -10, 0],
					"cubes": [
						{"origin": [23.5, 17.8, -8.5], "size": [2, 2, 1], "inflate": 0.01, "uv": [32, 35]}
					]
				},
				{
					"name": "claw_inner_left2",
					"parent": "claw_inner_left",
					"pivot": [25.5, 19.8, -8],
					"cubes": [
						{"origin": [25.5, 17.8, -8.5], "size": [3, 2, 1], "uv": [38, 35]}
					]
				},
				{
					"name": "claw_inner_left3",
					"parent": "claw_inner_left2",
					"pivot": [28.5, 19.8, -8],
					"cubes": [
						{"origin": [28.5, 17.8, -8], "size": [2, 2, 0], "uv": [56, 40]}
					]
				},
				{
					"name": "claw_middle_left",
					"parent": "claws_left",
					"pivot": [23.5, 19.8, -9],
					"cubes": [
						{"origin": [23.5, 17.8, -9.5], "size": [2, 2, 1], "inflate": 0.01, "uv": [34, 41]}
					]
				},
				{
					"name": "claw_middle_left2",
					"parent": "claw_middle_left",
					"pivot": [25.5, 19.8, -9],
					"cubes": [
						{"origin": [25.5, 17.8, -9.5], "size": [3, 2, 1], "uv": [40, 41]}
					]
				},
				{
					"name": "claw_middle_left3",
					"parent": "claw_middle_left2",
					"pivot": [28.5, 19.8, -9],
					"cubes": [
						{"origin": [28.5, 17.8, -9], "size": [2, 2, 0], "uv": [60, 40]}
					]
				},
				{
					"name": "claw_outer_left",
					"parent": "claws_left",
					"pivot": [23.5, 19.8, -9.5],
					"rotation": [0, 10, 0],
					"cubes": [
						{"origin": [23.5, 17.8, -10.5], "size": [2, 2, 1], "inflate": 0.01, "uv": [46, 35]}
					]
				},
				{
					"name": "claw_outer_left2",
					"parent": "claw_outer_left",
					"pivot": [25.5, 19.8, -10],
					"cubes": [
						{"origin": [25.5, 17.8, -10.5], "size": [3, 2, 1], "uv": [48, 41]}
					]
				},
				{
					"name": "claw_outer_left3",
					"parent": "claw_outer_left2",
					"pivot": [28.5, 19.8, -10],
					"cubes": [
						{"origin": [28.5, 17.8, -10], "size": [2, 2, 0], "uv": [64, 40]}
					]
				},
				{
					"name": "arm_right",
					"parent": "arms",
					"pivot": [-4.5, 19.8, -8],
					"cubes": [
						{"origin": [-11.5, 17.8, -10], "size": [7, 2, 2], "uv": [0, 45], "mirror": true}
					]
				},
				{
					"name": "arm_fin_right",
					"parent": "arm_right",
					"pivot": [-11.5, 19.8, -9],
					"cubes": [
						{"origin": [-11.5, 18.8, -9], "size": [5, 13, 0], "inflate": 0.01, "uv": [60, 13], "mirror": true}
					]
				},
				{
					"name": "arm_fin_right2",
					"parent": "arm_fin_right",
					"pivot": [-11.5, 31.8, -9],
					"cubes": [
						{"origin": [-16.5, 18.8, -9], "size": [5, 13, 0], "uv": [70, 13], "mirror": true}
					]
				},
				{
					"name": "arm_fin_detail_right",
					"parent": "arm_fin_right",
					"pivot": [-6.5, 31.8, -9],
					"cubes": [
						{"origin": [-6.5, 26.8, -9], "size": [8, 14, 0], "uv": [54, 26], "mirror": true}
					]
				},
				{
					"name": "arm_right2",
					"parent": "arm_right",
					"pivot": [-11.5, 18.8, -8],
					"cubes": [
						{"origin": [-18.5, 17.8, -10], "size": [7, 2, 2], "inflate": 0.01, "uv": [0, 53], "mirror": true}
					]
				},
				{
					"name": "wrist_right",
					"parent": "arm_right2",
					"pivot": [-18.5, 18.8, -9]
				},
				{
					"name": "hand_right",
					"parent": "wrist_right",
					"pivot": [-18.5, 19.8, -9],
					"cubes": [
						{"origin": [-23.5, 17.8, -10.5], "size": [5, 2, 3], "inflate": 0.02, "uv": [18, 48], "mirror": true}
					]
				},
				{
					"name": "claws_right",
					"parent": "hand_right",
					"pivot": [-23.5, 19.8, -9]
				},
				{
					"name": "claw_inner_right",
					"parent": "claws_right",
					"pivot": [-23.5, 19.8, -8.5],
					"rotation": [0, 10, 0],
					"cubes": [
						{"origin": [-25.5, 17.8, -8.5], "size": [2, 2, 1], "inflate": 0.01, "uv": [32, 38], "mirror": true}
					]
				},
				{
					"name": "claw_inner_right2",
					"parent": "claw_inner_right",
					"pivot": [-25.5, 19.8, -8],
					"cubes": [
						{"origin": [-28.5, 17.8, -8.5], "size": [3, 2, 1], "uv": [38, 38], "mirror": true}
					]
				},
				{
					"name": "claw_inner_right3",
					"parent": "claw_inner_right2",
					"pivot": [-28.5, 19.8, -8],
					"cubes": [
						{"origin": [-30.5, 17.8, -8], "size": [2, 2, 0], "uv": [56, 42], "mirror": true}
					]
				},
				{
					"name": "claw_middle_right",
					"parent": "claws_right",
					"pivot": [-23.5, 19.8, -9],
					"cubes": [
						{"origin": [-25.5, 17.8, -9.5], "size": [2, 2, 1], "inflate": 0.01, "uv": [34, 44], "mirror": true}
					]
				},
				{
					"name": "claw_middle_right2",
					"parent": "claw_middle_right",
					"pivot": [-25.5, 19.8, -9],
					"cubes": [
						{"origin": [-28.5, 17.8, -9.5], "size": [3, 2, 1], "uv": [40, 44], "mirror": true}
					]
				},
				{
					"name": "claw_middle_right3",
					"parent": "claw_middle_right2",
					"pivot": [-28.5, 19.8, -9],
					"cubes": [
						{"origin": [-30.5, 17.8, -9], "size": [2, 2, 0], "uv": [60, 42], "mirror": true}
					]
				},
				{
					"name": "claw_outer_right",
					"parent": "claws_right",
					"pivot": [-23.5, 19.8, -9.5],
					"rotation": [0, -10, 0],
					"cubes": [
						{"origin": [-25.5, 17.8, -10.5], "size": [2, 2, 1], "inflate": 0.01, "uv": [46, 38], "mirror": true}
					]
				},
				{
					"name": "claw_outer_right2",
					"parent": "claw_outer_right",
					"pivot": [-25.5, 19.8, -10],
					"cubes": [
						{"origin": [-28.5, 17.8, -10.5], "size": [3, 2, 1], "uv": [48, 44], "mirror": true}
					]
				},
				{
					"name": "claw_outer_right3",
					"parent": "claw_outer_right2",
					"pivot": [-28.5, 19.8, -10],
					"cubes": [
						{"origin": [-30.5, 17.8, -10], "size": [2, 2, 0], "uv": [64, 42], "mirror": true}
					]
				},
				{
					"name": "neck",
					"parent": "chest",
					"pivot": [0, 22, -8],
					"rotation": [15, 0, 0],
					"cubes": [
						{"origin": [-1.5, 21.5, -11], "size": [3, 5, 3], "inflate": 0.02, "uv": [0, 25]}
					]
				},
				{
					"name": "neck2",
					"parent": "neck",
					"pivot": [0, 26.5, -8],
					"rotation": [25, 0, 0],
					"cubes": [
						{"origin": [-1.5, 26.5, -11], "size": [3, 5, 3], "inflate": 0.01, "uv": [12, 19]}
					]
				},
				{
					"name": "neck3",
					"parent": "neck2",
					"pivot": [0, 31.5, -8],
					"rotation": [30, 0, 0],
					"cubes": [
						{"origin": [-1.5, 31.5, -11], "size": [3, 4, 3], "uv": [0, 18]}
					]
				},
				{
					"name": "head",
					"parent": "neck3",
					"pivot": [0, 35.5, -8],
					"rotation": [-70, 0, 0]
				},
				{
					"name": "head_ai",
					"parent": "head",
					"pivot": [0, 35.5, -8]
				},
				{
					"name": "head_rotation",
					"parent": "head_ai",
					"pivot": [0, 35.5, -8],
					"rotation": [90, 0, 0],
					"cubes": [
						{"origin": [-2.5, 35.5, -11.5], "size": [5, 6, 6], "inflate": 0.01, "uv": [0, 0]},
						{"origin": [2.5, 38, -10.5], "size": [0, 2, 2], "inflate": 0.02, "uv": [0, 11]},
						{"origin": [-2.5, 38, -10.5], "size": [0, 2, 2], "inflate": 0.02, "uv": [4, 11], "mirror": true}
					]
				},
				{
					"name": "eyes",
					"parent": "head_rotation",
					"pivot": [0, 6.5, -39.5]
				},
				{
					"name": "eye_left",
					"parent": "eyes",
					"pivot": [2.52, 41.02, -8]
				},
				{
					"name": "eye_closed_left",
					"parent": "eye_left",
					"pivot": [2.52, 41.02, -8],
					"cubes": [
						{"origin": [1.52, 39.52, -9], "size": [1, 2, 2], "inflate": 0.01, "uv": [72, 4]}
					]
				},
				{
					"name": "eye_open_left",
					"parent": "eye_left",
					"pivot": [2.42, 40.92, -8],
					"cubes": [
						{"origin": [1.42, 39.42, -9], "size": [1, 2, 2], "inflate": 0.01, "uv": [72, 8]}
					]
				},
				{
					"name": "eyelid_left",
					"parent": "eye_left",
					"pivot": [1.92, 41.02, -8],
					"cubes": [
						{"origin": [1.42, 39.52, -9], "size": [1, 2, 2], "inflate": 0.02, "uv": [72, 0]}
					]
				},
				{
					"name": "eye_right",
					"parent": "eyes",
					"pivot": [-2.52, 41.02, -8]
				},
				{
					"name": "eye_closed_right",
					"parent": "eye_right",
					"pivot": [-2.52, 41.02, -8],
					"cubes": [
						{"origin": [-2.52, 39.52, -9], "size": [1, 2, 2], "inflate": 0.01, "uv": [78, 4], "mirror": true}
					]
				},
				{
					"name": "eye_open_right",
					"parent": "eye_right",
					"pivot": [-2.42, 40.92, -8],
					"cubes": [
						{"origin": [-2.42, 39.42, -9], "size": [1, 2, 2], "inflate": 0.01, "uv": [78, 8], "mirror": true}
					]
				},
				{
					"name": "eyelid_right",
					"parent": "eye_right",
					"pivot": [-1.92, 41.02, -8],
					"cubes": [
						{"origin": [-2.42, 39.52, -9], "size": [1, 2, 2], "inflate": 0.02, "uv": [78, 0], "mirror": true}
					]
				},
				{
					"name": "head_fur",
					"parent": "head_rotation",
					"pivot": [0, 39, -6.5]
				},
				{
					"name": "head_fur_top",
					"parent": "head_fur",
					"pivot": [0, 40.5, -5.5],
					"rotation": [-32.5, 0, 0],
					"cubes": [
						{"origin": [-2, 40.5, -5.5], "size": [4, 0, 5], "uv": [25, 21]}
					]
				},
				{
					"name": "head_fur_top2",
					"parent": "head_fur_top",
					"pivot": [0, 40.5, -0.5],
					"rotation": [-10, 0, 0],
					"cubes": [
						{"origin": [-1.5, 40.5, -0.5], "size": [3, 0, 5], "uv": [19, 21]}
					]
				},
				{
					"name": "head_fur_left",
					"parent": "head_fur",
					"pivot": [2.5, 38.5, -9.5],
					"rotation": [0, -2, 45],
					"cubes": [
						{"origin": [2.5, 38.5, -9.5], "size": [5, 0, 4], "uv": [-4, 37]}
					]
				},
				{
					"name": "head_fur_left2",
					"parent": "head_fur_left",
					"pivot": [7.5, 38.5, -8],
					"rotation": [0, 0, 12.5],
					"cubes": [
						{"origin": [7.5, 38.5, -9], "size": [6, 0, 3], "uv": [7, 38]}
					]
				},
				{
					"name": "head_fur_right",
					"parent": "head_fur",
					"pivot": [-2.5, 38.5, -9.5],
					"rotation": [0, 2, -45],
					"cubes": [
						{"origin": [-7.5, 38.5, -9.5], "size": [5, 0, 4], "uv": [-4, 33], "mirror": true}
					]
				},
				{
					"name": "head_fur_right2",
					"parent": "head_fur_right",
					"pivot": [-7.5, 38.5, -8],
					"rotation": [0, 0, -12.5],
					"cubes": [
						{"origin": [-13.5, 38.5, -9], "size": [6, 0, 3], "uv": [7, 35], "mirror": true}
					]
				},
				{
					"name": "head_fur_top_left",
					"parent": "head_fur",
					"pivot": [3.5, 38.35, -8.25],
					"rotation": [-15, -45, 52.5],
					"cubes": [
						{"origin": [3.5, 38.35, -8.25], "size": [5, 0, 4], "uv": [8, 31]}
					]
				},
				{
					"name": "head_fur_top_left2",
					"parent": "head_fur_top_left",
					"pivot": [8.5, 38.35, -6.75],
					"rotation": [0, 0, 20],
					"cubes": [
						{"origin": [8.5, 38.35, -7.75], "size": [6, 0, 3], "uv": [19, 30]}
					]
				},
				{
					"name": "head_fur_top_right",
					"parent": "head_fur",
					"pivot": [-3.5, 38.35, -8.25],
					"rotation": [-15, 45, -52.5],
					"cubes": [
						{"origin": [-8.5, 38.35, -8.25], "size": [5, 0, 4], "uv": [8, 27], "mirror": true}
					]
				},
				{
					"name": "head_fur_top_right2",
					"parent": "head_fur_top_right",
					"pivot": [-8.5, 38.35, -6.75],
					"rotation": [0, 0, -20],
					"cubes": [
						{"origin": [-14.5, 38.35, -7.75], "size": [6, 0, 3], "uv": [19, 27], "mirror": true}
					]
				},
				{
					"name": "head_fur_bottom_left",
					"parent": "head_fur",
					"pivot": [2.5, 38.5, -8.5],
					"rotation": [10, 20, 45],
					"cubes": [
						{"origin": [2.3953, 38.5, -11.49817], "size": [5, 0, 3], "uv": [19, 36]}
					]
				},
				{
					"name": "head_fur_bottom_left2",
					"parent": "head_fur_bottom_left",
					"pivot": [7.3953, 38.5, -9.99817],
					"rotation": [0, 0, 12.5],
					"cubes": [
						{"origin": [7.3953, 38.5, -10.99817], "size": [5, 0, 2], "uv": [20, 41]}
					]
				},
				{
					"name": "head_fur_bottom_right",
					"parent": "head_fur",
					"pivot": [-2.5, 38.5, -8.5],
					"rotation": [10, -20, -45],
					"cubes": [
						{"origin": [-7.3953, 38.5, -11.49817], "size": [5, 0, 3], "uv": [19, 33], "mirror": true}
					]
				},
				{
					"name": "head_fur_bottom_right2",
					"parent": "head_fur_bottom_right",
					"pivot": [-7.3953, 38.5, -9.99817],
					"rotation": [0, 0, -12.5],
					"cubes": [
						{"origin": [-12.3953, 38.5, -10.99817], "size": [5, 0, 2], "uv": [20, 39], "mirror": true}
					]
				},
				{
					"name": "jaw",
					"parent": "head_rotation",
					"pivot": [0, 41.5, -10],
					"cubes": [
						{"origin": [-1.5, 41.5, -11], "size": [3, 3, 1], "inflate": 0.02, "uv": [18, 1]}
					]
				},
				{
					"name": "tongue",
					"parent": "jaw",
					"pivot": [0, 42, -10],
					"rotation": [-2.5, 0, 0],
					"cubes": [
						{"origin": [-0.5, 42, -11], "size": [1, 2, 1], "uv": [22, 5]}
					]
				},
				{
					"name": "tongue_bend",
					"parent": "tongue",
					"pivot": [0, 44, -10.5],
					"cubes": [
						{"origin": [-0.5, 44, -10.5], "size": [1, 2, 0], "inflate": 0.01, "uv": [27, 6]}
					]
				},
				{
					"name": "jaw2",
					"parent": "jaw",
					"pivot": [0, 44.5, -11],
					"cubes": [
						{"origin": [-1.5, 44.5, -11], "size": [3, 3, 1], "inflate": 0.01, "uv": [28, 1]},
						{"origin": [1.5, 45.5, -12], "size": [0, 1, 1], "pivot": [1.5, 47.5, -10], "rotation": [45, 0, 0], "uv": [86, 6]},
						{"origin": [1.5, 46.5, -11], "size": [0, 1, 1], "pivot": [1.5, 47.5, -10], "rotation": [45, 0, 0], "uv": [86, 5]},
						{"origin": [-1.5, 45.5, -12], "size": [0, 1, 1], "pivot": [-1.5, 47.5, -10], "rotation": [45, 0, 0], "uv": [84, 6], "mirror": true},
						{"origin": [-1.5, 46.5, -11], "size": [0, 1, 1], "pivot": [-1.5, 47.5, -10], "rotation": [45, 0, 0], "uv": [84, 5], "mirror": true}
					]
				},
				{
					"name": "muzzle",
					"parent": "head_rotation",
					"pivot": [0, 41.5, -10],
					"cubes": [
						{"origin": [-1.5, 41, -10], "size": [3, 5, 2], "inflate": 0.02, "uv": [70, 26]},
						{"origin": [1.5, 44.85, -13.55], "size": [0, 2, 2], "pivot": [-0.5, 49, -10], "rotation": [45, 0, 0], "uv": [88, 0]},
						{"origin": [1.5, 43.35, -15.05], "size": [0, 2, 2], "pivot": [-0.5, 49, -10], "rotation": [45, 0, 0], "uv": [88, 2]},
						{"origin": [-1.5, 44.85, -13.55], "size": [0, 2, 2], "pivot": [0.5, 49, -10], "rotation": [45, 0, 0], "uv": [84, 0], "mirror": true},
						{"origin": [-1.5, 43.35, -15.05], "size": [0, 2, 2], "pivot": [0.5, 49, -10], "rotation": [45, 0, 0], "uv": [84, 2], "mirror": true}
					]
				},
				{
					"name": "muzzle2",
					"parent": "muzzle",
					"pivot": [0, 46, -10],
					"cubes": [
						{"origin": [-2, 46, -10], "size": [4, 3, 3], "inflate": 0.01, "uv": [10, 12]},
						{"origin": [2, 46.75, -11.75], "size": [0, 2, 2], "pivot": [-0.5, 49, -10], "rotation": [45, 0, 0], "uv": [88, -2]},
						{"origin": [-2, 46.75, -11.75], "size": [0, 2, 2], "pivot": [0.5, 49, -10], "rotation": [45, 0, 0], "uv": [84, -2], "mirror": true},
						{"origin": [0.25, 49.02, -9], "size": [1, 0, 1], "pivot": [0.75, 49.02, -9], "rotation": [0, 22.5, 0], "uv": [-1, 1]},
						{"origin": [-1.25, 49.02, -9], "size": [1, 0, 1], "pivot": [-0.75, 49.02, -9], "rotation": [0, -22.5, 0], "uv": [-1, 0], "mirror": true},
						{"origin": [1, 49, -11], "size": [1, 0, 1], "pivot": [2, 49, -10], "rotation": [0, 45, 0], "uv": [1, 15], "mirror": true},
						{"origin": [0, 49, -11.5], "size": [2, 0, 1], "pivot": [2, 49, -10], "rotation": [0, 45, 0], "uv": [1, 15], "mirror": true},
						{"origin": [-2, 49, -11.5], "size": [2, 0, 1], "pivot": [-2, 49, -10], "rotation": [0, -45, 0], "uv": [1, 16]},
						{"origin": [-2, 49, -11], "size": [1, 0, 1], "pivot": [-2, 49, -10], "rotation": [0, -45, 0], "uv": [1, 16]}
					]
				},
				{
					"name": "legs",
					"parent": "body",
					"pivot": [0, 20.2, 5]
				},
				{
					"name": "leg_left",
					"parent": "legs",
					"pivot": [4.75, 20.2, 4.5],
					"rotation": [-25, 0, 0],
					"cubes": [
						{"origin": [2.75, 7.2, 1], "size": [4, 14, 8], "inflate": 0.02, "uv": [62, 37]}
					]
				},
				{
					"name": "leg_left2",
					"parent": "leg_left",
					"pivot": [4.85, 7.2, 1.5],
					"rotation": [-10, 0, 0],
					"cubes": [
						{"origin": [3.35, 7.2, 1.5], "size": [3, 4, 11], "inflate": 0.01, "uv": [84, 16]}
					]
				},
				{
					"name": "leg_left3",
					"parent": "leg_left2",
					"pivot": [4.85, 11.2, 12.5],
					"rotation": [25, 0, 0],
					"cubes": [
						{"origin": [3.35, 4.2, 8.5], "size": [3, 7, 4], "uv": [91, 5]}
					]
				},
				{
					"name": "foot_left",
					"parent": "leg_left3",
					"pivot": [4.85, 4.2, 12.5],
					"rotation": [10, 0, 0],
					"cubes": [
						{"origin": [2.85, 4.2, 6.5], "size": [4, 2, 6], "uv": [122, 31]}
					]
				},
				{
					"name": "toes_left",
					"parent": "foot_left",
					"pivot": [4.85, 6.2, 6.5]
				},
				{
					"name": "toe_inner_left",
					"parent": "toes_left",
					"pivot": [2, 5, 6],
					"cubes": [
						{"origin": [2.5, 5, 5.37], "size": [1, 2, 2], "uv": [86, 35]}
					]
				},
				{
					"name": "toe_inner_left2",
					"parent": "toe_inner_left",
					"pivot": [3, 5, 6],
					"cubes": [
						{"origin": [3, 6, 3.37], "size": [0, 3, 4], "uv": [82, 38]}
					]
				},
				{
					"name": "toe_middle_left",
					"parent": "toes_left",
					"pivot": [4.85, 6.2, 6.5],
					"cubes": [
						{"origin": [4.35, 4.2, 3.5], "size": [1, 2, 3], "uv": [0, 67]}
					]
				},
				{
					"name": "toe_middle_left2",
					"parent": "toe_middle_left",
					"pivot": [4.85, 6.2, 3.5],
					"cubes": [
						{"origin": [4.85, 4.2, 1.5], "size": [0, 2, 2], "uv": [12, 56]}
					]
				},
				{
					"name": "toe_outer_left",
					"parent": "toes_left",
					"pivot": [6.35, 6.2, 6.5],
					"cubes": [
						{"origin": [5.85, 4.2, 4.5], "size": [1, 2, 2], "uv": [0, 57]}
					]
				},
				{
					"name": "toe_outer_left2",
					"parent": "toe_outer_left",
					"pivot": [6.35, 6.2, 4.5],
					"cubes": [
						{"origin": [6.35, 4.2, 2.5], "size": [0, 2, 2], "uv": [7, 56]}
					]
				},
				{
					"name": "leg_right",
					"parent": "legs",
					"pivot": [-4.75, 20.2, 4.5],
					"rotation": [-25, 0, 0],
					"cubes": [
						{"origin": [-6.75, 7.2, 1], "size": [4, 14, 8], "inflate": 0.02, "uv": [86, 37], "mirror": true}
					]
				},
				{
					"name": "leg_right2",
					"parent": "leg_right",
					"pivot": [-4.75, 7.2, 1.5],
					"rotation": [-10, 0, 0],
					"cubes": [
						{"origin": [-6.25, 7.2, 1.5], "size": [3, 4, 11], "inflate": 0.01, "uv": [112, 16], "mirror": true}
					]
				},
				{
					"name": "leg_right3",
					"parent": "leg_right2",
					"pivot": [-4.75, 11.2, 12.5],
					"rotation": [25, 0, 0],
					"cubes": [
						{"origin": [-6.25, 4.2, 8.5], "size": [3, 7, 4], "uv": [119, 5], "mirror": true}
					]
				},
				{
					"name": "foot_right",
					"parent": "leg_right3",
					"pivot": [-4.75, 4.2, 12.5],
					"rotation": [10, 0, 0],
					"cubes": [
						{"origin": [-6.75, 4.2, 6.5], "size": [4, 2, 6], "uv": [102, 31], "mirror": true}
					]
				},
				{
					"name": "toes_right",
					"parent": "foot_right",
					"pivot": [-4.75, 6.2, 6.5]
				},
				{
					"name": "toe_inner_right",
					"parent": "toes_right",
					"pivot": [-4.75, 5.2, 7.5],
					"cubes": [
						{"origin": [-3, 5, 5.37], "size": [1, 2, 2], "uv": [80, 35]}
					]
				},
				{
					"name": "toe_inner_right2",
					"parent": "toe_inner_right",
					"pivot": [-4.75, 11.2, 13.5],
					"cubes": [
						{"origin": [-2.5, 6, 3.37], "size": [0, 3, 4], "uv": [82, 35]}
					]
				},
				{
					"name": "toe_middle_right",
					"parent": "toes_right",
					"pivot": [-4.75, 6.2, 6.5],
					"cubes": [
						{"origin": [-5.25, 4.2, 3.5], "size": [1, 2, 3], "uv": [0, 72], "mirror": true}
					]
				},
				{
					"name": "toe_middle_right2",
					"parent": "toe_middle_right",
					"pivot": [-4.75, 6.2, 3.5],
					"cubes": [
						{"origin": [-4.75, 4.2, 1.5], "size": [0, 2, 2], "uv": [12, 58], "mirror": true}
					]
				},
				{
					"name": "toe_outer_right",
					"parent": "toes_right",
					"pivot": [-6.25, 6.2, 6.5],
					"cubes": [
						{"origin": [-6.75, 4.2, 4.5], "size": [1, 2, 2], "uv": [0, 61], "mirror": true}
					]
				},
				{
					"name": "toe_outer_right2",
					"parent": "toe_outer_right",
					"pivot": [-6.25, 6.2, 4.5],
					"cubes": [
						{"origin": [-6.25, 4.2, 2.5], "size": [0, 2, 2], "uv": [7, 58], "mirror": true}
					]
				}
			]
		}
	]
}