{
  "portraitScale": 0.8,
  "portraitTranslation": [-1.0, 1.0, 0],
  "profileScale": 0.45,
  "profileTranslation": [-0.2, 1.0, 0],
  "poses": {
    "battle-standing": {
      "poseTypes": ["STAND"],
      "isBattle": true,
      "animations": [
        "q.bedrock('dunkleovish', 'battle_idle')"
      ],
      "quirks": [
        "q.bedrock_quirk('dunkleovish', 'blink')"
      ]
    },
    "standing": {
      "poseTypes": ["STAND", "NONE", "PORTRAIT", "PROFILE"],
      "isBattle": false,
      "animations": [
        "q.bedrock('dunkleovish', 'ground_idle')",
        "q.bedrock_stateful('dunkleovish', 'cry')"
      ],
      "quirks": [
        "q.bedrock_quirk('dunkleovish', 'blink')"
      ]
    },
    "walking": {
        "poseTypes": ["WALK"],
        "animations": [
          "q.bedrock('dunkleovish', 'ground_walk')"
        ],
        "quirks": ["q.bedrock_quirk('dunkleovish', 'blink')"]
      },
      "float": {
        "poseTypes": ["FLOAT"],
        "isSubmergedInWater":true,
        "animations": [
          "q.bedrock('dunkleovish', 'water_idle')"
        ],
        "quirks": ["q.bedrock_quirk('dunkleovish', 'blink')"]
      },
      "swim": {
        "poseTypes": ["SWIM"],
        "isSubmergedInWater":true,
        "animations": [
          "q.bedrock('dunkleovish', 'water_swim')"
        ],
        "quirks": ["q.bedrock_quirk('dunkleovish', 'blink')"]
      },
    "sleep": {
      "poseTypes": ["SLEEP"],
      "animations": ["q.bedrock('dunkleovish', 'sleep')"]
    }
  }
}