{
  "portraitScale": 2,
    "portraitTranslation": [-0.07, 0.73, 0],
    "profileScale": 0.8,
    "profileTranslation": [0, 0.7, 0],
    "rootBone": "mew_rocket",
    "animations": {
      "physical": "q.bedrock_primary('mew_rocket', 'attack', q.curve('symmetrical_wide'))",
      "special": "q.bedrock_primary('mew_rocket', 'attack', q.curve('symmetrical_wide'))",
      "cry": "q.bedrock_stateful('mew_rocket', 'cry')",
      "status": "q.bedrock_stateful('mew_rocket', 'cry')",
      "faint": "q.bedrock_primary('mew_rocket', 'faint', q.curve('one'))"
    },
    "poses": {
      "battle-standing": {
        "poseTypes": ["STAND", "HOVER", "FLY"],
        "isBattle": true,
        "namedAnimations": {
            "cry": "q.bedrock_stateful('mew_rocket', 'cry')"
        },
        "animations": ["q.look('head_ai')", "q.bedrock('mew_rocket', 'ground_idle')"],
        "quirks": ["q.bedrock_quirk('mew_rocket', 'blink')"]
      },
      "standing": {
        "poseTypes": ["STAND", "HOVER", "FLOAT", "NONE", "PORTRAIT", "PROFILE"],
        "isBattle": false,
        "animations": ["q.look('head_ai')", "q.bedrock('mew_rocket', 'ground_idle')"],
        "quirks": ["q.bedrock_quirk('mew_rocket', 'blink')"]
      },
      "walking": {
        "poseTypes": ["WALK"],
        "animations": ["q.look('head_ai')", "q.bedrock('mew_rocket', 'ground_walk')"],
        "quirks": ["q.bedrock_quirk('mew_rocket', 'blink')"]
      },
      "fly": {
        "poseTypes": ["FLY", "SWIM"],
        "animations": [ "q.look('head_ai')", "q.bedrock('mew_rocket', 'ground_walk2')"],
        "quirks": ["q.bedrock_quirk('mew_rocket', 'blink')"]
      },
      "shoulder_left":{
        "poseTypes": ["SHOULDER_LEFT"],
        "animations": [ "q.look('head_ai')", "q.bedrock('mew_rocket', 'shoulder_left')"],
        "quirks": ["q.bedrock_quirk('mew_rocket', 'blink')"]
      },
      "shoulder_right":{
        "poseTypes": ["SHOULDER_RIGHT"],
        "animations": [ "q.look('head_ai')", "q.bedrock('mew_rocket', 'shoulder_right')"],
        "quirks": ["q.bedrock_quirk('mew_rocket', 'blink')"]
      }
    }
  }
  