{
	"format_version": "1.8.0",
	"animations": {
		"animation.dunkleovish.ground_idle": {
			"loop": true,
			"animation_length": 8,
			"bones": {
				"tail6": {
					"rotation": [32.5, 0, 0]
				},
				"head": {
					"rotation": ["math.sin(q.anim_time*90*1.5-110)*1", 0, "math.sin(q.anim_time*90*0.5-120)*12"]
				},
				"jaw": {
					"rotation": ["math.sin(q.anim_time*90*1.5-90)*-3", 0, 0]
				},
				"fin_front_right": {
					"rotation": [-67.39227, "56.3201+math.sin(q.anim_time*90*1.5-150)*-3+math.cos(q.anim_time*90*1+60)*-10", -71.64533]
				},
				"fin_front_right2": {
					"rotation": [0, "10+math.sin(q.anim_time*90*1.5-210+90)*6", "math.cos(q.anim_time*90*1-30)*-20"],
					"position": [1, 0, 0]
				},
				"fin_front_right3": {
					"rotation": [0, "13+math.sin(q.anim_time*90*1.5-230+90)*9", "math.cos(q.anim_time*90*1-70)*-3"]
				},
				"fin_left": {
					"rotation": [-67.39227, "-56.3201+math.sin(q.anim_time*90*1.5-150)*3+math.cos(q.anim_time*90*1+60)*10", 71.64533]
				},
				"fin_front_left2": {
					"rotation": [0, "-10+math.sin(q.anim_time*90*1.5-210)*-6", "-(math.cos(q.anim_time*90*1-30)*-20)"],
					"position": [-1, 0, 0]
				},
				"fin_front_left3": {
					"rotation": [0, "-13+math.sin(q.anim_time*90*1.5-230+90)*9", "-(math.cos(q.anim_time*90*1-70)*-3)"]
				},
				"fin_back_right": {
					"rotation": [90, "-3.5+math.sin(q.anim_time*90*1.5-150)*3+math.cos(q.anim_time*90*1+60)*10", -90]
				},
				"fin_back_right2": {
					"rotation": [0, "10+math.sin(q.anim_time*90*1.5-210+90)*6", "math.cos(q.anim_time*90*1-30)*-20"],
					"position": [1, 0, 0]
				},
				"fin_back_right3": {
					"rotation": [0, "-13+math.sin(q.anim_time*90*1.5-230+90)*9", "-(math.cos(q.anim_time*90*1-70)*-3)"]
				},
				"fin_back_left": {
					"rotation": [90, "3.5+math.sin(q.anim_time*90*1.5-150)*-3+math.cos(q.anim_time*90*1+60)*-10", 90]
				},
				"fin_back_left2": {
					"rotation": [0, "-10+math.sin(q.anim_time*90*1.5-210)*-6", "-(math.cos(q.anim_time*90*1-30)*-20)"],
					"position": [-1, 0, 0]
				},
				"fin_back_left3": {
					"rotation": [0, "13+math.sin(q.anim_time*90*1.5-230+90)*9", "math.cos(q.anim_time*90*1-70)*-3"]
				},
				"tail": {
					"rotation": {
						"0.0": [0, 10, 0],
						"2.0": [0, -10, 0],
						"4.0": [0, 10, 0],
						"6.0": [0, -10, 0],
						"8.0": [0, 10, 0]
					},
					"position": {
						"0.0": [1, 0, -2],
						"2.0": [-1, 0, -2],
						"4.0": [1, 0, -2],
						"6.0": [-1, 0, -2],
						"8.0": [1, 0, -2]
					}
				},
				"tail2": {
					"rotation": {
						"0.0": [0, 20, 0],
						"2.0": [0, -20, 0],
						"4.0": [0, 20, 0],
						"6.0": [0, -20, 0],
						"8.0": [0, 20, 0]
					},
					"position": {
						"0.0": [4, 0, -3],
						"2.0": [-4, 0, -3],
						"4.0": [4, 0, -3],
						"6.0": [-4, 0, -3],
						"8.0": [4, 0, -3]
					}
				},
				"tail_fin": {
					"rotation": {
						"0.0": [0, 17.5, 0],
						"2.0": [0, -17.5, 0],
						"4.0": [0, 17.5, 0],
						"6.0": [0, -17.5, 0],
						"8.0": [0, 17.5, 0]
					},
					"position": {
						"0.0": [3, 0, 0],
						"2.0": [-3, 0, 0],
						"4.0": [3, 0, 0],
						"6.0": [-3, 0, 0],
						"8.0": [3, 0, 0]
					}
				}
			}
		},
		"animation.dunkleovish.battle_idle": {
			"loop": true,
			"animation_length": 8,
			"bones": {
				"tail6": {
					"rotation": [32.5, 0, 0]
				},
				"head": {
					"rotation": ["math.sin(q.anim_time*90*1.5-110)*1", 0, "math.sin(q.anim_time*90*1-150)*12"]
				},
				"jaw": {
					"rotation": ["math.sin(q.anim_time*90*2.5-90)*-8", 0, 0]
				},
				"fin_front_right": {
					"rotation": [-51.15371, "44.1738+math.sin(q.anim_time*90*1.5-150)*-10+math.cos(q.anim_time*90*2+60)*-15", -68.25989]
				},
				"fin_front_right2": {
					"rotation": [0, "10+math.sin(q.anim_time*90*1.5-210+90)*14", "math.cos(q.anim_time*90*2-30)*-20"],
					"position": [1, 0, 0]
				},
				"fin_front_right3": {
					"rotation": [0, "13+math.sin(q.anim_time*90*1.5-230+90)*18", "math.cos(q.anim_time*90*2-70)*-4"]
				},
				"fin_left": {
					"rotation": [-51.15371, "-44.1738+math.sin(q.anim_time*90*1.5-150)*10+math.cos(q.anim_time*90*2+60)*15", 68.25989]
				},
				"fin_front_left2": {
					"rotation": [0, "-10+math.sin(q.anim_time*90*1.5-210)*14", "math.cos(q.anim_time*90*2-30)*20"],
					"position": [-1, 0, 0]
				},
				"fin_front_left3": {
					"rotation": [0, "-13+math.sin(q.anim_time*90*1.5-230)*18", "math.cos(q.anim_time*90*2-70)*4"]
				},
				"fin_back_right": {
					"rotation": [-92.00871, "29.1275+math.sin(q.anim_time*90*1.5-150)*10+math.cos(q.anim_time*90*2+60)*15", -88.46817],
					"position": [3, 3, -6]
				},
				"fin_back_right2": {
					"rotation": [0, "-10+math.sin(q.anim_time*90*1.5-210)*14", "math.cos(q.anim_time*90*2-30)*20"],
					"position": [1, 0, 0]
				},
				"fin_back_right3": {
					"rotation": [0, "13+math.sin(q.anim_time*90*1.5-230+90)*18", "math.cos(q.anim_time*90*2-70)*-4"]
				},
				"fin_back_left": {
					"rotation": [-89.85151, "-25.8321+math.sin(q.anim_time*90*1.5-150)*-10+math.cos(q.anim_time*90*2+60)*-15", 87.9493],
					"position": [-3, 3, -6]
				},
				"fin_back_left2": {
					"rotation": [0, "10+math.sin(q.anim_time*90*1.5-210+90)*14", "math.cos(q.anim_time*90*2-30)*-20"],
					"position": [-1, 0, 0]
				},
				"fin_back_left3": {
					"rotation": [0, "13+math.sin(q.anim_time*90*1.5-230+90)*18", "math.cos(q.anim_time*90*2-70)*-4"]
				},
				"tail": {
					"rotation": {
						"0.0": [0, 10, 0],
						"1.0": [0, -10, 0],
						"2.0": [0, 10, 0],
						"3.0": [0, -10, 0],
						"4.0": [0, 10, 0]
					},
					"position": {
						"0.0": [1, 0, -2],
						"1.0": [-1, 0, -2],
						"2.0": [1, 0, -2],
						"3.0": [-1, 0, -2],
						"4.0": [1, 0, -2]
					}
				},
				"tail2": {
					"rotation": {
						"0.0": [0, 20, 0],
						"1.0": [0, -20, 0],
						"2.0": [0, 20, 0],
						"3.0": [0, -20, 0],
						"4.0": [0, 20, 0],
						"5.0": [0, -20, 0],
						"6.0": [0, 20, 0],
						"7.0": [0, -20, 0],
						"8.0": [0, 20, 0]
					},
					"position": {
						"0.0": [4, 0, -3],
						"1.0": [-4, 0, -3],
						"2.0": [4, 0, -3],
						"3.0": [-4, 0, -3],
						"4.0": [4, 0, -3],
						"5.0": [-4, 0, -3],
						"6.0": [4, 0, -3],
						"7.0": [-4, 0, -3],
						"8.0": [4, 0, -3]
					}
				},
				"tail_fin": {
					"rotation": {
						"0.0": [0, 17.5, 0],
						"1.0": [0, -17.5, 0],
						"2.0": [0, 17.5, 0],
						"3.0": [0, -17.5, 0],
						"4.0": [0, 17.5, 0],
						"5.0": [0, -17.5, 0],
						"6.0": [0, 17.5, 0],
						"7.0": [0, -17.5, 0],
						"8.0": [0, 17.5, 0]
					},
					"position": {
						"0.0": [3, 0, 0],
						"1.0": [-3, 0, 0],
						"2.0": [3, 0, 0],
						"3.0": [-3, 0, 0],
						"4.0": [3, 0, 0],
						"5.0": [-3, 0, 0],
						"6.0": [3, 0, 0],
						"7.0": [-3, 0, 0],
						"8.0": [3, 0, 0]
					}
				}
			}
		},
		"animation.dunkleovish.sleep": {
			"loop": true,
			"animation_length": 8,
			"bones": {
				"tail6": {
					"rotation": [32.5, 0, 0]
				},
				"head": {
					"rotation": ["-22.5+math.sin(q.anim_time*90*1.5-110)*1", "math.sin(q.anim_time*90*0.5-20)*-5", "0+math.sin(q.anim_time*90*0.5-120)*12"]
				},
				"pupil_left": {
					"position": [-0.1, 0, 0]
				},
				"inner_eyelid_left": {
					"position": [0.1, 0, 0]
				},
				"pupil_right": {
					"position": [0.1, 0, 0]
				},
				"inner_eyelid_right": {
					"position": [-0.1, 0, 0]
				},
				"jaw": {
					"rotation": ["15+math.sin(q.anim_time*90*1.5-90)*-3", 0, 0]
				},
				"fin_front_right": {
					"rotation": [-255.13947, "77.363+math.sin(q.anim_time*90*0.5-120)*-12", -263.98013]
				},
				"fin_front_right2": {
					"rotation": [1.71872, "14.8497+math.sin(q.anim_time*90*0.5-120)*6", 10.14514],
					"position": [0.5, 0, 0]
				},
				"fin_front_right3": {
					"rotation": [0, "55+math.sin(q.anim_time*90*0.5-50)*-10", 0]
				},
				"fin_left": {
					"rotation": [-254.34174, "-96.3538+math.sin(q.anim_time*90*0.5-120)*-12", 263.51371]
				},
				"fin_front_left2": {
					"rotation": [-0.21411, "-14.6809+math.sin(q.anim_time*90*0.5-120)*6", -9.65053],
					"position": [-0.5, 0, 0]
				},
				"fin_front_left3": {
					"rotation": [0, "-55+math.sin(q.anim_time*90*0.5-50)*-10", 0]
				},
				"fin_back_right": {
					"rotation": [-354.63874, "-53.8584+math.sin(q.anim_time*90*0.5-120)*-12", 365.5152],
					"position": [1, 0, 0]
				},
				"fin_back_right2": {
					"rotation": [-0.21411, "-14.6809+math.sin(q.anim_time*90*0.5-120)*6", -9.65053],
					"position": [0.5, 0, 0]
				},
				"fin_back_right3": {
					"rotation": [0, "-55+math.sin(q.anim_time*90*0.5-50)*-10", 0]
				},
				"fin_back_left": {
					"rotation": [-357.14461, "30.1485+math.sin(q.anim_time*90*0.5-120)*-12", -366.99471],
					"position": [-1, 0, 0]
				},
				"fin_back_left2": {
					"rotation": [1.71872, "14.8497+math.sin(q.anim_time*90*0.5-120)*6", 10.14514],
					"position": [-0.5, 0, 0]
				},
				"fin_back_left3": {
					"rotation": [0, "55+math.sin(q.anim_time*90*0.5-50)*-10", 0]
				},
				"tail": {
					"rotation": {
						"0.0": [0, 10, 0],
						"2.0": [0, -10, 0],
						"4.0": [0, 10, 0],
						"6.0": [0, -10, 0],
						"8.0": [0, 10, 0]
					},
					"position": {
						"0.0": [1, 0, -2],
						"2.0": [-1, 0, -2],
						"4.0": [1, 0, -2],
						"6.0": [-1, 0, -2],
						"8.0": [1, 0, -2]
					}
				},
				"tail2": {
					"rotation": {
						"0.0": [0, 20, 0],
						"2.0": [0, -20, 0],
						"4.0": [0, 20, 0],
						"6.0": [0, -20, 0],
						"8.0": [0, 20, 0]
					},
					"position": {
						"0.0": [4, 0, -3],
						"2.0": [-4, 0, -3],
						"4.0": [4, 0, -3],
						"6.0": [-4, 0, -3],
						"8.0": [4, 0, -3]
					}
				},
				"tail_fin": {
					"rotation": {
						"0.0": [0, 17.5, 0],
						"2.0": [0, -17.5, 0],
						"4.0": [0, 17.5, 0],
						"6.0": [0, -17.5, 0],
						"8.0": [0, 17.5, 0]
					},
					"position": {
						"0.0": [3, 0, 0],
						"2.0": [-3, 0, 0],
						"4.0": [3, 0, 0],
						"6.0": [-3, 0, 0],
						"8.0": [3, 0, 0]
					}
				}
			}
		},
		"animation.dunkleovish.water_idle": {
			"loop": true,
			"bones": {
				"tail6": {
					"rotation": [32.5, 0, 0]
				},
				"head": {
					"rotation": ["math.sin(q.anim_time*90*1.5-110)*1", 0, "math.sin(q.anim_time*90*0.5-120)*12"]
				},
				"jaw": {
					"rotation": ["math.sin(q.anim_time*90*1.5-90)*-3", 0, 0]
				},
				"fin_front_right": {
					"rotation": ["-25+math.sin(q.anim_time*90*0.75-50)*5", "15+math.sin(q.anim_time*90*0.75-90)*10", -30]
				},
				"fin_front_right2": {
					"rotation": [2, "math.sin(q.anim_time*90*0.75-130)*17", 10],
					"position": [1, 0, 0]
				},
				"fin_front_right3": {
					"rotation": [0, "math.sin(q.anim_time*90*0.75-190)*13", 0]
				},
				"fin_left": {
					"rotation": ["-25+math.sin(q.anim_time*90*0.75-50)*5", "-15+math.sin(q.anim_time*90*0.75-90)*-10", 30]
				},
				"fin_front_left2": {
					"rotation": [2, "-(math.sin(q.anim_time*90*0.75-130)*17)", -10],
					"position": [-1, 0, 0]
				},
				"fin_front_left3": {
					"rotation": [0, "-(math.sin(q.anim_time*90*0.75-190)*13)", 0]
				},
				"torso": {
					"rotation": ["math.sin(q.anim_time*90*1.5-110)*1", 0, "math.sin(q.anim_time*90*0.5-120)*12"]
				},
				"waist": {
					"rotation": ["0.0143+math.sin(q.anim_time*90*1.5-110)*1", 0.16316, "9.9988+math.sin(q.anim_time*90*0.5-120)*12"]
				},
				"fin_back_right": {
					"rotation": ["-90+math.sin(q.anim_time*90*0.75-50)*5", "15+math.sin(q.anim_time*90*0.75-90)*10", -30],
					"position": [3, 0, 0]
				},
				"fin_back_right2": {
					"rotation": [2, "math.sin(q.anim_time*90*0.75-130)*17", 10],
					"position": [1, 0, 0]
				},
				"fin_back_right3": {
					"rotation": [0, "math.sin(q.anim_time*90*0.75-190)*13", 0]
				},
				"fin_back_left": {
					"rotation": ["-87.5+math.sin(q.anim_time*90*0.75-50)*5", "-15+math.sin(q.anim_time*90*0.75-90)*-10", 30],
					"position": [-3, 0, 0]
				},
				"fin_back_left2": {
					"rotation": [2, "-(math.sin(q.anim_time*90*0.75-130)*17)", -10],
					"position": [-1, 0, 0]
				},
				"fin_back_left3": {
					"rotation": [0, "-(math.sin(q.anim_time*90*0.75-190)*13)", 0]
				}
			}
		},
		"animation.dunkleovish.water_battle_idle": {
			"loop": true,
			"bones": {
				"tail6": {
					"rotation": [32.5, 0, 0]
				},
				"head": {
					"rotation": ["math.sin(q.anim_time*90*1.5-60)*6", 0, "math.sin(q.anim_time*90*1-150)*12"]
				},
				"jaw": {
					"rotation": ["math.sin(q.anim_time*90*2.5-90)*-8", 0, 0]
				},
				"fin_front_right": {
					"rotation": ["-25+math.sin(q.anim_time*90*1.5-50)*5", "15+math.sin(q.anim_time*90*1.5-90)*10", -30]
				},
				"fin_front_right2": {
					"rotation": [2, "math.sin(q.anim_time*90*1.5-130)*17", 10],
					"position": [1, 0, 0]
				},
				"fin_front_right3": {
					"rotation": [0, "math.sin(q.anim_time*90*1.5-190)*13", 0]
				},
				"fin_left": {
					"rotation": ["-25+math.sin(q.anim_time*90*1.5-50)*5", "-15+math.sin(q.anim_time*90*1.5-90)*-10", 30]
				},
				"fin_front_left2": {
					"rotation": [2, "-(math.sin(q.anim_time*90*1.5-130)*17)", -10],
					"position": [-1, 0, 0]
				},
				"fin_front_left3": {
					"rotation": [0, "-(math.sin(q.anim_time*90*1.5-190)*13)", 0]
				},
				"torso": {
					"rotation": ["math.sin(q.anim_time*90*1.5-60)*6", 0, "math.sin(q.anim_time*90*1-150)*12"]
				},
				"waist": {
					"rotation": ["math.sin(q.anim_time*90*1.5-60)*6", 0, "math.sin(q.anim_time*90*1-150)*12"],
					"position": [0, -1, 0]
				},
				"fin_back_right": {
					"rotation": ["-90+math.sin(q.anim_time*90*1.5-50)*5", "15+math.sin(q.anim_time*90*1.5-90)*10", -30],
					"position": [3, 0, 0]
				},
				"fin_back_right2": {
					"rotation": [2, "math.sin(q.anim_time*90*1.5-130)*17", 10],
					"position": [1, 0, 0]
				},
				"fin_back_right3": {
					"rotation": [0, "math.sin(q.anim_time*90*1.5-190)*13", 0]
				},
				"fin_back_left": {
					"rotation": ["-90+math.sin(q.anim_time*90*1.5-50)*5", "-15+math.sin(q.anim_time*90*1.5-90)*-10", 30],
					"position": [-3, 0, 0]
				},
				"fin_back_left2": {
					"rotation": [2, "-(math.sin(q.anim_time*90*1.5-130)*17)", -10],
					"position": [-1, 0, 0]
				},
				"fin_back_left3": {
					"rotation": [0, "-(math.sin(q.anim_time*90*1.5-190)*13)", 0]
				}
			}
		},
		"animation.dunkleovish.water_swim": {
			"loop": true,
			"animation_length": 8,
			"bones": {
				"tail6": {
					"rotation": ["-7.5-math.cos(q.anim_time*90*3-200)*8", "math.sin(q.anim_time*90*1.5-200)*9", 0]
				},
				"tail7": {
					"rotation": ["-10-math.cos(q.anim_time*90*3-280)*12", "math.sin(q.anim_time*90*1.5-240)*14", 0]
				},
				"chest": {
					"rotation": ["0.5-math.sin(q.anim_time*90*6-20)*2", 0, "0+math.sin(q.anim_time*90*2-80)*2"]
				},
				"arm_left": {
					"rotation": [5.26604, "22.3188-math.sin(q.anim_time*90*4-60)*6+math.sin(q.anim_time*90*3+180)*10", 63.10353]
				},
				"arm_left2": {
					"rotation": [0, "75.894-math.sin(q.anim_time*90*4-150)*5", 0]
				},
				"hand_left": {
					"rotation": [0, -10, "60+math.sin(q.anim_time*90*4-210)*5"]
				},
				"claws_left": {
					"rotation": [0, 0, 32.5]
				},
				"claw_middle_left2": {
					"rotation": [0, 0, 20]
				},
				"claw_middle_left3": {
					"rotation": [0, 0, 15]
				},
				"claw_inner_left2": {
					"rotation": [0, 0, 47.5]
				},
				"claw_inner_left3": {
					"rotation": [0, 0, 25]
				},
				"claw_outer_left2": {
					"rotation": [0, 0, 25]
				},
				"claw_outer_left3": {
					"rotation": [0, 0, 17.5]
				},
				"wrist_left": {
					"rotation": [52.5, 0, 0]
				},
				"arm_fin_left": {
					"rotation": [0, 5, "10+math.sin(q.anim_time*90*10-150)*0.2"]
				},
				"arm_fin_left2": {
					"rotation": [0, "72.5-math.sin(q.anim_time*90*4-150)*5", 0]
				},
				"arm_fin_detail_left": {
					"rotation": [4.62934, -24.59477, "-11.0097+math.sin(q.anim_time*90*20-150)*0.4"]
				},
				"arm_right": {
					"rotation": [5.26604, "-22.3188+math.sin(q.anim_time*90*4-60)*6-math.sin(q.anim_time*90*3+180)*10", -63.10353]
				},
				"arm_fin_right": {
					"rotation": [0, -5, "-10+math.sin(q.anim_time*90*10-150)*0.2"]
				},
				"arm_fin_detail_right": {
					"rotation": [4.62934, 24.59477, "11.0097+math.sin(q.anim_time*90*20-150)*0.4"]
				},
				"arm_right2": {
					"rotation": [0, "-75.894-math.sin(q.anim_time*90*4-150)*5", 0]
				},
				"arm_fin_right2": {
					"rotation": [0, "-72.5-math.sin(q.anim_time*90*4-150)*5", 0]
				},
				"wrist_right": {
					"rotation": [65.10555, -3.9649, -3.04868]
				},
				"hand_right": {
					"rotation": [0, 0, "-67.5+math.sin(q.anim_time*90*4-150)*5"]
				},
				"claws_right": {
					"rotation": [0, 0, -17.5]
				},
				"claw_inner_right2": {
					"rotation": [1.91757, -4.61854, -52.57734]
				},
				"claw_inner_right3": {
					"rotation": [0, 0, -20]
				},
				"claw_middle_right": {
					"rotation": [0, 0, "math.sin(q.anim_time*90*3-280)*2"]
				},
				"claw_middle_right2": {
					"rotation": [0, 0, -27.5]
				},
				"claw_middle_right3": {
					"rotation": [0, 0, -32.5]
				},
				"claw_outer_right2": {
					"rotation": [0, 0, -27.5]
				},
				"claw_outer_right3": {
					"rotation": [0, 0, -25]
				},
				"neck2": {
					"rotation": ["5+math.sin(q.anim_time*90*3-190)*1", 0, 0]
				},
				"muzzle": {
					"rotation": [-12.5, 0, 0]
				},
				"muzzle2": {
					"rotation": [-10, 0, 0]
				},
				"jaw2": {
					"rotation": [-7.51021, -0.27878, -0.29383]
				},
				"tongue": {
					"rotation": [-20, 0, 0]
				},
				"tongue_bend": {
					"rotation": [25, 0, 0]
				},
				"claw_middle_left": {
					"rotation": [0, 0, "math.sin(q.anim_time*90*3-280)*2"]
				},
				"claw_outer_left": {
					"rotation": [0, 0, "math.sin(q.anim_time*90*3-280)*5"]
				},
				"claw_outer_right": {
					"rotation": [0, 0, "math.sin(q.anim_time*90*3-280)*5"]
				},
				"neck": {
					"rotation": ["12.5+math.sin(q.anim_time*90*3-160)*8", 0, "0+math.sin(q.anim_time*90*1.5-240)*9"]
				},
				"neck3": {
					"rotation": [0, 0, 0]
				},
				"head_fur_top2": {
					"rotation": ["-5-math.sin(q.anim_time*90*6+290)*2", 0, 0]
				},
				"head_fur_left2": {
					"rotation": [0, 0, "math.sin(q.anim_time*90*6+290)*2"]
				},
				"head_fur_right2": {
					"rotation": [0, 0, "-(math.sin(q.anim_time*90*6+290)*2)"]
				},
				"head_fur_top_left2": {
					"rotation": [0, 0, "12.5+math.sin(q.anim_time*90*6+290)*2"]
				},
				"head_fur_top_right2": {
					"rotation": [0, 0, "-12.5+math.sin(q.anim_time*90*6+290)*2"]
				},
				"head_fur_bottom_left2": {
					"rotation": [0, 0, "math.sin(q.anim_time*90*6+290)*2"]
				},
				"head_fur_bottom_right2": {
					"rotation": [0, 0, "-(math.sin(q.anim_time*90*6+290)*2)"]
				},
				"arms": {
					"position": [0, "math.sin(q.anim_time*90*3+220)*1", 0]
				},
				"head": {
					"rotation": [
						"7.5+math.sin(q.anim_time*90*1.5-110)*2+math.cos(q.anim_time*90*3-230)*6",
						"math.cos(q.anim_time*90*1.5-60)*-8",
						"math.cos(q.anim_time*90*1.5-120)*13"
					],
					"position": [0, 1.49993, -0.01398]
				},
				"jaw": {
					"rotation": ["math.sin(q.anim_time*90*1.5-90)*-3", 0, 0]
				},
				"fin_front_right": {
					"rotation": ["-66.2835+math.sin(q.anim_time*90*2.5-50)*5", "18.8101+math.sin(q.anim_time*90*2.5-90)*10", -52.87568]
				},
				"fin_front_right2": {
					"rotation": [5.34893, "0.9673+math.sin(q.anim_time*90*2.5-130)*17", -5.33692],
					"position": [1, 0, 0]
				},
				"fin_front_right3": {
					"rotation": [0, "math.sin(q.anim_time*90*2.5-190)*13", 0]
				},
				"fin_left": {
					"rotation": ["-66.2835+math.sin(q.anim_time*90*2.5-50)*5", "-18.8101+math.sin(q.anim_time*90*2.5-90)*-10", 52.87568]
				},
				"fin_front_left2": {
					"rotation": [5.34893, "-0.9673+math.sin(q.anim_time*90*2.5-130)*-17", 5.33692],
					"position": [-1, 0, 0]
				},
				"fin_front_left3": {
					"rotation": [0, "-(math.sin(q.anim_time*90*2.5-190)*13)", 0]
				},
				"torso": {
					"rotation": [
						"7.5+math.sin(q.anim_time*90*1.5-110)*2+math.cos(q.anim_time*90*3-230)*6",
						"math.cos(q.anim_time*90*1.5-60)*-8",
						"math.cos(q.anim_time*90*1.5-120)*13"
					],
					"position": [0, 1.49993, -0.01398]
				},
				"fin_back_right": {
					"rotation": ["-90+math.sin(q.anim_time*90*2.5-50)*5", "18.8101+math.sin(q.anim_time*90*2.5-90)*10", -52.87568],
					"position": [4, 0, 0]
				},
				"fin_back_right2": {
					"rotation": [5.34893, "0.9673+math.sin(q.anim_time*90*2.5-130)*17", -5.33692],
					"position": [1, 0, 0]
				},
				"fin_back_right3": {
					"rotation": [0, "math.sin(q.anim_time*90*2.5-190)*13", 0]
				},
				"fin_back_left": {
					"rotation": ["-90+math.sin(q.anim_time*90*2.5-50)*5", "-18.8101+math.sin(q.anim_time*90*2.5-90)*-10", 52.87568],
					"position": [-4, 0, 0]
				},
				"fin_back_left2": {
					"rotation": [5.34893, "-0.9673+math.sin(q.anim_time*90*2.5-130)*-17", 5.33692],
					"position": [-1, 0, 0]
				},
				"fin_back_left3": {
					"rotation": [0, "-(math.sin(q.anim_time*90*2.5-190)*13)", 0]
				},
				"tail": {
					"rotation": {
						"0.0": [0, 10, 0],
						"1.0": [0, -10, 0],
						"2.0": [0, 10, 0],
						"3.0": [0, -10, 0],
						"4.0": [0, 10, 0],
						"5.0": [0, -10, 0],
						"6.0": [0, 10, 0],
						"7.0": [0, -10, 0],
						"8.0": [0, 10, 0]
					},
					"position": {
						"0.0": [1, 0, -2],
						"1.0": [-1, 0, -2],
						"2.0": [1, 0, -2],
						"3.0": [-1, 0, -2],
						"4.0": [1, 0, -2],
						"5.0": [-1, 0, -2],
						"6.0": [1, 0, -2],
						"7.0": [-1, 0, -2],
						"8.0": [1, 0, -2]
					}
				},
				"tail2": {
					"rotation": {
						"0.0": [0, 10, 0],
						"1.0": [0, -10, 0],
						"2.0": [0, 10, 0],
						"3.0": [0, -10, 0],
						"4.0": [0, 10, 0],
						"5.0": [0, -10, 0],
						"6.0": [0, 10, 0],
						"7.0": [0, -10, 0],
						"8.0": [0, 10, 0]
					},
					"position": {
						"0.0": [1, 0, -2],
						"1.0": [-1, 0, -2],
						"2.0": [1, 0, -2],
						"3.0": [-1, 0, -2],
						"4.0": [1, 0, -2],
						"5.0": [-1, 0, -2],
						"6.0": [1, 0, -2],
						"7.0": [-1, 0, -2],
						"8.0": [1, 0, -2]
					}
				},
				"tail_fin": {
					"rotation": {
						"0.0": [0, 10, 0],
						"1.0": [0, -10, 0],
						"2.0": [0, 10, 0],
						"3.0": [0, -10, 0],
						"4.0": [0, 10, 0],
						"5.0": [0, -10, 0],
						"6.0": [0, 10, 0],
						"7.0": [0, -10, 0],
						"8.0": [0, 10, 0]
					},
					"position": {
						"0.0": [1, 0, -2],
						"1.0": [-1, 0, -2],
						"2.0": [1, 0, -2],
						"3.0": [-1, 0, -2],
						"4.0": [1, 0, -2],
						"5.0": [-1, 0, -2],
						"6.0": [1, 0, -2],
						"7.0": [-1, 0, -2],
						"8.0": [1, 0, -2]
					}
				}
			}
		},
		"animation.dunkleovish.watersleep": {
			"loop": true,
			"bones": {
				"tail6": {
					"rotation": [32.5, 0, 0]
				},
				"head": {
					"rotation": ["-22.5+math.sin(q.anim_time*90*1.5-110)*1", "math.sin(q.anim_time*90*0.5-20)*-5", "0+math.sin(q.anim_time*90*0.5-120)*12"]
				},
				"pupil_left": {
					"position": [-0.1, 0, 0]
				},
				"inner_eyelid_left": {
					"position": [0.1, 0, 0]
				},
				"pupil_right": {
					"position": [0.1, 0, 0]
				},
				"inner_eyelid_right": {
					"position": [-0.1, 0, 0]
				},
				"jaw": {
					"rotation": ["15+math.sin(q.anim_time*90*1.5-90)*-3", 0, 0]
				},
				"fin_front_right": {
					"rotation": ["-25.3108+math.sin(q.anim_time*90*0.75-50)*5", "7.6991+math.sin(q.anim_time*90*0.75-90)*10", -43.11593]
				},
				"fin_front_right2": {
					"rotation": [2, "math.sin(q.anim_time*90*0.75-130)*17", 10],
					"position": [0.5, 0, 0]
				},
				"fin_front_right3": {
					"rotation": [0, "math.sin(q.anim_time*90*0.75-190)*13", 0]
				},
				"fin_left": {
					"rotation": ["-25.3108+math.sin(q.anim_time*90*0.75-50)*5", "-7.6991+math.sin(q.anim_time*90*0.75-90)*10", 43.11593]
				},
				"fin_front_left2": {
					"rotation": [2, "math.sin(q.anim_time*90*0.75-130)*17", -10],
					"position": [-0.5, 0, 0]
				},
				"fin_front_left3": {
					"rotation": [0, "math.sin(q.anim_time*90*0.75-190)*13", 0]
				},
				"torso": {
					"rotation": ["-22.5+math.sin(q.anim_time*90*1.5-110)*1", "math.sin(q.anim_time*90*0.5-20)*-5", "0+math.sin(q.anim_time*90*0.5-120)*12"]
				},
				"fin_back_right": {
					"rotation": ["-90+math.sin(q.anim_time*90*0.75-50)*5", "7.6991+math.sin(q.anim_time*90*0.75-90)*10", -43.11593],
					"position": [3, 0, -2]
				},
				"fin_back_right2": {
					"rotation": [2, "math.sin(q.anim_time*90*0.75-130)*17", 10],
					"position": [0.5, 0, 0]
				},
				"fin_back_right3": {
					"rotation": [0, "math.sin(q.anim_time*90*0.75-190)*13", 0]
				},
				"fin_back_left": {
					"rotation": ["-90+math.sin(q.anim_time*90*0.75-50)*5", "-7.6991+math.sin(q.anim_time*90*0.75-90)*10", 43.11593],
					"position": [-4, 0, -2]
				},
				"fin_back_left2": {
					"rotation": [2, "math.sin(q.anim_time*90*0.75-130)*17", -10],
					"position": [-0.5, 0, 0]
				},
				"fin_back_left3": {
					"rotation": [0, "math.sin(q.anim_time*90*0.75-190)*13", 0]
				}
			}
		},
		"animation.dunkleovish.blink": {
			"animation_length": 0.1667,
			"bones": {
				"pupil_left": {
					"position": {
						"0.0": [-0.1, 0, 0],
						"0.125": [-0.1, 0, 0],
						"0.1667": {
							"pre": [-0.1, 0, 0],
							"post": [0, 0, 0]
						}
					}
				},
				"inner_eyelid_left": {
					"position": {
						"0.0": [0.1, 0, 0],
						"0.125": [0.1, 0, 0],
						"0.1667": {
							"pre": [0.1, 0, 0],
							"post": [0, 0, 0]
						}
					}
				},
				"pupil_right": {
					"position": {
						"0.0": [0.1, 0, 0],
						"0.125": [0.1, 0, 0],
						"0.1667": {
							"pre": [0.1, 0, 0],
							"post": [0, 0, 0]
						}
					}
				},
				"inner_eyelid_right": {
					"position": {
						"0.0": [-0.1, 0, 0],
						"0.125": [-0.1, 0, 0],
						"0.1667": {
							"pre": [-0.1, 0, 0],
							"post": [0, 0, 0]
						}
					}
				}
			}
		}
	}
}