{
  "species": "cobblemon:flabebe",
  "order": 1,
  "variations": [
    {
      "aspects": ["flower-expansion-purple"],
      "poser": "cobblemon:flabebe",
      "model": "cobblemon:flabebe.geo",
      "texture": "cobblemon:textures/pokemon/0669_flabebe/flabebe_flower_purple.png",
      "layers": [
        {
          "texture": "cobblemon:textures/pokemon/0669_flabebe/flabebe.png"
        }
      ]
    },
    {
      "aspects": ["flower-expansion-purple", "shiny"],
      "poser": "cobblemon:flabebe",
      "model": "cobblemon:flabebe.geo",
      "texture": "cobblemon:textures/pokemon/0669_flabebe/flabebe_flower_purple_shiny.png",
      "layers": [
        {
          "texture": "cobblemon:textures/pokemon/0669_flabebe/flabebe_shiny.png"
        }
      ]
    },

    {
      "aspects": ["flower-expansion-black"],
      "poser": "cobblemon:flabebe",
      "model": "cobblemon:flabebe.geo",
      "texture": "cobblemon:textures/pokemon/0669_flabebe/flabebe_flower_black.png",
      "layers": [
        {
          "texture": "cobblemon:textures/pokemon/0669_flabebe/flabebe.png"
        }
      ]
    },
    {
      "aspects": ["flower-expansion-black", "shiny"],
      "poser": "cobblemon:flabebe",
      "model": "cobblemon:flabebe.geo",
      "texture": "cobblemon:textures/pokemon/0669_flabebe/flabebe_flower_black_shiny.png",
      "layers": [
        {
          "texture": "cobblemon:textures/pokemon/0669_flabebe/flabebe_shiny.png"
        }
      ]
    },

    {
      "aspects": ["flower-expansion-green"],
      "poser": "cobblemon:flabebe",
      "model": "cobblemon:flabebe.geo",
      "texture": "cobblemon:textures/pokemon/0669_flabebe/flabebe_flower_green.png",
      "layers": [
        {
          "texture": "cobblemon:textures/pokemon/0669_flabebe/flabebe.png"
        }
      ]
    },
    {
      "aspects": ["flower-expansion-green", "shiny"],
      "poser": "cobblemon:flabebe",
      "model": "cobblemon:flabebe.geo",
      "texture": "cobblemon:textures/pokemon/0669_flabebe/flabebe_flower_green_shiny.png",
      "layers": [
        {
          "texture": "cobblemon:textures/pokemon/0669_flabebe/flabebe_shiny.png"
        }
      ]
    },

    {
      "aspects": ["flower-expansion-cyan"],
      "poser": "cobblemon:flabebe",
      "model": "cobblemon:flabebe.geo",
      "texture": "cobblemon:textures/pokemon/0669_flabebe/flabebe_flower_cyan.png",
      "layers": [
        {
          "texture": "cobblemon:textures/pokemon/0669_flabebe/flabebe.png"
        }
      ]
    },
    {
      "aspects": ["flower-expansion-cyan", "shiny"],
      "poser": "cobblemon:flabebe",
      "model": "cobblemon:flabebe.geo",
      "texture": "cobblemon:textures/pokemon/0669_flabebe/flabebe_flower_cyan_shiny.png",
      "layers": [
        {
          "texture": "cobblemon:textures/pokemon/0669_flabebe/flabebe_shiny.png"
        }
      ]
    },

    {
      "aspects": ["flower-expansion-brown"],
      "poser": "cobblemon:flabebe",
      "model": "cobblemon:flabebe.geo",
      "texture": "cobblemon:textures/pokemon/0669_flabebe/flabebe_flower_brown.png",
      "layers": [
        {
          "texture": "cobblemon:textures/pokemon/0669_flabebe/flabebe.png"
        }
      ]
    },
    {
      "aspects": ["flower-expansion-brown", "shiny"],
      "poser": "cobblemon:flabebe",
      "model": "cobblemon:flabebe.geo",
      "texture": "cobblemon:textures/pokemon/0669_flabebe/flabebe_flower_brown_shiny.png",
      "layers": [
        {
          "texture": "cobblemon:textures/pokemon/0669_flabebe/flabebe_shiny.png"
        }
      ]
    }
  ]
}
