{
  "species": "cobblemon:charizard",
  "order": 3,
  "variations": [
    {
      "aspects": [ "mega_y", "shiny", "drake"],
      "model": "cobblemon:charizard_mega_drake_y.geo",
      "texture": "cobblemon:textures/pokemon/charizard_drake/charizard_mega_drake_y_shiny.png",
      "layers": [
        {
          "name": "flame",
          "texture": "cobblemon:textures/pokemon/blank.png",
          "emissive": true,
          "translucent": true
        },
        {
          "name": "glow",
          "texture": "cobblemon:textures/pokemon/charizard_drake/drake_y_glow.png",
          "emissive": true,
          "translucent": true
        }
      ]
    },
    {
      "aspects": [ "mega_y", "shiny", "drake"],
      "model": "cobblemon:charizard_mega_drake_y.geo",
      "texture": "cobblemon:textures/pokemon/charizard_drake/charizard_mega_drake_y_shiny.png",
      "layers": [
        {
          "name": "flame",
          "texture": "cobblemon:textures/pokemon/blank.png",
          "emissive": true,
          "translucent": true
        },
        {
          "name": "glow",
          "texture": "cobblemon:textures/pokemon/charizard_drake/drake_y_glow.png",
          "emissive": true,
          "translucent": true
        }
      ]
    }
  ]
}