{
    "species": "cobblemon:charizard",
    "order": 1,
    "variations": [
      {
        "aspects": ["shiny", "drake"],
        "poser": "cobblemon:charizard_drake",
        "model": "cobblemon:charizard_drake.geo",
        "texture": "cobblemon:textures/pokemon/charizard_drake/charizard_drake.png",
        "layers": [
        {
          "name": "flame",
          "texture": {
            "frames": [
              "cobblemon:textures/pokemon/charizard_drake/charizard_drake_flame1.png",
              "cobblemon:textures/pokemon/charizard_drake/charizard_drake_flame2.png",
              "cobblemon:textures/pokemon/charizard_drake/charizard_drake_flame3.png",
              "cobblemon:textures/pokemon/charizard_drake/charizard_drake_flame4.png"
            ],
            "fps": 10,
            "loop": true
          },
          "emissive": true,
          "translucent": true
        }
      ]
      }
    ]
  }