{
	"format_version": "1.12.0",
	"minecraft:geometry": [
		{
			"description": {
				"identifier": "geometry.mew_rocket",
				"texture_width": 128,
				"texture_height": 128,
				"visible_bounds_width": 7,
				"visible_bounds_height": 3.5,
				"visible_bounds_offset": [0, 1.25, 0]
			},
			"bones": [
				{
					"name": "mew_rocket",
					"pivot": [0, 0, 0]
				},
				{
					"name": "body",
					"parent": "mew_rocket",
					"pivot": [0, 10, 0]
				},
				{
					"name": "torso",
					"parent": "body",
					"pivot": [0, 4.5, 0],
					"cubes": [
						{"origin": [-2.5, 2, -2], "size": [5, 6, 4], "uv": [0, 40]}
					]
				},
				{
					"name": "torso2",
					"parent": "torso",
					"pivot": [0, 8, 0],
					"cubes": [
						{"origin": [-2, 8, -2], "size": [4, 4, 4], "uv": [19, 40]},
						{"origin": [0, 9.98481, -3.82635], "size": [0, 2, 2], "inflate": 0.01, "pivot": [0, 11, -2], "rotation": [10, 45, 0], "uv": [0, -2]},
						{"origin": [0, 8.88456, -3.77825], "size": [0, 2, 2], "pivot": [0, 11, -2], "rotation": [27.5, 45, 0], "uv": [0, -2]},
						{"origin": [-1.5, 12, -1.5], "size": [3, 2, 3], "uv": [52, 11]},
						{"origin": [-1.5, 12, -1.5], "size": [3, 1, 3], "inflate": 0.2, "uv": [24, 0]}
					]
				},
				{
					"name": "arm_left",
					"parent": "torso2",
					"pivot": [2, 10.25, -0.25],
					"cubes": [
						{"origin": [1.5, 9.75, -1.25], "size": [5, 1, 2], "uv": [50, 22]}
					]
				},
				{
					"name": "arm_right",
					"parent": "torso2",
					"pivot": [-2, 10.25, -0.25],
					"cubes": [
						{"origin": [-6.5, 9.75, -1.25], "size": [5, 1, 2], "uv": [52, 0]}
					]
				},
				{
					"name": "head",
					"parent": "torso2",
					"pivot": [0, 13, 0],
					"cubes": [
						{"origin": [-4, 13, -4], "size": [8, 6, 7], "uv": [0, 15]},
						{"origin": [3.83716, 14.99619, -1], "size": [2, 2, 0], "pivot": [3.75, 15, -1], "rotation": [1.81693, -19.92066, -5.3191], "uv": [43, 50]},
						{"origin": [-0.16189, 12.98202, 2.75], "size": [2, 2, 0], "pivot": [0, 15, 2.75], "rotation": [-90, -85, 90], "uv": [59, 30]},
						{"origin": [0.08716, 14.99619, 2.75], "size": [2, 2, 0], "pivot": [0, 15, 2.75], "rotation": [90, -85, -90], "uv": [43, 50]},
						{"origin": [3.58811, 12.98202, -1], "size": [2, 2, 0], "pivot": [3.75, 15, -1], "rotation": [-1.81693, -19.92066, 5.3191], "uv": [59, 30]},
						{"origin": [-5.83716, 14.99619, -1], "size": [2, 2, 0], "pivot": [-3.75, 15, -1], "rotation": [1.81693, 19.92066, 5.3191], "uv": [43, 50], "mirror": true},
						{"origin": [-5.58811, 12.98202, -1], "size": [2, 2, 0], "pivot": [-3.75, 15, -1], "rotation": [-1.81693, 19.92066, -5.3191], "uv": [59, 30], "mirror": true},
						{"origin": [-4, 13, -4], "size": [8, 6, 7], "inflate": 0.2, "uv": [0, 0]}
					]
				},
				{
					"name": "mouth_open",
					"parent": "head",
					"pivot": [0, 14.5, -3],
					"cubes": [
						{"origin": [-1.25, 14, -3], "size": [2.5, 1, 0], "inflate": 0.01, "uv": [0, 29]}
					]
				},
				{
					"name": "snout",
					"parent": "head",
					"pivot": [0, 15.5, -4],
					"rotation": [15, 0, 0],
					"cubes": [
						{"origin": [-2, 13.5, -6], "size": [4, 2, 2], "uv": [52, 4]}
					]
				},
				{
					"name": "ear_left",
					"parent": "head",
					"pivot": [1.75, 19, 0],
					"cubes": [
						{"origin": [2, 17.5, -1.25], "size": [2, 3, 3], "pivot": [2, 19, 0.25], "rotation": [-45, 0, 20], "uv": [43, 54]},
						{"origin": [4, 18, -0.75], "size": [0, 2, 2], "inflate": 0.01, "pivot": [2, 19, 0.25], "rotation": [-45, 0, 20], "uv": [11, 51]}
					]
				},
				{
					"name": "ear_right",
					"parent": "head",
					"pivot": [-1.75, 19, 0],
					"cubes": [
						{"origin": [-4, 17.5, -1.25], "size": [2, 3, 3], "pivot": [-2, 19, 0.25], "rotation": [-45, 0, -20], "uv": [54, 54]},
						{"origin": [-4, 18, -0.75], "size": [0, 2, 2], "inflate": 0.01, "pivot": [-2, 19, 0.25], "rotation": [-45, 0, -20], "uv": [11, 51], "mirror": true}
					]
				},
				{
					"name": "eye_left",
					"parent": "head",
					"pivot": [3.01, 16, -2.51],
					"cubes": [
						{"origin": [2.01, 14.5, -4.01], "size": [2, 2, 2], "uv": [11, 59]},
						{"origin": [2.01, 16.5, -4.01], "size": [2, 1, 2], "inflate": 0.02, "uv": [59, 26]},
						{"origin": [2.51, 15, -4.01], "size": [1, 2, 0], "inflate": 0.01, "uv": [46, 37]}
					]
				},
				{
					"name": "eyelid_left",
					"parent": "eye_left",
					"pivot": [2.91, 16, -2.41],
					"cubes": [
						{"origin": [1.91, 14.5, -3.91], "size": [2, 3, 2], "inflate": 0.03, "uv": [20, 58]}
					]
				},
				{
					"name": "eye_right",
					"parent": "head",
					"pivot": [-3.01, 16, -2.51],
					"cubes": [
						{"origin": [-4.01, 14.5, -4.01], "size": [2, 2, 2], "uv": [29, 59]},
						{"origin": [-3.51, 15, -4.01], "size": [1, 2, 0], "inflate": 0.01, "uv": [46, 37], "mirror": true},
						{"origin": [-4.01, 16.5, -4.01], "size": [2, 1, 2], "inflate": 0.02, "uv": [59, 26], "mirror": true}
					]
				},
				{
					"name": "eyelid_right",
					"parent": "eye_right",
					"pivot": [-2.81, 16, -2.31],
					"cubes": [
						{"origin": [-3.91, 14.5, -3.91], "size": [2, 3, 2], "inflate": 0.03, "uv": [0, 59]}
					]
				},
				{
					"name": "tail",
					"parent": "torso",
					"pivot": [0, 3.75, 1.5],
					"cubes": [
						{"origin": [0, 2.75, 1.5], "size": [0, 2, 6], "inflate": 0.001, "uv": [49, 37]}
					]
				},
				{
					"name": "tail2",
					"parent": "tail",
					"pivot": [0, 3.75, 7.5],
					"cubes": [
						{"origin": [0, 2.75, 7.5], "size": [0, 2, 5], "uv": [49, 46]}
					]
				},
				{
					"name": "tail3",
					"parent": "tail2",
					"pivot": [0, 3.75, 12.5],
					"cubes": [
						{"origin": [0, 2.75, 12.5], "size": [0, 2, 6], "inflate": 0.001, "uv": [19, 49]}
					]
				},
				{
					"name": "tail4",
					"parent": "tail3",
					"pivot": [0, 3.75, 18.5],
					"cubes": [
						{"origin": [0, 2.75, 18.5], "size": [0, 2, 5], "uv": [50, 14]}
					]
				},
				{
					"name": "tail5",
					"parent": "tail4",
					"pivot": [0, 3.75, 23.5],
					"cubes": [
						{"origin": [0, 2.75, 23.5], "size": [0, 2, 5], "inflate": 0.001, "uv": [32, 50]}
					]
				},
				{
					"name": "tail6",
					"parent": "tail5",
					"pivot": [0, 3.75, 28.5],
					"cubes": [
						{"origin": [0, 2.75, 28.5], "size": [0, 2, 5], "uv": [0, 51]}
					]
				},
				{
					"name": "tail7",
					"parent": "tail6",
					"pivot": [0, 3.75, 32.5],
					"cubes": [
						{"origin": [-0.5, 2.25, 32.5], "size": [1, 3, 8], "uv": [31, 15]},
						{"origin": [0, 5.25, 33], "size": [0, 5, 8], "uv": [35, 0]},
						{"origin": [0, -2.75, 32.5], "size": [0, 5, 8], "pivot": [0, -0.25, 36.5], "rotation": [0, 0, -180], "uv": [35, 0]}
					]
				},
				{
					"name": "leg_left",
					"parent": "body",
					"pivot": [3, 4.5, 0],
					"cubes": [
						{"origin": [2, 1, -2], "size": [2, 5, 4], "inflate": 0.02, "uv": [36, 40]}
					]
				},
				{
					"name": "foot_left",
					"parent": "leg_left",
					"pivot": [3, 1.25, -0.5],
					"cubes": [
						{"origin": [2, 0, -7.5], "size": [2, 1, 9], "uv": [0, 29]}
					]
				},
				{
					"name": "leg_right",
					"parent": "body",
					"pivot": [-3, 4.5, 0],
					"cubes": [
						{"origin": [-4, 1, -2], "size": [2, 5, 4], "inflate": 0.02, "uv": [46, 27]}
					]
				},
				{
					"name": "foot_right",
					"parent": "leg_right",
					"pivot": [-3, 1.25, -0.5],
					"cubes": [
						{"origin": [-4, 0, -7.5], "size": [2, 1, 9], "uv": [23, 29]}
					]
				}
			]
		}
	]
}