{
  "species": "cobblemon:braixen",
  "order": 2,
  "variations": [
    {
      "aspects": ["aurora"],
      "poser": "cobblemon:braixen_aurora",
      "model": "cobblemon:braixen_aurora.geo",
      "texture": "cobblemon:textures/pokemon/0654_braixen/braixen_aurora.png",
      "layers": [
        {
          "name": "emissive",
          "emissive": true,
          "texture": "cobblemon:textures/pokemon/0654_braixen/braixen_aurora_emissive.png",
          "translucent": true
        }
      ]
    },
    {
      "aspects": ["aurora", "cosmetic_item-silk_scarf"],
      "layers": [
        {
          "texture": "cobblemon:textures/pokemon/0654_braixen/braixen_ribbon.png"
        }
      ]
    },
    {
      "aspects": ["aurora", "shiny"],
      "poser": "cobblemon:braixen_aurora",
      "model": "cobblemon:braixen_aurora.geo",
      "texture": "cobblemon:textures/pokemon/0654_braixen/braixen_aurora_shiny.png",
      "layers": [
        {
          "name": "emissive",
          "emissive": true,
          "texture": "cobblemon:textures/pokemon/0654_braixen/braixen_aurora_emissive.png",
          "translucent": true
        }
      ]
    },
    {
      "aspects": ["aurora", "shiny", "cosmetic_item-silk_scarf"],
      "layers": [
        {
          "texture": "cobblemon:textures/pokemon/0654_braixen/braixen_ribbon.png"
        }
      ]
    }
  ]
}
