{
  "species": "cobblemon:florges",
  "order": 0,
  "variations": [
    {
      "aspects": ["flower-expansion-purple"],
      "texture": "cobblemon:textures/pokemon/0671_florges/florges_flower_purple.png",
      "layers": [
        {
          "texture": "cobblemon:textures/pokemon/0671_florges/florges.png"
        }
      ]
    },
    {
      "aspects": ["flower-expansion-black"],
      "texture": "cobblemon:textures/pokemon/0671_florges/florges_flower_black.png",
      "layers": [
        {
          "texture": "cobblemon:textures/pokemon/0671_florges/florges.png"
        }
      ]
    },
    {
      "aspects": ["flower-expansion-green"],
      "texture": "cobblemon:textures/pokemon/0671_florges/florges_flower_green.png",
      "layers": [
        {
          "texture": "cobblemon:textures/pokemon/0671_florges/florges.png"
        }
      ]
    },
    {
      "aspects": ["flower-expansion-cyan"],
      "texture": "cobblemon:textures/pokemon/0671_florges/florges_flower_cyan.png",
      "layers": [
        {
          "texture": "cobblemon:textures/pokemon/0671_florges/florges.png"
        }
      ]
    },
    {
      "aspects": ["flower-expansion-brown"],
      "texture": "cobblemon:textures/pokemon/0671_florges/florges_flower_brown.png",
      "layers": [
        {
          "texture": "cobblemon:textures/pokemon/0671_florges/florges.png"
        }
      ]
    }
  ]
}
