{
    "target": "cobblemon:mimikyu",
    "shoulderEffects": [{
		"type": "potion_effect",
		"effect": "minecraft:bad_omen",
		"amplifier": 0,
		"ambient": true,
		"showParticles": false,
		"showIcon": true
		},{
		"type": "potion_effect",
		"effect": "minecraft:unluck",
		"amplifier": 0,
		"ambient": true,
		"showParticles": false,
		"showIcon": true
		},{
		"type": "potion_effect",
		"effect": "minecraft:wither",
		"amplifier": 0,
		"ambient": true,
		"showParticles": false,
		"showIcon": true
		},{
		"type": "potion_effect",
		"effect": "minecraft:darkness",
		"amplifier": 0,
		"ambient": true,
		"showParticles": false,
		"showIcon": true
		}
	]
}
