{
	"format_version": "1.8.0",
	"animations": {
		"animation.braixen_aurora.ground_idle": {
			"loop": true,
			"bones": {
				"torso": {
					"rotation": [2.5, 0, 0]
				},
				"waist": {
					"rotation": [-5, 0, 0]
				},
				"chest": {
					"rotation": [2.5, 0, 0]
				},
				"arm_left": {
					"rotation": [0, 7.5, 70]
				},
				"arm_left2": {
					"rotation": [-5, 37.5, -2.5]
				},
				"hand_left": {
					"rotation": [57.5, -10, 7.5]
				},
				"neck": {
					"rotation": [-5, 0, 0]
				},
				"head": {
					"rotation": [12.5, 0, 0]
				},
				"tail": {
					"rotation": [5, 0, 0]
				},
				"stick_tail": {
					"rotation": [-5, 0, 0]
				},
				"leg_left": {
					"rotation": [0.88045, -9.96156, -5.07673]
				},
				"leg_left3": {
					"rotation": [0.00039, -5.00185, 5.99069]
				},
				"foot_left": {
					"rotation": [1, 0, 0]
				},
				"leg_right": {
					"rotation": [0.88045, 9.96156, 5.07673]
				},
				"leg_right3": {
					"rotation": [0.00039, 5.00185, -5.99069]
				},
				"finger_front_left": {
					"rotation": [9.99527, 9.84653, 30.20756]
				},
				"finger_back_left": {
					"rotation": [-4.26175, -9.05478, 25.33761]
				},
				"finger_middle_left": {
					"rotation": [0, 0, 27.5]
				},
				"arm_right": {
					"rotation": [65, 22.5, -45],
					"position": [0, 0, 0.5]
				},
				"arm_right2": {
					"rotation": [-15, -82.5, 15]
				},
				"hand_right": {
					"rotation": [-10, -22.5, 70]
				},
				"finger_front_right": {
					"rotation": [9.99527, -9.84653, -30.20756]
				},
				"finger_middle_right": {
					"rotation": [0, 0, -27.5]
				},
				"finger_back_right": {
					"rotation": [-4.26175, 9.05478, -25.33761]
				},
				"ear_ruff_left2": {
					"rotation": [0, -7.5, 0]
				},
				"ear_ruff_left3": {
					"rotation": [0, -7.5, 0]
				},
				"ear_ruff_left4": {
					"rotation": [0, -7.5, 0]
				},
				"skirt_front2": {
					"rotation": [-2.5, 0, 0]
				},
				"foot_right": {
					"rotation": [1, 0, 0]
				},
				"ear_ruff_left": {
					"rotation": [0, -7.5, 0]
				},
				"ear_ruff_right": {
					"rotation": [0, 7.5, 0]
				},
				"ear_ruff_right2": {
					"rotation": [0, 7.5, 0]
				},
				"ear_ruff_right3": {
					"rotation": [0, 7.5, 0]
				},
				"ear_ruff_right4": {
					"rotation": [0, 7.5, 0]
				},
				"skirt_front_left": {
					"rotation": [0, 0, 10]
				},
				"skirt_front_right": {
					"rotation": [0, 0, -10]
				},
				"ear_ruff_shock_left": {
					"scale": 0
				},
				"ear_ruff_shock_right": {
					"scale": 0
				},
				"wand": {
					"scale": 0
				}
			}
		},
		"animation.braixen_aurora.battle_idle": {
			"loop": true,
			"bones": {
				"body": {
					"rotation": [0, -52.5, 0],
					"position": [-0.5, -2.05, 0]
				},
				"torso": {
					"rotation": [15, -10, 0]
				},
				"waist": {
					"rotation": [-2.5, -2.5, 0]
				},
				"chest": {
					"rotation": [-5, 2.5, 0]
				},
				"chest_ruff_right": {
					"rotation": [0, -7.5, 0]
				},
				"arm_left": {
					"rotation": [-17.6727, -39.40477, 39.97348]
				},
				"arm_left2": {
					"rotation": [-20.25932, 65.7455, -24.37437]
				},
				"hand_left": {
					"rotation": [0, 0, -17.5]
				},
				"finger_front_left": {
					"rotation": [0, 0, 17.5]
				},
				"finger_middle_left": {
					"rotation": [0, 0, 10]
				},
				"finger_back_left": {
					"rotation": [0, -10, 0]
				},
				"arm_right": {
					"rotation": [-60.09473, -14.92923, -20.56425]
				},
				"arm_right2": {
					"rotation": [0, -45, 0]
				},
				"hand_right": {
					"rotation": [0, 27.5, 15]
				},
				"finger_front_right": {
					"rotation": [0, 0, -80]
				},
				"finger_middle_right": {
					"rotation": [0, 0, -70]
				},
				"finger_back_right": {
					"rotation": [0, 0, -77.5]
				},
				"neck": {
					"rotation": [0, 32.5, -7.5]
				},
				"head": {
					"rotation": [-7.5, 20, -5]
				},
				"ear_ruff_left2": {
					"rotation": [0, -12.5, 0]
				},
				"ear_ruff_left3": {
					"rotation": [0, -5, -10]
				},
				"ear_ruff_left4": {
					"rotation": [0, -17.5, 0]
				},
				"skirt_left": {
					"rotation": [0, -5, 0]
				},
				"skirt_left2": {
					"rotation": [0, 0, -5]
				},
				"skirt_left3": {
					"rotation": [0, 0, -5]
				},
				"skirt_right2": {
					"rotation": [0, 0, 5]
				},
				"skirt_right3": {
					"rotation": [0, 0, 5]
				},
				"tail": {
					"rotation": [7.5, 0, 0]
				},
				"stick_tail": {
					"scale": 0
				},
				"leg_left": {
					"rotation": [-0.5, -35, -26],
					"position": [1, 0, 0]
				},
				"leg_left2": {
					"rotation": [10, 0, 0]
				},
				"leg_left3": {
					"rotation": [-22.5, 0, 0]
				},
				"foot_left": {
					"rotation": [29.78634, -18.01295, 11.28749],
					"position": [0, -0.5, 0]
				},
				"leg_right": {
					"rotation": [-7.80674, 36.44232, 19.22515],
					"position": [-1, -0.75, -0.75]
				},
				"leg_right2": {
					"rotation": [29.75489, -5.05904, 8.04401]
				},
				"leg_right3": {
					"rotation": [-30.5, -2, -1]
				},
				"foot_right": {
					"rotation": [22.5, 20, -10],
					"position": [0, -0.5, 0]
				},
				"ear_ruff_right2": {
					"rotation": [0, 12.5, 0]
				},
				"ear_ruff_right3": {
					"rotation": [0, 5, 10]
				},
				"ear_ruff_right4": {
					"rotation": [0, 17.5, 0]
				},
				"skirt_front_left": {
					"rotation": [0, 0, 7.5]
				},
				"skirt_front_right": {
					"rotation": [0, 0, -2.5]
				},
				"ear_ruff_shock_left": {
					"scale": 0
				},
				"ear_ruff_shock_right": {
					"scale": 0
				},
				"skirt": {
					"rotation": [-5, 0, 0]
				},
				"body_wand": {
					"rotation": [0, -52.5, 0],
					"position": [-0.5, -2.05, 0]
				},
				"torso_wand": {
					"rotation": [15, -10, 0]
				},
				"waist_wand": {
					"rotation": [-2.5, -2.5, 0]
				},
				"chest_wand": {
					"rotation": [-5, 2.5, 0]
				},
				"arm_wand": {
					"rotation": [-60.09473, -14.92923, -20.56425]
				},
				"arm2_wand": {
					"rotation": [0, -45, 0]
				},
				"hand_wand": {
					"rotation": [0, 27.5, 15]
				},
				"wand": {
					"rotation": [90, 10, 0],
					"position": [6.5, -1, -0.5]
				}
			}
		},
		"animation.braixen_aurora.blink": {
			"animation_length": 0.1667,
			"bones": {
				"eyelid_left": {
					"position": {
						"0.0": [0.1, 0, -0.1],
						"0.125": [0.1, 0, -0.1],
						"0.1667": {"pre": [0.1, 0, -0.1], "post": [0, 0, 0]}
					}
				},
				"eyelid_right": {
					"position": {
						"0.0": [-0.1, 0, -0.1],
						"0.125": [-0.1, 0, -0.1],
						"0.1667": {"pre": [-0.1, 0, -0.1], "post": [0, 0, 0]}
					}
				}
			}
		},
		"animation.braixen_aurora.cry": {
			"animation_length": 1,
			"bones": {
				"head": {
					"rotation": {
						"0.0": [0, 0, 0],
						"0.0417": [-2.05, 0, 0],
						"0.0833": [-2.7, 0, 0],
						"0.1667": [4, 0, 0],
						"0.2083": [3.72, 0, 0],
						"0.375": [-2.38, 0, 0],
						"0.4167": [-2.7, 0, 0],
						"0.5": [-2.4, 0, 0],
						"0.6667": [-0.3, 0, 0],
						"0.75": [0, 0, 0]
					}
				},
				"jaw": {
					"rotation": {
						"0.0": [0, 0, 0],
						"0.0417": [27.2, 0, 0],
						"0.0833": [30, 0, 0],
						"0.1667": [19, 0, 0],
						"0.2083": [17.65, 0, 0],
						"0.3333": [57.56, 0, 0],
						"0.375": [60, 0, 0],
						"0.4167": [56.99, 0, 0],
						"0.7083": [4.23, 0, 0],
						"0.7917": [0, 0, 0]
					}
				},
				"fangs": {
					"position": {
						"0.0": [0, 0, 0],
						"0.0417": [0, -0.5, 0],
						"0.625": [0, -0.5, 0],
						"0.6667": [0, 0, 0]
					}
				}
			},
			"sound_effects": {
				"0.0": {
					"effect": "pokemon.braixen_aurora.cry"
				}
			}
		},
		"animation.braixen_aurora.ground_walk": {
			"loop": true,
			"bones": {
				"torso_bottom": {
					"rotation": ["2.5-math.sin(q.anim_time*90*10-45)*1", 0, 0]
				},
				"neck": {
					"rotation": ["10-math.sin(q.anim_time*90*10)*2", "-math.sin(q.anim_time*90*5)*5", 0]
				},
				"head": {
					"rotation": ["-17.5+math.sin(q.anim_time*90*10+45)*2", 0, 0]
				},
				"arm_right": {
					"rotation": [0, "0+math.sin(q.anim_time*90*5+45)*10", "-40+math.abs(math.sin(q.anim_time*90*5)*10)"]
				},
				"arm_right2": {
					"rotation": [0, "-20+math.sin(q.anim_time*90*5)*10", 25]
				},
				"arm_left": {
					"rotation": [0, "0+math.sin(q.anim_time*90*5+45)*10", "40-math.abs(math.sin(q.anim_time*90*5)*10)"]
				},
				"arm_left2": {
					"rotation": [0, "20+math.sin(q.anim_time*90*5)*10", -25]
				},
				"tail": {
					"rotation": ["10+math.sin(q.anim_time*90*10)*2", "math.sin(q.anim_time*90*5-90)*8", "math.sin(q.anim_time*90*5-90)*2"],
					"position": [0, 0, 0.5]
				},
				"stick_tail": {
					"rotation": [0, 0, "-math.sin(q.anim_time*90*5-45)*6"]
				},
				"tail2": {
					"rotation": [0, 0, "math.sin(q.anim_time*90*5-45)*8"]
				},
				"tail3": {
					"rotation": ["math.sin(q.anim_time*90*10-90)*4", 0, 0]
				},
				"tail4": {
					"rotation": ["math.sin(q.anim_time*90*10-135)*4", 0, 0]
				},
				"body": {
					"rotation": [10, 0, 0],
					"position": [0, "math.abs(math.sin(q.anim_time*90*5-15)*1)", 2]
				},
				"torso_top": {
					"rotation": ["-math.sin(q.anim_time*90*10)*0.5", "math.sin(q.anim_time*90*5)*2", 0]
				},
				"chest": {
					"rotation": [0, "math.sin(q.anim_time*90*5)*4", 0]
				},
				"ear_right_main": {
					"rotation": [0, 17.5, 0]
				},
				"ear_ruff_right": {
					"rotation": [0, 0, "-math.sin(q.anim_time*90*10+45)*2"]
				},
				"ear_ruff_right2": {
					"rotation": [0, 22.5, "-math.sin(q.anim_time*90*10)*2"]
				},
				"ear_ruff_right3": {
					"rotation": [0, 10, "-math.sin(q.anim_time*90*10-45)*2"]
				},
				"ear_left_main": {
					"rotation": [0, -17.5, 0]
				},
				"ear_ruff_left": {
					"rotation": [0, 0, "math.sin(q.anim_time*90*10+45)*2"]
				},
				"ear_ruff_left2": {
					"rotation": [0, -20, "math.sin(q.anim_time*90*10)*2"]
				},
				"ear_ruff_left3": {
					"rotation": [0, -10, "math.sin(q.anim_time*90*10-45)*2"]
				},
				"leg_right": {
					"rotation": ["-math.sin(q.anim_time*90*5-90)*15", 0, 0],
					"position": [0, "math.clamp(math.sin(q.anim_time*90*5+90*0)*1.5,0,180)", 0]
				},
				"leg_right2": {
					"rotation": ["-math.sin(q.anim_time*90*5-135)*15", 0, 0]
				},
				"leg_right3": {
					"rotation": ["math.clamp(math.sin(q.anim_time*90*5-180)*25,-180,5)", 0, 0]
				},
				"leg_right4": {
					"rotation": ["-math.clamp(math.sin(q.anim_time*90*5-180)*25,-90,0)", 0, 0]
				},
				"leg_left": {
					"rotation": ["math.sin(q.anim_time*90*5-90)*15", 0, 0],
					"position": [0, "math.clamp(-math.sin(q.anim_time*90*5+90*0)*1.5,0,180)", 0]
				},
				"leg_left2": {
					"rotation": ["math.sin(q.anim_time*90*5-135)*15", 0, 0]
				},
				"leg_left3": {
					"rotation": ["-math.clamp(math.sin(q.anim_time*90*5-180)*25,-5,180)", 0, 0]
				},
				"leg_left4": {
					"rotation": ["math.clamp(math.sin(q.anim_time*90*5-180)*25,0,90)", 0, 0]
				},
				"hand_left": {
					"rotation": [0, 0, -5]
				},
				"finger_middle_left": {
					"rotation": [0, 0, 7.5]
				},
				"finger_back_left": {
					"rotation": [0, 0, 22.5]
				},
				"hand_right": {
					"rotation": [0, 0, 5]
				},
				"finger_middle_right": {
					"rotation": [0, 0, -7.5]
				},
				"finger_back_right": {
					"rotation": [0, 0, -22.5]
				},
				"wand": {
					"scale": 0
				},
				"ear_ruff_shock_left": {
					"scale": 0
				},
				"ear_ruff_left4": {
					"rotation": [0, 12.5, 0]
				},
				"ear_ruff_shock_right": {
					"scale": 0
				},
				"ear_ruff_right4": {
					"rotation": [0, -12.5, 0]
				}
			}
		}
	}
}