{
  "pokemon.braixen_aurora.cry": {
    "sounds": [ { "name": "cobblemon:pokemon/braixen/braixen_aurora_cry", "volume": 0.8 } ]
  },
  "pokemon.charizard.cry": {
    "sounds": [ { "name": "cobblemon:pokemon/charizard/charizard_cry", "volume": 0.8 } ]
  },
  "animation.leather.wing_flap.medium": {
    "sounds": [
      { "name": "cobblemon:animation/wings/leather_wing_flap_medium_1", "volume": 0.3 },
      { "name": "cobblemon:animation/wings/leather_wing_flap_medium_2", "volume": 0.3 },
      { "name": "cobblemon:animation/wings/leather_wing_flap_medium_3", "volume": 0.3 },
      { "name": "cobblemon:animation/wings/leather_wing_flap_medium_4", "volume": 0.3 },
      { "name": "cobblemon:animation/wings/leather_wing_flap_medium_5", "volume": 0.3 },
      { "name": "cobblemon:animation/wings/leather_wing_flap_medium_6", "volume": 0.3 },
      { "name": "cobblemon:animation/wings/leather_wing_flap_medium_7", "volume": 0.3 }
    ]
  },
  "pokemon.braixen_aurora.ambient": {
    "sounds": [ { "name": "cobblemon:pokemon/braixen/braixen_aurora_ambient", "volume": 0.8 } ]
  },
  "pokemon.pumpkaboo.ambient": {
    "sounds": [ "cobblemon:pokemon/pumpkaboo/pumpkaboo_ambient" ]
  },
  "pokemon.gourgeist.ambient": {
    "sounds": [ "cobblemon:pokemon/gourgeist/gourgeist_ambient" ]
  },  
  "pokemon.pumpkaboo.cry": {
    "sounds": [ { "name": "cobblemon:pokemon/pumpkaboo/pumpkaboo_cry", "volume": 0.8 } ]
  },
  "pokemon.gourgeist.cry": {
    "sounds": [ { "name": "cobblemon:pokemon/gourgeist/gourgeist_cry", "volume": 0.8 } ]
  }
}