{
    "target": "cobblemon:braixen",
    "features": ["aurora"],
    "forms": [
        {
            "name": "Aurora",
            "maleRatio": 0,
            "aspects": [
                "aurora"
            ],
            "primaryType": "fire",
            "secondaryType": "ice",
            "pokedex": [
                "cobblemon.species.braixen-aurora.desc"
            ],
            "abilities": [
                "blaze",
                "h:berserk"
            ],
            "baseStats": {
               "hp": 75,
                "attack": 65,
                "defence": 75,
                "special_attack": 120,
                "special_defence": 95,
                "speed": 104
            },
            "evolutions": [],
            "moves": [
                "1:scratch",
                "1:tailwhip",
                "1:ember",
                "11:howl",
                "14:aurorabeam",
                "18:icywind",
                "22:firespin",
                "28:mist",
                "32:frostburn",
                "41:flamethrower",
                "45:willowisp",
                "49:freezedry",
                "52:sunnyday",
                "56:auroraveil",
                "59:fireblast",
                "egg:copycat",
                "egg:heatwave",
                "egg:hypnosis",
                "egg:magicroom",
                "egg:wish",
                "tm:agility",
                "tm:allyswitch",
                "tm:auroraveil",
                "tm:blizzard",
                "tm:burningjealousy",
                "tm:calmmind",
                "tm:charm",
                "tm:covet",
                "tm:cut",
                "tm:dreameater",
                "tm:echoedvoice",
                "tm:embargo",
                "tm:encore",
                "tm:endure",
                "tm:facade",
                "tm:fireblast",
                "tm:firepledge",
                "tm:firepunch",
                "tm:firespin",
                "tm:flamecharge",
                "tm:flamethrower",
                "tm:flareblitz",
                "tm:foulplay",
                "tm:grassknot",
                "tm:haze",
                "tm:heatwave",
                "tm:helpinghand",
                "tm:icebeam",
                "tm:imprison",
                "tm:incinerate",
                "tm:irontail",
                "tm:laserfocus",
                "tm:lightscreen",
                "tm:lowkick",
                "tm:magiccoat",
                "tm:magicroom",
                "tm:mudshot",
                "tm:mudslap",
                "tm:overheat",
                "tm:poweruppunch",
                "tm:protect",
                "tm:psybeam",
                "tm:psychic",
                "tm:psychicterrain",
                "tm:psyshock",
                "tm:raindance",
                "tm:recycle",
                "tm:rest",
                "tm:safeguard",
                "tm:scorchingsands",
                "tm:shockwave",
                "tm:skillswap",
                "tm:sleeptalk",
                "tm:snatch",
                "tm:solarbeam",
                "tm:storedpower",
                "tm:substitute",
                "tm:sunnyday",
                "tm:swift",
                "tm:takedown",
                "tm:telekinesis",
                "tm:terablast",
                "tm:thief",
                "tm:thunderpunch",
                "tm:trick",
                "tm:trickroom",
                "tm:willowisp",
                "tm:wonderroom",
                "tm:workup",
                "tm:zenheadbutt",
                "tutor:allyswitch",
                "tutor:burningjealousy",
                "tutor:calmmind",
                "tutor:covet",
                "tutor:firepledge",
                "tutor:firepunch",
                "tutor:flamethrower",
                "tutor:foulplay",
                "tutor:heatwave",
                "tutor:helpinghand",
                "tutor:irontail",
                "tutor:laserfocus",
                "tutor:lowkick",
                "tutor:magiccoat",
                "tutor:magicroom",
                "tutor:mudslap",
                "tutor:psychic",
                "tutor:recycle",
                "tutor:rest",
                "tutor:shockwave",
                "tutor:skillswap",
                "tutor:sleeptalk",
                "tutor:snatch",
                "tutor:swift",
                "tutor:telekinesis",
                "tutor:thunderpunch",
                "tutor:trick",
                "tutor:wonderroom",
                "tutor:zenheadbutt",
                "legacy:attract",
                "legacy:confide",
                "legacy:doubleteam",
                "legacy:frustration",
                "legacy:hiddenpower",
                "legacy:psychup",
                "legacy:return",
                "legacy:round",
                "legacy:secretpower",
                "legacy:snore",
                "legacy:swagger",
                "legacy:toxic"
                ]
        }
    ]
}