{
    "target": "cobblemon:charizard",
    "features": ["drake"],
    "forms": [
      {
        "name": "Drake",
        "maleRatio": 1,
        "aspects": [
          "drake"
        ],
        "cannotDynamax": false,
        "battleOnly": false,
        "baseScale": 1.4,
        "hitbox": {
          "width": 2,
          "height": 3.7,
          "fixed": false
        },
        "pokedex": [
          "cobblemon.species.charizard-drake.desc"
        ]
      },
      {
        "name": "Drake-Mega-Y",
        "primaryType": "fire",
        "secondaryType": "flying",
        "maleRatio": 1,
        "pokedex": [
          "cobblemon.species.charizard-megay.desc"
        ],
        "labels": [
          "gen6",
          "mega"
        ],
        "aspects": [
          "mega_y",
          "drake"
        ],
        "abilities": [
          "drought",
          "h:drought"
        ],
        "baseStats": {
          "hp": 78,
          "attack": 104,
          "defence": 78,
          "special_attack": 159,
          "special_defence": 115,
          "speed": 100
        },
        "baseExperienceYield": 317,
        "riding": {
          "behaviour": {
            "key": "cobblemon:composite",
            "alternateBehaviour": {
              "speed": "Math.clamp(q.entity.velocity.horizontal_magnitude + 0.33, 0, 1)",
              "key": "cobblemon:air/bird",
              "gravity": "q.gravity * (0.1 + (q.passenger_count - 1) * 0.1)",
              "jumpVector": [
                0,
                "0.3*q.jump_strength/50",
                0
              ]
            },
            "defaultBehaviour": {
              "speed": "Math.clamp(q.entity.velocity.horizontal_magnitude + 0.33, 0, 1)",
              "key": "cobblemon:land/horse",
              "gravity": "q.gravity * (0.1 + (q.passenger_count - 1) * 0.1)",
              "jumpVector": [
                0,
                "0.3*q.jump_strength/50",
                "-1 * 0.5*q.jump_strength/50"
              ]
            },
            "transitionStrategy": "cobblemon:strategy/jump"
          },
          "seats": [],
          "stats": {
            "ACCELERATION": {
              "ranges": {
                "AIR": "20-50",
                "LAND": "90-100"
              }
            },
            "JUMP": {
              "ranges": {
                "AIR": "25-50",
                "LAND": "10-20"
              }
            },
            "SKILL": {
              "ranges": {
                "AIR": "50-100",
                "LAND": "15-30"
              }
            },
            "SPEED": {
              "ranges": {
                "AIR": "25-60",
                "LAND": "10-20"
              }
            },
            "STAMINA": {
              "ranges": {
                "AIR": "35-70",
                "LAND": "15-30"
              }
            }
          }
        },
        "behaviour": {
          "herd": {
            "maxSize": "6"
          },
          "moving": {
            "swim": {
              "avoidsWater": true,
              "canSwimInLava": true
            },
            "fly": {
              "canFly": true
            }
          },
          "combat": {
            "willDefendSelf": true,
            "willDefendOwner": true,
            "willFlee": false
          },
          "resting": {
            "drowsyChance": 0.0333,
            "rouseChance": 0.0042
          },
          "fireImmune": true
        },
        "height": 23,
        "weight": 1200,
        "baseScale": 1.4,
        "hitbox": {
          "width": 2,
          "height": 3.7,
          "fixed": false
        },
        "lightingData": {
        "lightLevel": 14,
        "liquidGlowMode": "LAND"
         }
      }
    ]
  }