{
    "target": "cobblemon:gourgeist",
    "features": ["pumpkin-size", "pumpkin-color"],
    "forms": [
          {
          "name": "Average (Red)",
          "aspects": [
            "pumpkin-color-red", "pumpkin-size-average"
          ]
        },
        {
          "name": "Average (Green)",
          "aspects": [
            "pumpkin-color-green", "pumpkin-size-average"
          ]
        },
        {
          "name": "Average (White)",
          "aspects": [
            "pumpkin-color-red", "pumpkin-size-average", "shiny"
          ]
        },
        {
          "name": "Average (White)",
          "aspects": [
            "pumpkin-color-green", "pumpkin-size-average", "shiny"
          ]
        },
        {
          "name": "Small (Red)",
          "primaryType": "ghost",
          "secondaryType": "grass",
          "maleRatio": 0.5,
          "height": 7,
          "weight": 95,
          "pokedex": [
            "cobblemon.species.gourgeist-small.desc"
          ],
          "labels": [
            "gen6"
          ],
          "aspects": [
            "pumpkin-size-small", "pumpkin-color-red"
          ],
          "baseStats": {
            "hp": 55,
            "attack": 85,
            "defence": 122,
            "special_attack": 58,
            "special_defence": 75,
            "speed": 99
          },
          "baseScale": 0.43,
          "preEvolution": "pumpkaboo",
          "evolutions": [],
          "battleOnly": false
        },
        {
          "name": "Small (Green)",
          "primaryType": "ghost",
          "secondaryType": "grass",
          "maleRatio": 0.5,
          "height": 7,
          "weight": 95,
          "pokedex": [
            "cobblemon.species.gourgeist-small.desc"
          ],
          "labels": [
            "gen6"
          ],
          "aspects": [
            "pumpkin-size-small", "pumpkin-color-green"
          ],
          "baseStats": {
            "hp": 55,
            "attack": 85,
            "defence": 122,
            "special_attack": 58,
            "special_defence": 75,
            "speed": 99
          },
          "baseScale": 0.43,
          "preEvolution": "pumpkaboo",
          "evolutions": [],
          "battleOnly": false
        },
        {
          "name": "Small (White)",
          "primaryType": "ghost",
          "secondaryType": "grass",
          "maleRatio": 0.5,
          "height": 7,
          "weight": 95,
          "pokedex": [
            "cobblemon.species.gourgeist-small.desc"
          ],
          "labels": [
            "gen6"
          ],
          "aspects": [
            "pumpkin-size-small", "pumpkin-color-red", "shiny"
          ],
          "baseStats": {
            "hp": 55,
            "attack": 85,
            "defence": 122,
            "special_attack": 58,
            "special_defence": 75,
            "speed": 99
          },
          "baseScale": 0.43,
          "preEvolution": "pumpkaboo",
          "evolutions": [],
          "battleOnly": false
        },
        {
          "name": "Small (White)",
          "primaryType": "ghost",
          "secondaryType": "grass",
          "maleRatio": 0.5,
          "height": 7,
          "weight": 95,
          "pokedex": [
            "cobblemon.species.gourgeist-small.desc"
          ],
          "labels": [
            "gen6"
          ],
          "aspects": [
            "pumpkin-size-small", "pumpkin-color-green", "shiny"
          ],
          "baseStats": {
            "hp": 55,
            "attack": 85,
            "defence": 122,
            "special_attack": 58,
            "special_defence": 75,
            "speed": 99
          },
          "baseScale": 0.43,
          "preEvolution": "pumpkaboo",
          "evolutions": [],
          "battleOnly": false
        },
        {
          "name": "Large (Red)",
          "primaryType": "ghost",
          "secondaryType": "grass",
          "maleRatio": 0.5,
          "height": 11,
          "weight": 140,
          "pokedex": [
            "cobblemon.species.gourgeist-large.desc"
          ],
          "labels": [
            "gen6"
          ],
          "aspects": [
            "pumpkin-size-large", "pumpkin-color-red"
          ],
          "baseStats": {
            "hp": 75,
            "attack": 95,
            "defence": 122,
            "special_attack": 58,
            "special_defence": 75,
            "speed": 69
          },
          "baseScale": 0.7,
          "preEvolution": "pumpkaboo",
          "evolutions": [],
          "battleOnly": false
        },
        {
          "name": "Large (Green)",
          "primaryType": "ghost",
          "secondaryType": "grass",
          "maleRatio": 0.5,
          "height": 11,
          "weight": 140,
          "pokedex": [
            "cobblemon.species.gourgeist-large.desc"
          ],
          "labels": [
            "gen6"
          ],
          "aspects": [
            "pumpkin-size-large", "pumpkin-color-green"
          ],
          "baseStats": {
            "hp": 75,
            "attack": 95,
            "defence": 122,
            "special_attack": 58,
            "special_defence": 75,
            "speed": 69
          },
          "baseScale": 0.7,
          "preEvolution": "pumpkaboo",
          "evolutions": [],
          "battleOnly": false
        },
        {
          "name": "Large (White)",
          "primaryType": "ghost",
          "secondaryType": "grass",
          "maleRatio": 0.5,
          "height": 11,
          "weight": 140,
          "pokedex": [
            "cobblemon.species.gourgeist-large.desc"
          ],
          "labels": [
            "gen6"
          ],
          "aspects": [
            "pumpkin-size-large", "pumpkin-color-red", "shiny"
          ],
          "baseStats": {
            "hp": 75,
            "attack": 95,
            "defence": 122,
            "special_attack": 58,
            "special_defence": 75,
            "speed": 69
          },
          "baseScale": 0.7,
          "preEvolution": "pumpkaboo",
          "evolutions": [],
          "battleOnly": false
        },
        {
          "name": "Large (Red)",
          "primaryType": "ghost",
          "secondaryType": "grass",
          "maleRatio": 0.5,
          "height": 11,
          "weight": 140,
          "pokedex": [
            "cobblemon.species.gourgeist-large.desc"
          ],
          "labels": [
            "gen6"
          ],
          "aspects": [
            "pumpkin-size-large", "pumpkin-color-green", "shiny"
          ],
          "baseStats": {
            "hp": 75,
            "attack": 95,
            "defence": 122,
            "special_attack": 58,
            "special_defence": 75,
            "speed": 69
          },
          "baseScale": 0.7,
          "preEvolution": "pumpkaboo",
          "evolutions": [],
          "battleOnly": false
        },
        {
          "name": "Super (Red)",
          "primaryType": "ghost",
          "secondaryType": "grass",
          "maleRatio": 0.5,
          "height": 17,
          "weight": 390,
          "pokedex": [
            "cobblemon.species.gourgeist-super.desc"
          ],
          "labels": [
            "gen6"
          ],
          "aspects": [
            "pumpkin-size-super", "pumpkin-color-red"
          ],
          "baseStats": {
            "hp": 85,
            "attack": 100,
            "defence": 122,
            "special_attack": 58,
            "special_defence": 75,
            "speed": 54
          },
          "baseScale": 1,
          "preEvolution": "pumpkaboo",
          "evolutions": [],
          "battleOnly": false
        },
                {
          "name": "Super (Green)",
          "primaryType": "ghost",
          "secondaryType": "grass",
          "maleRatio": 0.5,
          "height": 17,
          "weight": 390,
          "pokedex": [
            "cobblemon.species.gourgeist-super.desc"
          ],
          "labels": [
            "gen6"
          ],
          "aspects": [
            "pumpkin-size-super", "pumpkin-color-green"
          ],
          "baseStats": {
            "hp": 85,
            "attack": 100,
            "defence": 122,
            "special_attack": 58,
            "special_defence": 75,
            "speed": 54
          },
          "baseScale": 1,
          "preEvolution": "pumpkaboo",
          "evolutions": [],
          "battleOnly": false
        },
                {
          "name": "Super (White)",
          "primaryType": "ghost",
          "secondaryType": "grass",
          "maleRatio": 0.5,
          "height": 17,
          "weight": 390,
          "pokedex": [
            "cobblemon.species.gourgeist-super.desc"
          ],
          "labels": [
            "gen6"
          ],
          "aspects": [
            "pumpkin-size-super", "pumpkin-color-red", "shiny"
          ],
          "baseStats": {
            "hp": 85,
            "attack": 100,
            "defence": 122,
            "special_attack": 58,
            "special_defence": 75,
            "speed": 54
          },
          "baseScale": 1,
          "preEvolution": "pumpkaboo",
          "evolutions": [],
          "battleOnly": false
        },
                {
          "name": "Super (White)",
          "primaryType": "ghost",
          "secondaryType": "grass",
          "maleRatio": 0.5,
          "height": 17,
          "weight": 390,
          "pokedex": [
            "cobblemon.species.gourgeist-super.desc"
          ],
          "labels": [
            "gen6"
          ],
          "aspects": [
            "pumpkin-size-super", "pumpkin-color-green", "shiny"
          ],
          "baseStats": {
            "hp": 85,
            "attack": 100,
            "defence": 122,
            "special_attack": 58,
            "special_defence": 75,
            "speed": 54
          },
          "baseScale": 1,
          "preEvolution": "pumpkaboo",
          "evolutions": [],
          "battleOnly": false
        }
      ]

  }