{
    "target": "cobblemon:mew",
    "features": ["rocket", "clone", "aoi"],
    "forms": [
      {
        "name": "Rocket",
        "primaryType": "dark",
        "secondaryType": "steel",
        "abilities": [
          "defiant",
          "h:unnerve"
        ],
        "baseStats": {
          "hp": 90,
          "attack": 130,
          "defence": 90,
          "special_attack": 80,
          "special_defence": 80,
          "speed": 130
        },
        "catchRate": 3,
        "pokedex": [
          "cobblemon.species.mew-rocket.desc"
        ],
        "maleRatio": -1,
        "baseExperienceYield": 300,
        "baseFriendship": 10,
        "shoulderMountable": true,
        "evYield": {
          "hp": 0,
          "attack": 3,
          "defence": 0,
          "special_attack": 0,
          "special_defence": 0,
          "speed": 0
        },
        "experienceGroup": "medium_slow",
        "eggCycles": 120,
        "eggGroups": [
          "undiscovered"
        ],
        "moves": [
          "1:scratch",
          "1:leer",
          "5:metalclaw",
          "10:pursuit",
          "15:honeclaws",
          "20:nightslash",
          "25:meanlook",
          "30:poisontail",
          "35:shadowsneak",
          "40:irontail",
          "45:workup",
          "50:direclaw",
          "55:firelash",
          "60:darkpulse",
          "65:glare",
          "70:crushclaw",
          "75:suckerpunch",
          "80:shadowclaw",
          "85:aurasphere",
          "90:partingshot",
          "95:outrage",
          "100:guillotine",
          "tm:takedown",
          "tm:fling",
          "tm:irondefense",
          "tm:scaryface",
          "tm:detect",
          "tm:swordsdance",
          "tm:taunt",
          "tm:thief",
          "tm:facade",
          "tm:closecombat",
          "tm:poisonjab",
          "tm:bulkup",
          "tm:workup",
          "tm:snarl",
          "tm:torment",
          "tm:knockoff",
          "tm:crosspoison",
          "tm:foulplay",
          "tm:phantomforce",
          "tm:hex",
          "tm:flamecharge",
          "tm:willowisp",
          "tm:xscissor",
          "tm:lashout",
          "tm:throatchop",
          "tm:metalsound",
          "tm:brickbreak",
          "tm:airslash",
          "tm:reversal",
          "tm:focusblast",
          "tm:steelbeam",
          "tm:spite",
          "tm:falseswipe",
          "tm:endure",
          "tm:aerialace",
          "tm:flareblitze",
          "tm:curse",
          "tm:dragonclaw",
          "tm:vacuumwave",
          "tm:breakingswipe",
          "tm:feint",
          "tm:gigaimpact",
          "tm:metalclaw",
          "tm:shadowclaw",
          "tm:darkpulse",
          "tm:shadowball",
          "tm:toxic",
          "tm:frustration",
          "tm:protect",
          "tutor:aerialace",
          "tutor:afteryou",
          "tutor:aircutter",
          "tutor:allyswitch",
          "tutor:ancientpower",
          "tutor:aquatail",
          "tutor:babydolleyes",
          "tutor:bind",
          "tutor:blastburn",
          "tutor:block",
          "tutor:bounce",
          "tutor:bugbite",
          "tutor:bulkup",
          "tutor:bulldoze",
          "tutor:burningjealousy",
          "tutor:calmmind",
          "tutor:chargebeam",
          "tutor:coaching",
          "tutor:corrosivegas",
          "tutor:covet",
          "tutor:darkpulse",
          "tutor:dazzlinggleam",
          "tutor:defog",
          "tutor:dive",
          "tutor:dracometeor",
          "tutor:dragonpulse",
          "tutor:drainpunch",
          "tutor:drillrun",
          "tutor:dualchop",
          "tutor:dualwingbeat",
          "tutor:earthpower",
          "tutor:electroweb",
          "tutor:endeavor",
          "tutor:energyball",
          "tutor:expandingforce",
          "tutor:falseswipe",
          "tutor:firefang",
          "tutor:firepledge",
          "tutor:firepunch",
          "tutor:flamethrower",
          "tutor:flashcannon",
          "tutor:flipturn",
          "tutor:focusenergy",
          "tutor:focuspunch",
          "tutor:foulplay",
          "tutor:frenzyplant",
          "tutor:furycutter",
          "tutor:gastroacid",
          "tutor:gigadrain",
          "tutor:gigaimpact",
          "tutor:grasspledge",
          "tutor:grassyglide",
          "tutor:gravity",
          "tutor:gunkshot",
          "tutor:healbell",
          "tutor:heatwave",
          "tutor:helpinghand",
          "tutor:highhorsepower",
          "tutor:hydrocannon",
          "tutor:hyperbeam",
          "tutor:hypervoice",
          "tutor:iceball",
          "tutor:icebeam",
          "tutor:icefang",
          "tutor:icepunch",
          "tutor:icywind",
          "tutor:irondefense",
          "tutor:ironhead",
          "tutor:irontail",
          "tutor:knockoff",
          "tutor:laserfocus",
          "tutor:lashout",
          "tutor:lastresort",
          "tutor:leechlife",
          "tutor:liquidation",
          "tutor:lowkick",
          "tutor:magicalleaf",
          "tutor:magiccoat",
          "tutor:magicroom",
          "tutor:magnetrise",
          "tutor:megahorn",
          "tutor:meteorbeam",
          "tutor:mistyexplosion",
          "tutor:mudslap",
          "tutor:mysticalfire",
          "tutor:ominouswind",
          "tutor:outrage",
          "tutor:painsplit",
          "tutor:playrough",
          "tutor:poisonjab",
          "tutor:poltergeist",
          "tutor:powershift",
          "tutor:psychic",
          "tutor:psychocut",
          "tutor:recycle",
          "tutor:rest",
          "tutor:risingvoltage",
          "tutor:rockslide",
          "tutor:rocksmash",
          "tutor:roleplay",
          "tutor:rollout",
          "tutor:roost",
          "tutor:scaleshot",
          "tutor:scorchingsands",
          "tutor:seedbomb",
          "tutor:shadowball",
          "tutor:shadowclaw",
          "tutor:shockwave",
          "tutor:signalbeam",
          "tutor:skillswap",
          "tutor:skittersmack",
          "tutor:skyattack",
          "tutor:sleeptalk",
          "tutor:sludgebomb",
          "tutor:snarl",
          "tutor:snatch",
          "tutor:snore",
          "tutor:spikes",
          "tutor:spite",
          "tutor:stealthrock",
          "tutor:steelbeam",
          "tutor:steelroller",
          "tutor:stompingtantrum",
          "tutor:stoneedge",
          "tutor:stringshot",
          "tutor:suckerpunch",
          "tutor:superfang",
          "tutor:superpower",
          "tutor:swift",
          "tutor:synthesis",
          "tutor:tailwind",
          "tutor:telekinesis",
          "tutor:terrainpulse",
          "tutor:throatchop",
          "tutor:thunderbolt",
          "tutor:thunderfang",
          "tutor:thunderpunch",
          "tutor:trick",
          "tutor:tripleaxel",
          "tutor:twister",
          "tutor:uproar",
          "tutor:vacuumwave",
          "tutor:waterpledge",
          "tutor:waterpulse",
          "tutor:wildcharge",
          "tutor:wonderroom",
          "tutor:worryseed",
          "tutor:xscissor",
          "tutor:zenheadbutt"
        ],
        "labels": [
          "gen1",
          "mythical"
        ],
        "aspects": [
          "rocket"
        ],
        "height": 1,
        "weight": 0.6,
        "cannotDynamax": false,
        "battleOnly": false
      },
      {
        "name": "Clone",
        "primaryType": "dark",
        "secondaryType": "steel",
        "abilities": [
          "defiant",
          "h:unnerve"
        ],
        "baseStats": {
          "hp": 85,
          "attack": 110,
          "defence": 85,
          "special_attack": 80,
          "special_defence": 80,
          "speed": 110
        },
        "catchRate": 10,
        "pokedex": [
          "cobblemon.species.mew-clone.desc"
        ],
        "maleRatio": -1,
        "baseExperienceYield": 300,
        "baseFriendship": 10,
        "shoulderMountable": false,
        "evYield": {
          "hp": 0,
          "attack": 3,
          "defence": 0,
          "special_attack": 0,
          "special_defence": 0,
          "speed": 0
        },
        "experienceGroup": "medium_slow",
        "eggCycles": 120,
        "eggGroups": [
          "undiscovered"
        ],
        "moves": [
          "1:scratch",
          "1:leer",
          "5:metalclaw",
          "10:pursuit",
          "15:honeclaws",
          "20:nightslash",
          "25:meanlook",
          "30:poisontail",
          "35:shadowsneak",
          "40:irontail",
          "45:workup",
          "50:direclaw",
          "55:firelash",
          "60:darkpulse",
          "65:glare",
          "70:crushclaw",
          "75:suckerpunch",
          "80:shadowclaw",
          "85:aurasphere",
          "90:partingshot",
          "95:outrage",
          "100:guillotine",
          "tm:takedown",
          "tm:fling",
          "tm:irondefense",
          "tm:scaryface",
          "tm:detect",
          "tm:swordsdance",
          "tm:taunt",
          "tm:thief",
          "tm:facade",
          "tm:closecombat",
          "tm:poisonjab",
          "tm:bulkup",
          "tm:workup",
          "tm:snarl",
          "tm:torment",
          "tm:knockoff",
          "tm:crosspoison",
          "tm:foulplay",
          "tm:phantomforce",
          "tm:hex",
          "tm:flamecharge",
          "tm:willowisp",
          "tm:xscissor",
          "tm:lashout",
          "tm:throatchop",
          "tm:metalsound",
          "tm:brickbreak",
          "tm:airslash",
          "tm:reversal",
          "tm:focusblast",
          "tm:steelbeam",
          "tm:spite",
          "tm:falseswipe",
          "tm:endure",
          "tm:aerialace",
          "tm:flareblitze",
          "tm:curse",
          "tm:dragonclaw",
          "tm:vacuumwave",
          "tm:breakingswipe",
          "tm:feint",
          "tm:gigaimpact",
          "tm:metalclaw",
          "tm:shadowclaw",
          "tm:darkpulse",
          "tm:shadowball",
          "tm:toxic",
          "tm:frustration",
          "tm:protect",
          "tutor:aerialace",
          "tutor:afteryou",
          "tutor:aircutter",
          "tutor:allyswitch",
          "tutor:ancientpower",
          "tutor:aquatail",
          "tutor:babydolleyes",
          "tutor:bind",
          "tutor:blastburn",
          "tutor:block",
          "tutor:bounce",
          "tutor:bugbite",
          "tutor:bulkup",
          "tutor:bulldoze",
          "tutor:burningjealousy",
          "tutor:calmmind",
          "tutor:chargebeam",
          "tutor:coaching",
          "tutor:corrosivegas",
          "tutor:covet",
          "tutor:darkpulse",
          "tutor:dazzlinggleam",
          "tutor:defog",
          "tutor:dive",
          "tutor:dracometeor",
          "tutor:dragonpulse",
          "tutor:drainpunch",
          "tutor:drillrun",
          "tutor:dualchop",
          "tutor:dualwingbeat",
          "tutor:earthpower",
          "tutor:electroweb",
          "tutor:endeavor",
          "tutor:energyball",
          "tutor:expandingforce",
          "tutor:falseswipe",
          "tutor:firefang",
          "tutor:firepledge",
          "tutor:firepunch",
          "tutor:flamethrower",
          "tutor:flashcannon",
          "tutor:flipturn",
          "tutor:focusenergy",
          "tutor:focuspunch",
          "tutor:foulplay",
          "tutor:frenzyplant",
          "tutor:furycutter",
          "tutor:gastroacid",
          "tutor:gigadrain",
          "tutor:gigaimpact",
          "tutor:grasspledge",
          "tutor:grassyglide",
          "tutor:gravity",
          "tutor:gunkshot",
          "tutor:healbell",
          "tutor:heatwave",
          "tutor:helpinghand",
          "tutor:highhorsepower",
          "tutor:hydrocannon",
          "tutor:hyperbeam",
          "tutor:hypervoice",
          "tutor:iceball",
          "tutor:icebeam",
          "tutor:icefang",
          "tutor:icepunch",
          "tutor:icywind",
          "tutor:irondefense",
          "tutor:ironhead",
          "tutor:irontail",
          "tutor:knockoff",
          "tutor:laserfocus",
          "tutor:lashout",
          "tutor:lastresort",
          "tutor:leechlife",
          "tutor:liquidation",
          "tutor:lowkick",
          "tutor:magicalleaf",
          "tutor:magiccoat",
          "tutor:magicroom",
          "tutor:magnetrise",
          "tutor:megahorn",
          "tutor:meteorbeam",
          "tutor:mistyexplosion",
          "tutor:mudslap",
          "tutor:mysticalfire",
          "tutor:ominouswind",
          "tutor:outrage",
          "tutor:painsplit",
          "tutor:playrough",
          "tutor:poisonjab",
          "tutor:poltergeist",
          "tutor:powershift",
          "tutor:psychic",
          "tutor:psychocut",
          "tutor:recycle",
          "tutor:rest",
          "tutor:risingvoltage",
          "tutor:rockslide",
          "tutor:rocksmash",
          "tutor:roleplay",
          "tutor:rollout",
          "tutor:roost",
          "tutor:scaleshot",
          "tutor:scorchingsands",
          "tutor:seedbomb",
          "tutor:shadowball",
          "tutor:shadowclaw",
          "tutor:shockwave",
          "tutor:signalbeam",
          "tutor:skillswap",
          "tutor:skittersmack",
          "tutor:skyattack",
          "tutor:sleeptalk",
          "tutor:sludgebomb",
          "tutor:snarl",
          "tutor:snatch",
          "tutor:snore",
          "tutor:spikes",
          "tutor:spite",
          "tutor:stealthrock",
          "tutor:steelbeam",
          "tutor:steelroller",
          "tutor:stompingtantrum",
          "tutor:stoneedge",
          "tutor:stringshot",
          "tutor:suckerpunch",
          "tutor:superfang",
          "tutor:superpower",
          "tutor:swift",
          "tutor:synthesis",
          "tutor:tailwind",
          "tutor:telekinesis",
          "tutor:terrainpulse",
          "tutor:throatchop",
          "tutor:thunderbolt",
          "tutor:thunderfang",
          "tutor:thunderpunch",
          "tutor:trick",
          "tutor:tripleaxel",
          "tutor:twister",
          "tutor:uproar",
          "tutor:vacuumwave",
          "tutor:waterpledge",
          "tutor:waterpulse",
          "tutor:wildcharge",
          "tutor:wonderroom",
          "tutor:worryseed",
          "tutor:xscissor",
          "tutor:zenheadbutt"
        ],
        "labels": [
          "gen1",
          "mythical"
        ],
        "aspects": [
          "clone"
        ],
        "height": 1,
        "weight": 0.6,
        "cannotDynamax": false,
        "battleOnly": false,
        "drops": {
          "amount": 1,
          "entries": [
            {
             "item": "cobblemon:petaya_berry",
             "percentage": 50
            },
            {
              "item": "cobblemon:exp_candy_s",
              "percentage": 20
            },
            {
              "item": "cobblemon:exp_candy_m",
              "percentage": 10
            },
            {
              "item": "cobblemon:covert_cloak",
              "percentage": 2
            },
            {
              "item": "cobblemon:metal_coat",
              "percentage": 2
            },
            {
              "item": "cobblemon:black_glasses",
              "percentage": 3
            },
            {
              "item": "tmcraft:tm_shadowclaw",
              "percentage": 1
            },
            {
              "item": "tmcraft:tm_nightslash",
              "percentage": 1
            },
            {
              "item": "tmcraft:tm_closecombat",
              "percentage": 1
            },
            {
              "item": "tmcraft:tm_taunt",
              "percentage": 1
            },
            {
              "item": "tmcraft:tm_swordsdance",
              "percentage": 1
            }
          ]
        }
      },
      {
        "name": "Aoi",
        "abilities": [
          "hypnobubble",
          "h:serenegrace"
        ],
        "pokedex": [
          "cobblemon.species.mew-aoi.desc"
        ],
        "maleRatio": -1,
        "baseExperienceYield": 300,
        "shoulderMountable": true,
        "evYield": {
          "hp": 0,
          "attack": 0,
          "defence": 0,
          "special_attack": 0,
          "special_defence": 3,
          "speed": 0
        },
        "experienceGroup": "medium_slow",
        "moves": [
          "1:pound",
          "1:bubble",
          "5:hypnosis",
          "10:confusion",
          "15:bubblebeam",
          "20:yawn",
          "25:psywave",
          "30:aquaring",
          "35:rest",
          "40:sleeptalk",
          "45:psychic",
          "50:calmmind",
          "55:reflect",
          "55:lightscreen",
          "60:waterpulse",
          "65:dreameater",
          "70:barrier",
          "75:aurasphere",
          "80:futuresight",
          "85:psyshock",
          "90:snore",
          "95:psychicterrain",
          "100:storedpower",
          "tm:acidspray",
          "tm:acrobatics",
          "tm:aerialace",
          "tm:afteryou",
          "tm:agility",
          "tm:aircutter",
          "tm:airslash",
          "tm:alluringvoice",
          "tm:allyswitch",
          "tm:amnesia",
          "tm:ancientpower",
          "tm:aquatail",
          "tm:assurance",
          "tm:attract",
          "tm:aurasphere",
          "tm:auroraveil",
          "tm:avalanche",
          "tm:babydolleyes",
          "tm:batonpass",
          "tm:beatup",
          "tm:bind",
          "tm:blastburn",
          "tm:blazekick",
          "tm:blizzard",
          "tm:block",
          "tm:bodypress",
          "tm:bodyslam",
          "tm:bounce",
          "tm:bravebird",
          "tm:breakingswipe",
          "tm:brickbreak",
          "tm:brine",
          "tm:brutalswing",
          "tm:bugbite",
          "tm:bugbuzz",
          "tm:bulkup",
          "tm:bulldoze",
          "tm:bulletseed",
          "tm:burningjealousy",
          "tm:calmmind",
          "tm:captivate",
          "tm:charge",
          "tm:chargebeam",
          "tm:charm",
          "tm:chillingwater",
          "tm:closecombat",
          "tm:coaching",
          "tm:confide",
          "tm:confuseray",
          "tm:corrosivegas",
          "tm:cosmicpower",
          "tm:covet",
          "tm:crosspoison",
          "tm:crunch",
          "tm:curse",
          "tm:cut",
          "tm:darkestlariat",
          "tm:darkpulse",
          "tm:dazzlinggleam",
          "tm:defog",
          "tm:dig",
          "tm:disarmingvoice",
          "tm:dive",
          "tm:doubleedge",
          "tm:doubleteam",
          "tm:dracometeor",
          "tm:dragoncheer",
          "tm:dragonclaw",
          "tm:dragondance",
          "tm:dragonpulse",
          "tm:dragontail",
          "tm:drainingkiss",
          "tm:drainpunch",
          "tm:dreameater",
          "tm:drillrun",
          "tm:dualchop",
          "tm:dualwingbeat",
          "tm:earthpower",
          "tm:earthquake",
          "tm:echoedvoice",
          "tm:eerieimpulse",
          "tm:electricterrain",
          "tm:electroball",
          "tm:electroweb",
          "tm:embargo",
          "tm:encore",
          "tm:endeavor",
          "tm:endure",
          "tm:energyball",
          "tm:expandingforce",
          "tm:explosion",
          "tm:facade",
          "tm:faketears",
          "tm:falseswipe",
          "tm:featherdance",
          "tm:fireblast",
          "tm:firefang",
          "tm:firepledge",
          "tm:firepunch",
          "tm:firespin",
          "tm:flamecharge",
          "tm:flamethrower",
          "tm:flareblitz",
          "tm:flash",
          "tm:flashcannon",
          "tm:fling",
          "tm:flipturn",
          "tm:fly",
          "tm:focusblast",
          "tm:focusenergy",
          "tm:focuspunch",
          "tm:foulplay",
          "tm:frenzyplant",
          "tm:frostbreath",
          "tm:furycutter",
          "tm:futuresight",
          "tm:gastroacid",
          "tm:gigadrain",
          "tm:gigaimpact",
          "tm:grassknot",
          "tm:grasspledge",
          "tm:grassyglide",
          "tm:grassyterrain",
          "tm:gravity",
          "tm:guardswap",
          "tm:gunkshot",
          "tm:gyroball",
          "tm:hail",
          "tm:hardpress",
          "tm:haze",
          "tm:headbutt",
          "tm:healbell",
          "tm:heatcrash",
          "tm:heatwave",
          "tm:heavyslam",
          "tm:helpinghand",
          "tm:hex",
          "tm:highhorsepower",
          "tm:honeclaws",
          "tm:hurricane",
          "tm:hydrocannon",
          "tm:hydropump",
          "tm:hyperbeam",
          "tm:hypervoice",
          "tm:iceball",
          "tm:icebeam",
          "tm:icefang",
          "tm:icepunch",
          "tm:icespinner",
          "tm:iciclespear",
          "tm:icywind",
          "tm:imprison",
          "tm:incinerate",
          "tm:infestation",
          "tm:irondefense",
          "tm:ironhead",
          "tm:irontail",
          "tm:knockoff",
          "tm:laserfocus",
          "tm:lashout",
          "tm:lastresort",
          "tm:leafblade",
          "tm:leafstorm",
          "tm:leechlife",
          "tm:lightscreen",
          "tm:liquidation",
          "tm:lowkick",
          "tm:lowsweep",
          "tm:lunge",
          "tm:magicalleaf",
          "tm:magiccoat",
          "tm:magicroom",
          "tm:magnetrise",
          "tm:megahorn",
          "tm:megakick",
          "tm:megapunch",
          "tm:metalclaw",
          "tm:metalsound",
          "tm:meteorbeam",
          "tm:metronome",
          "tm:mistyexplosion",
          "tm:mistyterrain",
          "tm:muddywater",
          "tm:mudshot",
          "tm:mudslap",
          "tm:mysticalfire",
          "tm:nastyplot",
          "tm:naturalgift",
          "tm:naturepower",
          "tm:nightshade",
          "tm:ominouswind",
          "tm:outrage",
          "tm:overheat",
          "tm:painsplit",
          "tm:payback",
          "tm:payday",
          "tm:petalblizzard",
          "tm:phantomforce",
          "tm:pinmissile",
          "tm:playrough",
          "tm:pluck",
          "tm:poisonjab",
          "tm:poisontail",
          "tm:pollenpuff",
          "tm:poltergeist",
          "tm:pounce",
          "tm:powergem",
          "tm:powershift",
          "tm:powerswap",
          "tm:poweruppunch",
          "tm:powerwhip",
          "tm:protect",
          "tm:psybeam",
          "tm:psychic",
          "tm:psychicfangs",
          "tm:psychicnoise",
          "tm:psychicterrain",
          "tm:psychocut",
          "tm:psychup",
          "tm:psyshock",
          "tm:quash",
          "tm:raindance",
          "tm:razorshell",
          "tm:recycle",
          "tm:reflect",
          "tm:rest",
          "tm:retaliate",
          "tm:revenge",
          "tm:reversal",
          "tm:risingvoltage",
          "tm:roar",
          "tm:rockblast",
          "tm:rockclimb",
          "tm:rockpolish",
          "tm:rockslide",
          "tm:rocksmash",
          "tm:rocktomb",
          "tm:roleplay",
          "tm:rollout",
          "tm:roost",
          "tm:round",
          "tm:safeguard",
          "tm:sandstorm",
          "tm:sandtomb",
          "tm:scald",
          "tm:scaleshot",
          "tm:scaryface",
          "tm:scorchingsands",
          "tm:screech",
          "tm:secretpower",
          "tm:seedbomb",
          "tm:selfdestruct",
          "tm:shadowball",
          "tm:shadowclaw",
          "tm:shockwave",
          "tm:signalbeam",
          "tm:silverwind",
          "tm:skillswap",
          "tm:skittersmack",
          "tm:skyattack",
          "tm:skydrop",
          "tm:sleeptalk",
          "tm:sludgebomb",
          "tm:sludgewave",
          "tm:smackdown",
          "tm:smartstrike",
          "tm:snarl",
          "tm:snatch",
          "tm:snore",
          "tm:snowscape",
          "tm:solarbeam",
          "tm:solarblade",
          "tm:speedswap",
          "tm:spikes",
          "tm:spite",
          "tm:stealthrock",
          "tm:steelbeam",
          "tm:steelroller",
          "tm:steelwing",
          "tm:stompingtantrum",
          "tm:stoneedge",
          "tm:storedpower",
          "tm:strength",
          "tm:stringshot",
          "tm:strugglebug",
          "tm:substitute",
          "tm:suckerpunch",
          "tm:sunnyday",
          "tm:supercellslam",
          "tm:superfang",
          "tm:superpower",
          "tm:surf",
          "tm:swagger",
          "tm:swift",
          "tm:swordsdance",
          "tm:synthesis",
          "tm:tailslap",
          "tm:tailwind",
          "tm:takedown",
          "tm:taunt",
          "tm:telekinesis",
          "tm:temperflare",
          "tm:terablast",
          "tm:terrainpulse",
          "tm:thief",
          "tm:throatchop",
          "tm:thunder",
          "tm:thunderbolt",
          "tm:thunderfang",
          "tm:thunderpunch",
          "tm:thunderwave",
          "tm:torment",
          "tm:toxic",
          "tm:toxicspikes",
          "tm:trailblaze",
          "tm:triattack",
          "tm:trick",
          "tm:trickroom",
          "tm:tripleaxel",
          "tm:twister",
          "tm:upperhand",
          "tm:uproar",
          "tm:uturn",
          "tm:vacuumwave",
          "tm:venomdrench",
          "tm:venoshock",
          "tm:voltswitch",
          "tm:waterfall",
          "tm:waterpledge",
          "tm:waterpulse",
          "tm:weatherball",
          "tm:whirlpool",
          "tm:wildcharge",
          "tm:willowisp",
          "tm:wonderroom",
          "tm:workup",
          "tm:worryseed",
          "tm:xscissor",
          "tm:zenheadbutt",
          "tutor:aerialace",
          "tutor:afteryou",
          "tutor:aircutter",
          "tutor:allyswitch",
          "tutor:ancientpower",
          "tutor:aquatail",
          "tutor:babydolleyes",
          "tutor:bind",
          "tutor:blastburn",
          "tutor:block",
          "tutor:bounce",
          "tutor:bugbite",
          "tutor:bulkup",
          "tutor:bulldoze",
          "tutor:burningjealousy",
          "tutor:calmmind",
          "tutor:chargebeam",
          "tutor:coaching",
          "tutor:corrosivegas",
          "tutor:covet",
          "tutor:darkpulse",
          "tutor:dazzlinggleam",
          "tutor:defog",
          "tutor:dive",
          "tutor:dracometeor",
          "tutor:dragonpulse",
          "tutor:drainpunch",
          "tutor:drillrun",
          "tutor:dualchop",
          "tutor:dualwingbeat",
          "tutor:earthpower",
          "tutor:electroweb",
          "tutor:endeavor",
          "tutor:energyball",
          "tutor:expandingforce",
          "tutor:falseswipe",
          "tutor:firefang",
          "tutor:firepledge",
          "tutor:firepunch",
          "tutor:flamethrower",
          "tutor:flashcannon",
          "tutor:flipturn",
          "tutor:focusenergy",
          "tutor:focuspunch",
          "tutor:foulplay",
          "tutor:frenzyplant",
          "tutor:furycutter",
          "tutor:gastroacid",
          "tutor:gigadrain",
          "tutor:gigaimpact",
          "tutor:grasspledge",
          "tutor:grassyglide",
          "tutor:gravity",
          "tutor:gunkshot",
          "tutor:healbell",
          "tutor:heatwave",
          "tutor:helpinghand",
          "tutor:highhorsepower",
          "tutor:hydrocannon",
          "tutor:hyperbeam",
          "tutor:hypervoice",
          "tutor:iceball",
          "tutor:icebeam",
          "tutor:icefang",
          "tutor:icepunch",
          "tutor:icywind",
          "tutor:irondefense",
          "tutor:ironhead",
          "tutor:irontail",
          "tutor:knockoff",
          "tutor:laserfocus",
          "tutor:lashout",
          "tutor:lastresort",
          "tutor:leechlife",
          "tutor:liquidation",
          "tutor:lowkick",
          "tutor:magicalleaf",
          "tutor:magiccoat",
          "tutor:magicroom",
          "tutor:magnetrise",
          "tutor:megahorn",
          "tutor:meteorbeam",
          "tutor:mistyexplosion",
          "tutor:mudslap",
          "tutor:mysticalfire",
          "tutor:ominouswind",
          "tutor:outrage",
          "tutor:painsplit",
          "tutor:playrough",
          "tutor:poisonjab",
          "tutor:poltergeist",
          "tutor:powershift",
          "tutor:psychic",
          "tutor:psychocut",
          "tutor:recycle",
          "tutor:rest",
          "tutor:risingvoltage",
          "tutor:rockslide",
          "tutor:rocksmash",
          "tutor:roleplay",
          "tutor:rollout",
          "tutor:roost",
          "tutor:scaleshot",
          "tutor:scorchingsands",
          "tutor:seedbomb",
          "tutor:shadowball",
          "tutor:shadowclaw",
          "tutor:shockwave",
          "tutor:signalbeam",
          "tutor:skillswap",
          "tutor:skittersmack",
          "tutor:skyattack",
          "tutor:sleeptalk",
          "tutor:sludgebomb",
          "tutor:snarl",
          "tutor:snatch",
          "tutor:snore",
          "tutor:spikes",
          "tutor:spite",
          "tutor:stealthrock",
          "tutor:steelbeam",
          "tutor:steelroller",
          "tutor:stompingtantrum",
          "tutor:stoneedge",
          "tutor:stringshot",
          "tutor:suckerpunch",
          "tutor:superfang",
          "tutor:superpower",
          "tutor:swift",
          "tutor:synthesis",
          "tutor:tailwind",
          "tutor:telekinesis",
          "tutor:terrainpulse",
          "tutor:throatchop",
          "tutor:thunderbolt",
          "tutor:thunderfang",
          "tutor:thunderpunch",
          "tutor:trick",
          "tutor:tripleaxel",
          "tutor:twister",
          "tutor:uproar",
          "tutor:vacuumwave",
          "tutor:waterpledge",
          "tutor:waterpulse",
          "tutor:wildcharge",
          "tutor:wonderroom",
          "tutor:worryseed",
          "tutor:xscissor",
          "tutor:zenheadbutt"
        ],
        "labels": [
          "gen1",
          "mythical"
        ],
        "aspects": [
          "aoi"
        ],
        "height": 1,
        "weight": 0.6,
        "cannotDynamax": false,
        "battleOnly": false
      }
    ],
    "shoulderEffects": [{
		"type": "potion_effect",
		"effect": "minecraft:health_boost",
		"amplifier": 4,
		"ambient": true,
		"showParticles": false,
		"showIcon": true
		},{
		"type": "potion_effect",
		"effect": "minecraft:regeneration",
		"amplifier": 1,
		"ambient": true,
		"showParticles": false,
		"showIcon": true
		}
	]
  }