{
    "target": "cobblemon:pumpkaboo",
    "features": ["pumpkin-size", "pumpkin-color"],
    "forms": [
    {
      "name": "Average (Red)",
      "aspects": [
        "pumpkin-color-red", "pumpkin-size-average"
      ]
    },
    {
      "name": "Average (Green)",
      "aspects": [
        "pumpkin-color-green", "pumpkin-size-average"
      ]
    },
    {
      "name": "Average (White)",
      "aspects": [
        "pumpkin-color-red", "pumpkin-size-average", "shiny"
      ]
    },
    {
      "name": "Average (White)",
      "aspects": [
        "pumpkin-color-green", "pumpkin-size-average", "shiny"
      ]
    },
    {
      "name": "Small (Red)",
      "aspects": [
        "pumpkin-color-red", "pumpkin-size-small"
      ],
      "primaryType": "ghost",
      "secondaryType": "grass",
      "maleRatio": 0.5,
      "height": 3,
      "weight": 35,
      "pokedex": [
        "cobblemon.species.pumpkaboo-small.desc"
      ],
      "labels": [
        "gen6"
      ],
      "baseStats": {
        "hp": 44,
        "attack": 66,
        "defence": 70,
        "special_attack": 44,
        "special_defence": 55,
        "speed": 56
      },
      "baseScale": 0.6,
      "evolutions": [
        {
          "id": "pumpkaboo_gourgeist",
          "variant": "trade",
          "result": "gourgeist",
          "consumeHeldItem": false,
          "learnableMoves": [],
          "requirements": []
        }
      ],
      "battleOnly": false
    },
    {
      "name": "Small (Green)",
      "aspects": [
        "pumpkin-color-green", "pumpkin-size-small"
      ],
      "primaryType": "ghost",
      "secondaryType": "grass",
      "maleRatio": 0.5,
      "height": 3,
      "weight": 35,
      "pokedex": [
        "cobblemon.species.pumpkaboo-small.desc"
      ],
      "labels": [
        "gen6"
      ],
      "baseStats": {
        "hp": 44,
        "attack": 66,
        "defence": 70,
        "special_attack": 44,
        "special_defence": 55,
        "speed": 56
      },
      "baseScale": 0.6,
      "evolutions": [
        {
          "id": "pumpkaboo_gourgeist",
          "variant": "trade",
          "result": "gourgeist",
          "consumeHeldItem": false,
          "learnableMoves": [],
          "requirements": []
        }
      ],
      "battleOnly": false
    },
    {
      "name": "Small (White)",
      "aspects": [
        "pumpkin-color-red", "pumpkin-size-small", "shiny"
      ],
      "primaryType": "ghost",
      "secondaryType": "grass",
      "maleRatio": 0.5,
      "height": 3,
      "weight": 35,
      "pokedex": [
        "cobblemon.species.pumpkaboo-small.desc"
      ],
      "labels": [
        "gen6"
      ],
      "baseStats": {
        "hp": 44,
        "attack": 66,
        "defence": 70,
        "special_attack": 44,
        "special_defence": 55,
        "speed": 56
      },
      "baseScale": 0.6,
      "evolutions": [
        {
          "id": "pumpkaboo_gourgeist",
          "variant": "trade",
          "result": "gourgeist",
          "consumeHeldItem": false,
          "learnableMoves": [],
          "requirements": []
        }
      ],
      "battleOnly": false
    },
    {
      "name": "Small (White)",
      "aspects": [
        "pumpkin-color-green", "pumpkin-size-small", "shiny"
      ],
      "primaryType": "ghost",
      "secondaryType": "grass",
      "maleRatio": 0.5,
      "height": 3,
      "weight": 35,
      "pokedex": [
        "cobblemon.species.pumpkaboo-small.desc"
      ],
      "labels": [
        "gen6"
      ],
      "baseStats": {
        "hp": 44,
        "attack": 66,
        "defence": 70,
        "special_attack": 44,
        "special_defence": 55,
        "speed": 56
      },
      "baseScale": 0.6,
      "evolutions": [
        {
          "id": "pumpkaboo_gourgeist",
          "variant": "trade",
          "result": "gourgeist",
          "consumeHeldItem": false,
          "learnableMoves": [],
          "requirements": []
        }
      ],
      "battleOnly": false
    },
    {
      "name": "Large (Red)",
      "primaryType": "ghost",
      "secondaryType": "grass",
      "maleRatio": 0.5,
      "height": 5,
      "weight": 75,
      "pokedex": [
        "cobblemon.species.pumpkaboo-large.desc"
      ],
      "labels": [
        "gen6"
      ],
      "aspects": [
        "pumpkin-size-large", "pumpkin-color-red"
      ],
      "baseStats": {
        "hp": 54,
        "attack": 66,
        "defence": 70,
        "special_attack": 44,
        "special_defence": 55,
        "speed": 46
      },
      "baseScale": 1,
      "evolutions": [
        {
          "id": "pumpkaboo_gourgeist",
          "variant": "trade",
          "result": "gourgeist",
          "consumeHeldItem": false,
          "learnableMoves": [],
          "requirements": []
        }
      ],
      "battleOnly": false
    },
    {
      "name": "Large (Green)",
      "primaryType": "ghost",
      "secondaryType": "grass",
      "maleRatio": 0.5,
      "height": 5,
      "weight": 75,
      "pokedex": [
        "cobblemon.species.pumpkaboo-large.desc"
      ],
      "labels": [
        "gen6"
      ],
      "aspects": [
        "pumpkin-size-large", "pumpkin-color-green"
      ],
      "baseStats": {
        "hp": 54,
        "attack": 66,
        "defence": 70,
        "special_attack": 44,
        "special_defence": 55,
        "speed": 46
      },
      "baseScale": 1,
      "evolutions": [
        {
          "id": "pumpkaboo_gourgeist",
          "variant": "trade",
          "result": "gourgeist",
          "consumeHeldItem": false,
          "learnableMoves": [],
          "requirements": []
        }
      ],
      "battleOnly": false
    },
    {
      "name": "Large (White)",
      "primaryType": "ghost",
      "secondaryType": "grass",
      "maleRatio": 0.5,
      "height": 5,
      "weight": 75,
      "pokedex": [
        "cobblemon.species.pumpkaboo-large.desc"
      ],
      "labels": [
        "gen6"
      ],
      "aspects": [
        "pumpkin-size-large", "pumpkin-color-red", "shiny"
      ],
      "baseStats": {
        "hp": 54,
        "attack": 66,
        "defence": 70,
        "special_attack": 44,
        "special_defence": 55,
        "speed": 46
      },
      "baseScale": 1,
      "evolutions": [
        {
          "id": "pumpkaboo_gourgeist",
          "variant": "trade",
          "result": "gourgeist",
          "consumeHeldItem": false,
          "learnableMoves": [],
          "requirements": []
        }
      ],
      "battleOnly": false
    },
    {
      "name": "Large (White)",
      "primaryType": "ghost",
      "secondaryType": "grass",
      "maleRatio": 0.5,
      "height": 5,
      "weight": 75,
      "pokedex": [
        "cobblemon.species.pumpkaboo-large.desc"
      ],
      "labels": [
        "gen6"
      ],
      "aspects": [
        "pumpkin-size-large", "pumpkin-color-green", "shiny"
      ],
      "baseStats": {
        "hp": 54,
        "attack": 66,
        "defence": 70,
        "special_attack": 44,
        "special_defence": 55,
        "speed": 46
      },
      "baseScale": 1,
      "evolutions": [
        {
          "id": "pumpkaboo_gourgeist",
          "variant": "trade",
          "result": "gourgeist",
          "consumeHeldItem": false,
          "learnableMoves": [],
          "requirements": []
        }
      ],
      "battleOnly": false
    },
    {
      "name": "Super (Red)",
      "primaryType": "ghost",
      "secondaryType": "grass",
      "maleRatio": 0.5,
      "height": 8,
      "weight": 150,
      "pokedex": [
        "cobblemon.species.pumpkaboo-super.desc"
      ],
      "labels": [
        "gen6"
      ],
      "aspects": [
        "pumpkin-size-super", "pumpkin-color-red"
      ],
      "baseStats": {
        "hp": 59,
        "attack": 66,
        "defence": 70,
        "special_attack": 44,
        "special_defence": 55,
        "speed": 41
      },
      "baseScale": 1.4,
      "evolutions": [
        {
          "id": "pumpkaboo_gourgeist",
          "variant": "trade",
          "result": "gourgeist",
          "consumeHeldItem": false,
          "learnableMoves": [],
          "requirements": []
        }
      ],
      "battleOnly": false
    },
    {
      "name": "Super (Green)",
      "primaryType": "ghost",
      "secondaryType": "grass",
      "maleRatio": 0.5,
      "height": 8,
      "weight": 150,
      "pokedex": [
        "cobblemon.species.pumpkaboo-super.desc"
      ],
      "labels": [
        "gen6"
      ],
      "aspects": [
        "pumpkin-size-super", "pumpkin-color-green"
      ],
      "baseStats": {
        "hp": 59,
        "attack": 66,
        "defence": 70,
        "special_attack": 44,
        "special_defence": 55,
        "speed": 41
      },
      "baseScale": 1.4,
      "evolutions": [
        {
          "id": "pumpkaboo_gourgeist",
          "variant": "trade",
          "result": "gourgeist",
          "consumeHeldItem": false,
          "learnableMoves": [],
          "requirements": []
        }
      ],
      "battleOnly": false
    },
    {
      "name": "Super (White)",
      "primaryType": "ghost",
      "secondaryType": "grass",
      "maleRatio": 0.5,
      "height": 8,
      "weight": 150,
      "pokedex": [
        "cobblemon.species.pumpkaboo-super.desc"
      ],
      "labels": [
        "gen6"
      ],
      "aspects": [
        "pumpkin-size-super", "pumpkin-color-red", "shiny"
      ],
      "baseStats": {
        "hp": 59,
        "attack": 66,
        "defence": 70,
        "special_attack": 44,
        "special_defence": 55,
        "speed": 41
      },
      "baseScale": 1.4,
      "evolutions": [
        {
          "id": "pumpkaboo_gourgeist",
          "variant": "trade",
          "result": "gourgeist",
          "consumeHeldItem": false,
          "learnableMoves": [],
          "requirements": []
        }
      ],
      "battleOnly": false
    },
    {
      "name": "Super (White)",
      "primaryType": "ghost",
      "secondaryType": "grass",
      "maleRatio": 0.5,
      "height": 8,
      "weight": 150,
      "pokedex": [
        "cobblemon.species.pumpkaboo-super.desc"
      ],
      "labels": [
        "gen6"
      ],
      "aspects": [
        "pumpkin-size-super", "pumpkin-color-green", "shiny"
      ],
      "baseStats": {
        "hp": 59,
        "attack": 66,
        "defence": 70,
        "special_attack": 44,
        "special_defence": 55,
        "speed": 41
      },
      "baseScale": 1.4,
      "evolutions": [
        {
          "id": "pumpkaboo_gourgeist",
          "variant": "trade",
          "result": "gourgeist",
          "consumeHeldItem": false,
          "learnableMoves": [],
          "requirements": []
        }
      ],
      "battleOnly": false
    }
  ]
}