{
	"format_version": "1.8.0",
	"animations": {
		"animation.rotom_mow.ground_idle": {
			"loop": true,
			"bones": {
				"body": {
					"rotation": [5, 0, 0]
				},
				"wheel_left_rotation": {
					"rotation": [-4.99067, 0.43399, 2.46207]
				},
				"wheel_right_rotation": {
					"rotation": [-4.99067, -0.43399, -2.46207]
				},
				"bagger": {
					"rotation": [2.5, 0, 0],
					"position": [0, 0, 0.75]
				},
				"arm_left": {
					"rotation": [0, 0, 5]
				},
				"arm_left2": {
					"rotation": [0, 0, -15]
				},
				"arm_right": {
					"rotation": [0, 0, -5]
				},
				"arm_right2": {
					"rotation": [0, 0, 15]
				},
				"arm_bottom2": {
					"rotation": [0, -180, 0]
				},
				"arm_bottom_rotation": {
					"position": [0, 0, 7],
					"scale": [0.5, 1, 0.5]
				}
			}
		},
		"animation.rotom_mow.blink": {
			"animation_length": 0.1667,
			"bones": {
				"eyelid_left": {
					"position": {
						"0.0": [0, 0, -0.1],
						"0.125": [0, 0, -0.1],
						"0.1667": [0, 0, 0]
					}
				},
				"eyelid_right": {
					"position": {
						"0.0": [0, 0, -0.1],
						"0.125": [0, 0, -0.1],
						"0.1667": [0, 0, 0]
					}
				}
			}
		},
		"animation.rotom_mow.third_arm": {
			"loop": true,
			"bones": {
				"arm_left": {
					"rotation": [0, 0, 90],
					"position": [-1.9, 0, 0],
					"scale": [0.5, 0.5, 1]
				},
				"arm_left2": {
					"rotation": [0, 0, -180]
				},
				"arm_right": {
					"rotation": [0, 0, -90],
					"position": [1.9, 0, 0],
					"scale": [0.5, 0.5, 1]
				},
				"arm_right2": {
					"rotation": [0, 0, 180]
				}
			}
		},
		"animation.rotom_mow.cry": {
			"animation_length": 3,
			"sound_effects": {
				"0.0": {
					"effect": "pokemon.rotom_mow.cry"
				}
			}
		}
	}
}