{
	"format_version": "1.12.0",
	"minecraft:geometry": [
		{
			"description": {
				"identifier": "geometry.dracovish",
				"texture_width": 256,
				"texture_height": 256,
				"visible_bounds_width": 12,
				"visible_bounds_height": 8,
				"visible_bounds_offset": [0, 3, 0]
			},
			"bones": [
				{
					"name": "dunkleovish",
					"pivot": [0, 0, 0]
				},
				{
					"name": "torso",
					"parent": "dunkleovish",
					"pivot": [0, 31, -27.25],
					"cubes": [
						{"origin": [-11, 18, -27.25], "size": [22, 19, 27], "uv": [5, 78]}
					]
				},
				{
					"name": "head",
					"parent": "torso",
					"pivot": [0, 31, -27.25],
					"rotation": [155, 0, 180],
					"cubes": [
						{"origin": [-12, 31, -33.25], "size": [24, 10, 11], "inflate": 0.01, "uv": [0, 0]},
						{"origin": [-12, 35, -22.25], "size": [24, 6, 11], "inflate": 0.01, "uv": [0, 21]},
						{"origin": [-0.5, 34, -11.25], "size": [1, 3, 0], "inflate": 0.02, "uv": [118, 13]},
						{"origin": [-9, 36.5, -42.25], "size": [18, 4, 9], "uv": [70, 0]},
						{"origin": [-12, 28, -11.25], "size": [24, 8, 0], "uv": [70, 13]},
						{"origin": [12, 31, -22.25], "size": [0, 8, 11], "uv": [71, 16]},
						{"origin": [-12, 31, -22.25], "size": [0, 8, 11], "uv": [93, 16]}
					]
				},
				{
					"name": "eyes",
					"parent": "head",
					"pivot": [0, 39.75, -16.75]
				},
				{
					"name": "eye_left",
					"parent": "eyes",
					"pivot": [12, 37.25, -16.25],
					"rotation": [12.5, 0, -17.5],
					"cubes": [
						{"origin": [11.5, 37.25, -18.25], "size": [2, 4, 4], "uv": [59, 1]}
					]
				},
				{
					"name": "pupil_left",
					"parent": "eye_left",
					"pivot": [13.51, 39.25, -16.25],
					"cubes": [
						{"origin": [13.51, 37.75, -16.75], "size": [0, 3, 1], "uv": [67, 1]}
					]
				},
				{
					"name": "inner_eyelid_left",
					"parent": "eye_left",
					"pivot": [13.41, 39.25, -16.25],
					"cubes": [
						{"origin": [13.41, 38.25, -17.75], "size": [0, 2, 3], "uv": [67, -3]}
					]
				},
				{
					"name": "outer_eyelid_left",
					"parent": "eye_left",
					"pivot": [13.42, 40.25, -16.25],
					"cubes": [
						{"origin": [13.42, 39.25, -18.25], "size": [0, 2, 4], "uv": [69, -2]}
					]
				},
				{
					"name": "eye_right",
					"parent": "eyes",
					"pivot": [-12, 37.25, -16.25],
					"rotation": [12.5, 0, 17.5],
					"cubes": [
						{"origin": [-13.5, 37.25, -18.25], "size": [2, 4, 4], "uv": [59, 21]}
					]
				},
				{
					"name": "pupil_right",
					"parent": "eye_right",
					"pivot": [-13.51, 39.25, -16.25],
					"cubes": [
						{"origin": [-13.51, 37.75, -16.75], "size": [0, 3, 1], "uv": [67, 21]}
					]
				},
				{
					"name": "inner_eyelid_right",
					"parent": "eye_right",
					"pivot": [-13.41, 39.25, -16.25],
					"cubes": [
						{"origin": [-13.41, 38.25, -17.75], "size": [0, 2, 3], "uv": [71, 3]}
					]
				},
				{
					"name": "outer_eyelid_right",
					"parent": "eye_right",
					"pivot": [-13.42, 40.25, -16.25],
					"cubes": [
						{"origin": [-13.42, 39.25, -18.25], "size": [0, 2, 4], "uv": [71, 0]}
					]
				},
				{
					"name": "cheeks",
					"parent": "head",
					"pivot": [0, 35.5, -19.25],
					"rotation": [-10, 0, 0],
					"cubes": [
						{"origin": [-18, 24.5, -38.25], "size": [36, 11, 11], "uv": [64, 41]},
						{"origin": [11, 24.5, -27.25], "size": [7, 11, 9], "inflate": 0.01, "uv": [0, 38]},
						{"origin": [-18, 24.5, -27.25], "size": [7, 11, 9], "inflate": 0.01, "uv": [32, 38], "mirror": true}
					]
				},
				{
					"name": "head_front",
					"parent": "cheeks",
					"pivot": [0, 36.5, -38.25],
					"rotation": [7.5, 0, 0]
				},
				{
					"name": "head_front_mid_left",
					"parent": "head_front",
					"pivot": [0, 36.5, -42],
					"rotation": [0, 0, 7.5],
					"cubes": [
						{"origin": [0, 27.5, -48.25], "size": [17, 9, 10], "inflate": 0.01, "uv": [189, 0]}
					]
				},
				{
					"name": "head_front_mid_right",
					"parent": "head_front",
					"pivot": [0, 36.5, -42],
					"rotation": [0, 0, -7.5],
					"cubes": [
						{"origin": [-17, 27.5, -48.25], "size": [17, 9, 10], "inflate": 0.02, "uv": [202, 19], "mirror": true}
					]
				},
				{
					"name": "head_front_mid_bottom_left",
					"parent": "head_front",
					"pivot": [0, 35.5, -48.25],
					"rotation": [0, 0, 7.5],
					"cubes": [
						{"origin": [0, 28.5, -54.25], "size": [13, 7, 8], "uv": [165, 33]}
					]
				},
				{
					"name": "head_front_mid_bottom_right",
					"parent": "head_front",
					"pivot": [0, 35.5, -48.25],
					"rotation": [0, 0, -7.5],
					"cubes": [
						{"origin": [-13, 28.5, -54.25], "size": [13, 7, 8], "inflate": 0.01, "uv": [207, 38], "mirror": true}
					]
				},
				{
					"name": "head_front_bottom_left",
					"parent": "head_front",
					"pivot": [0, 33.5, -54.25],
					"rotation": [0, 0, 7.5],
					"cubes": [
						{"origin": [0, 28.5, -59.25], "size": [8, 5, 5], "uv": [160, 48]}
					]
				},
				{
					"name": "head_front_bottom_right",
					"parent": "head_front",
					"pivot": [0, 33.5, -54.25],
					"rotation": [0, 0, -7.5],
					"cubes": [
						{"origin": [-8, 28.5, -59.25], "size": [8, 5, 5], "inflate": 0.01, "uv": [186, 48], "mirror": true}
					]
				},
				{
					"name": "jaw",
					"parent": "head",
					"pivot": [0, 34, -23.75],
					"rotation": [-22.5, 0, 0],
					"cubes": [
						{"origin": [-12, 23, -27.25], "size": [24, 12, 5], "uv": [115, 24]},
						{"origin": [-12, 23, -22.25], "size": [24, 7, 11], "inflate": 0.01, "uv": [119, 6]},
						{"origin": [-12, 28, -11.25], "size": [24, 6, 0], "uv": [71, 21]},
						{"origin": [12, 30, -22.25], "size": [0, 6, 11], "uv": [115, -11]},
						{"origin": [-12, 30, -22.25], "size": [0, 6, 11], "uv": [137, -11]}
					]
				},
				{
					"name": "fin_front_right",
					"parent": "jaw",
					"pivot": [-12, 26, -21],
					"cubes": [
						{"origin": [-20, 24, -25], "size": [9, 4, 4], "uv": [0, 58]}
					]
				},
				{
					"name": "fin_front_right2",
					"parent": "fin_front_right",
					"pivot": [-20, 26, -23],
					"cubes": [
						{"origin": [-27, 23, -25], "size": [7, 6, 4], "inflate": 0.01, "uv": [26, 58]},
						{"origin": [-29, 26, -29.5], "size": [9, 0, 13], "inflate": 0.01, "pivot": [-27, 26, -23], "rotation": [-90, 0, 0], "uv": [53, 64]}
					]
				},
				{
					"name": "fin_front_right3",
					"parent": "fin_front_right2",
					"pivot": [-29, 26, -23],
					"cubes": [
						{"origin": [-37, 26, -29.5], "size": [8, 0, 13], "pivot": [-27, 26, -23], "rotation": [-90, 0, 0], "uv": [36, 64]}
					]
				},
				{
					"name": "fin_left",
					"parent": "jaw",
					"pivot": [12, 26, -21],
					"cubes": [
						{"origin": [11, 24, -25], "size": [9, 4, 4], "uv": [0, 66], "mirror": true}
					]
				},
				{
					"name": "fin_front_left2",
					"parent": "fin_left",
					"pivot": [20, 26, -23],
					"cubes": [
						{"origin": [20, 23, -25], "size": [7, 6, 4], "inflate": 0.01, "uv": [26, 68], "mirror": true},
						{"origin": [20, 26, -29.5], "size": [9, 0, 13], "inflate": 0.01, "pivot": [27, 26, -23], "rotation": [-90, 0, 0], "uv": [89, 64], "mirror": true}
					]
				},
				{
					"name": "fin_front_left3",
					"parent": "fin_front_left2",
					"pivot": [29, 26, -23],
					"cubes": [
						{"origin": [29, 26, -29.5], "size": [8, 0, 13], "pivot": [27, 26, -23], "rotation": [-90, 0, 0], "uv": [72, 64], "mirror": true}
					]
				},
				{
					"name": "waist",
					"parent": "torso",
					"pivot": [-1.78266, 33.38438, 8.99157],
					"cubes": [
						{"origin": [-11.78266, 18.63438, -1.50843], "size": [20, 17, 21], "uv": [157, 90]},
						{"origin": [-1.78266, 35.63438, -0.50843], "size": [0, 8, 19], "uv": [34, 105]}
					]
				},
				{
					"name": "fin_back_right",
					"parent": "waist",
					"pivot": [-12.78266, 21.63438, 16.74157],
					"cubes": [
						{"origin": [-20.78266, 19.63438, 12.74157], "size": [9, 4, 4], "uv": [0, 58]}
					]
				},
				{
					"name": "fin_back_right2",
					"parent": "fin_back_right",
					"pivot": [-20.78266, 21.63438, 14.74157],
					"cubes": [
						{"origin": [-27.78266, 18.63438, 12.74157], "size": [7, 6, 4], "inflate": 0.01, "uv": [26, 58]},
						{"origin": [-29.78266, 21.63438, 8.24157], "size": [9, 0, 13], "inflate": 0.01, "pivot": [-27.78266, 21.63438, 14.74157], "rotation": [-90, 0, 0], "uv": [53, 64]}
					]
				},
				{
					"name": "fin_back_right3",
					"parent": "fin_back_right2",
					"pivot": [-29.78266, 21.63438, 14.74157],
					"cubes": [
						{"origin": [-37.78266, 21.63438, 8.24157], "size": [8, 0, 13], "pivot": [-27.78266, 21.63438, 14.74157], "rotation": [-90, 0, 0], "uv": [36, 64]}
					]
				},
				{
					"name": "fin_back_left",
					"parent": "waist",
					"pivot": [9.21734, 21.63438, 16.74157],
					"cubes": [
						{"origin": [8.21734, 19.63438, 12.74157], "size": [9, 4, 4], "uv": [0, 66], "mirror": true}
					]
				},
				{
					"name": "fin_back_left2",
					"parent": "fin_back_left",
					"pivot": [17.21734, 21.63438, 14.74157],
					"cubes": [
						{"origin": [17.21734, 18.63438, 12.74157], "size": [7, 6, 4], "inflate": 0.01, "uv": [26, 68], "mirror": true},
						{"origin": [17.21734, 21.63438, 8.24157], "size": [9, 0, 13], "inflate": 0.01, "pivot": [24.21734, 21.63438, 14.74157], "rotation": [-90, 0, 0], "uv": [89, 64], "mirror": true}
					]
				},
				{
					"name": "fin_back_left3",
					"parent": "fin_back_left2",
					"pivot": [26.21734, 21.63438, 14.74157],
					"cubes": [
						{"origin": [26.21734, 21.63438, 8.24157], "size": [8, 0, 13], "pivot": [24.21734, 21.63438, 14.74157], "rotation": [-90, 0, 0], "uv": [72, 64], "mirror": true}
					]
				},
				{
					"name": "tail",
					"parent": "waist",
					"pivot": [-1.78266, 27.13438, 29.99157],
					"cubes": [
						{"origin": [-8.78266, 19.63438, 19.49157], "size": [14, 15, 21], "uv": [90, 108]}
					]
				},
				{
					"name": "tail2",
					"parent": "tail",
					"pivot": [-1.78266, 27.13438, 50.99157],
					"cubes": [
						{"origin": [-5.78266, 19.63438, 40.49157], "size": [8, 15, 21], "uv": [96, 144]}
					]
				},
				{
					"name": "tail_fin",
					"parent": "tail2",
					"pivot": [-1.78266, 27.63438, 70.99157],
					"cubes": [
						{"origin": [-1.78266, 16.63438, 59.49157], "size": [0, 22, 23], "uv": [105, 58]}
					]
				}
			]
		}
	]
}