{
  "portraitScale": 1.98,
  "portraitTranslation": [-0.14, 1.96, 0],
  "profileScale": 0.42,
  "profileTranslation": [0.02, 1.17, 0],
  "rootBone": "braixen_aurora",
  "animations": {
    "cry": "q.bedrock_stateful('braixen_aurora', 'cry')"
  },
  "poses": {
    "battle-standing": {
      "poseName": "battle-standing",
      "poseTypes": ["STAND"],
      "isBattle": true,
      "animations": ["q.look('head')", "q.bedrock('braixen_aurora', 'battle_idle')"],
      "quirks": ["q.bedrock_quirk('braixen_aurora', 'blink')"]
    },
    "standing": {
      "poseName": "standing",
      "poseTypes": ["STAND", "NONE", "PORTRAIT", "PROFILE", "FLOAT"],
      "isBattle": false,
      "animations": ["q.look('head')", "q.bedrock('braixen_aurora', 'ground_idle')"],
      "quirks": ["q.bedrock_quirk('braixen_aurora', 'blink')"]
    },
    "walking": {
      "poseName": "walking",
      "poseTypes": ["WALK", "SWIM"],
      "animations": [
        "q.look('head')",
        "q.bedrock('braixen_aurora', 'ground_walk')"
      ],
      "quirks": ["q.bedrock_quirk('braixen_aurora', 'blink')"],
      "transformedParts": [
        {
          "part": "wand",
          "isVisible": false
        }
      ]
    }
  }
}
