{
    "species": "cobblemon:mew",
    "order": 2,
    "variations": [
      {
        "aspects": ["rocket"],
        "poser": "cobblemon:mew_rocket",
        "model": "cobblemon:mew_rocket.geo",
        "texture": "cobblemon:textures/pokemon/mew_rocket/mew_rocket.png",
        "layers": [
            {
                "name": "emissive",
                "emissive": true,
                "texture": "cobblemon:textures/pokemon/mew_rocket/mew_rocket_emissive.png",
                "translucent": true
            }
        ]
      },
      {
        "aspects": ["clone"],
        "poser": "cobblemon:mew_rocket",
        "model": "cobblemon:mew_rocket.geo",
        "texture": "cobblemon:textures/pokemon/mew_rocket/mew_clone.png",
        "layers": [
            {
                "name": "emissive",
                "emissive": true,
                "texture": "cobblemon:textures/pokemon/mew_rocket/mew_clone_emissive.png",
                "translucent": true
            }
        ]
      },
      {
        "aspects": ["rocket", "shiny"],
        "poser": "cobblemon:mew_rocket",
        "model": "cobblemon:mew_rocket.geo",
        "texture": "cobblemon:textures/pokemon/mew_rocket/mew_rocket_shiny.png",
        "layers": [
            {
                "name": "emissive",
                "emissive": true,
                "texture": "cobblemon:textures/pokemon/mew_rocket/mew_rocket_shiny_emissive.png",
                "translucent": true
            }
        ]
      },
      {
        "aspects": ["clone", "shiny"],
        "poser": "cobblemon:mew_rocket",
        "model": "cobblemon:mew_rocket.geo",
        "texture": "cobblemon:textures/pokemon/mew_rocket/mew_clone_shiny.png",
        "layers": [
            {
                "name": "emissive",
                "emissive": true,
                "texture": "cobblemon:textures/pokemon/mew_rocket/mew_clone_shiny_emissive.png",
                "translucent": true
            }
        ]
      }
    ]
  }