{
	"portraitScale": 2.3,
  "portraitTranslation": [ -0.2, -1.2, 0 ],
  "profileScale": 0.9,
  "profileTranslation": [ 0, 0.4, 0 ],
  "head": "head",
  "poses": {
    "standing": {
      "transformTicks": 10,
      "poseTypes": [
        "STAND",
        "NONE",
        "PORTRAIT",
        "PROFILE"
      ],
      "animations": ["q.look('head')", "q.bedrock('minccinno', 'ground_idle')"]
    },
    "walking": {
      "transformTicks": 10,
      "poseTypes": [ "WALK" ],
      "animations": ["q.look('head')", "q.bedrock('minccinno', 'ground_walk')"]
    },
    "shoulder_left":{
      "poseTypes": ["SHOULDER_LEFT"],
      "animations": [ "q.bedrock('minccinno', 'shoulder_left')"],
      "transformedParts": [
         {
           "part": "body2",
           "rotation": [0, 0, 10],
           "isVisible": true
         },
        {
           "part": "ear_right",
           "rotation": [0, 0, 20],
           "isVisible": true
        },
        {
           "part": "ear_left",
           "rotation": [0, 0, 12.5],
           "isVisible": true
        },
        {
           "part": "arm_right",
           	"position": [1, 0, 0],
           "rotation": [0, 0, 25],
           "isVisible": true
        },
        {
           "part": "arm_left",
           "rotation": [0, 0, 35],
           "isVisible": true
        },
                {
           "part": "leg_left",
           "rotation": [0, 0, 15],
           "isVisible": true
        }
	]
    },
    "shoulder_right":{
      "poseTypes": ["SHOULDER_RIGHT"],
      "animations": [ "q.bedrock('minccinno', 'shoulder_right')"],
      "transformedParts": [
         {
           "part": "body2",
           "rotation": [0, 0, -10],
           "isVisible": true
         },
        {
           "part": "ear_right",
           "rotation": [0, 0, -12.5],
           "isVisible": true
        },
        {
           "part": "ear_left",
           "rotation": [0, 0, -20],
           "isVisible": true
        },
        {
           "part": "arm_right",
           "rotation": [0, 0, -35],
           "isVisible": true
        },
        {
           "part": "arm_left",
            "position": [-1, 0, 0],
           "rotation": [0, 0, -25],
           "isVisible": true
        },
                {
           "part": "leg_left",
           "rotation": [0, 0, -15],
           "isVisible": true
        }
	]
    }
  }
}