{
	"format_version": "1.12.0",
	"minecraft:geometry": [
		{
			"description": {
				"identifier": "geometry.gourgeist",
				"texture_width": 128,
				"texture_height": 32,
				"visible_bounds_width": 5,
				"visible_bounds_height": 3.5,
				"visible_bounds_offset": [0, 1.25, 0]
			},
			"bones": [
				{
					"name": "gourgeist",
					"pivot": [0, 0, 0]
				},
				{
					"name": "body",
					"parent": "gourgeist",
					"pivot": [0, 0, 0]
				},
				{
					"name": "torso",
					"parent": "body",
					"pivot": [0, 2, 0],
					"cubes": [
						{"origin": [-5.5, 1, -5.5], "size": [11, 9, 11], "uv": [0, 0]},
						{"origin": [-4.5, 10, -4.5], "size": [9, 3, 9], "uv": [92, 18]},
						{"origin": [-3, 13, -3], "size": [6, 2, 6], "uv": [18, 21]}
					]
				},
				{
					"name": "neck",
					"parent": "torso",
					"pivot": [0, 14, 0.5],
					"cubes": [
						{"origin": [-2, 15, -2], "size": [4, 5, 4], "inflate": 0.01, "uv": [45, 23]}
					]
				},
				{
					"name": "head",
					"parent": "neck",
					"pivot": [0, 20, 0.5],
					"cubes": [
						{"origin": [-2, 19, -2], "size": [4, 6, 4], "uv": [44, 6]}
					]
				},
				{
					"name": "hair",
					"parent": "head",
					"pivot": [0, 20, 0.5],
					"cubes": [
						{"origin": [-3.5, 20, -3.01], "size": [6, 6, 0], "uv": [33, 0]},
						{"origin": [-3, 25, -3], "size": [6, 1, 6], "uv": [0, 20]},
						{"origin": [-3.5, 23, 2.5], "size": [6, 2, 1], "pivot": [0, 24.5, 0.5], "rotation": [0, -90, 0], "uv": [114, 3], "mirror": true},
						{"origin": [-3.5, 23, -2.5], "size": [6, 2, 1], "pivot": [0, 24.5, 0.5], "rotation": [0, -90, 0], "uv": [114, 0]}
					]
				},
				{
					"name": "tuft",
					"parent": "hair",
					"pivot": [-1, 26, -0.5],
					"cubes": [
						{"origin": [-3.5, 26, -0.5], "size": [5, 6, 0], "uv": [45, 0]}
					]
				},
				{
					"name": "arm_left",
					"parent": "hair",
					"pivot": [3, 25.5, 1],
					"cubes": [
						{"origin": [3, 25.5, -2], "size": [6, 0, 3], "uv": [62, 0]}
					]
				},
				{
					"name": "arm_left2",
					"parent": "arm_left",
					"pivot": [9, 25.5, -2],
					"cubes": [
						{"origin": [9, 25.5, -2], "size": [5, 0, 3], "inflate": 0.01, "uv": [63, 3]}
					]
				},
				{
					"name": "arm_left3",
					"parent": "arm_left2",
					"pivot": [14, 25.5, 1],
					"cubes": [
						{"origin": [14, 25.5, -2.5], "size": [5, 0, 4], "uv": [62, 6]}
					]
				},
				{
					"name": "arm_left4",
					"parent": "arm_left3",
					"pivot": [19, 25.5, -2.5],
					"cubes": [
						{"origin": [19, 25.5, -4], "size": [3, 0, 7], "uv": [61, 10]}
					]
				},
				{
					"name": "arm_left5",
					"parent": "arm_left4",
					"pivot": [22, 25.5, -0.5],
					"cubes": [
						{"origin": [22, 25.5, -4], "size": [2, 0, 7], "uv": [62, 17]}
					]
				},
				{
					"name": "finger_left_front",
					"parent": "arm_left5",
					"pivot": [24, 25.5, -3],
					"cubes": [
						{"origin": [24, 25.5, -4], "size": [2, 0, 2], "uv": [67, 29]}
					]
				},
				{
					"name": "finger_left_back",
					"parent": "arm_left5",
					"pivot": [24, 25.5, 2],
					"cubes": [
						{"origin": [24, 25.5, 1], "size": [2, 0, 2], "uv": [67, 24]}
					]
				},
				{
					"name": "finger_left_mid",
					"parent": "arm_left5",
					"pivot": [24, 25.5, -0.5],
					"cubes": [
						{"origin": [24, 25.5, -2], "size": [4, 0, 3], "uv": [64, 26]}
					]
				},
				{
					"name": "arm_right",
					"parent": "hair",
					"pivot": [-3, 25.5, 1],
					"cubes": [
						{"origin": [-9, 25.5, -2], "size": [6, 0, 3], "uv": [75, 0]}
					]
				},
				{
					"name": "arm_right2",
					"parent": "arm_right",
					"pivot": [-9, 25.5, -2],
					"cubes": [
						{"origin": [-14, 25.5, -2], "size": [5, 0, 3], "inflate": 0.01, "uv": [76, 3]}
					]
				},
				{
					"name": "arm_right3",
					"parent": "arm_right2",
					"pivot": [-14, 25.5, 1],
					"cubes": [
						{"origin": [-19, 25.5, -2.5], "size": [5, 0, 4], "uv": [75, 6]}
					]
				},
				{
					"name": "arm_right4",
					"parent": "arm_right3",
					"pivot": [-19, 25.5, -2.5],
					"cubes": [
						{"origin": [-22, 25.5, -4], "size": [3, 0, 7], "uv": [74, 10]}
					]
				},
				{
					"name": "arm_right5",
					"parent": "arm_right4",
					"pivot": [-22, 25.5, -0.5],
					"cubes": [
						{"origin": [-24, 25.5, -4], "size": [2, 0, 7], "uv": [75, 17], "mirror": true}
					]
				},
				{
					"name": "finger_right_front",
					"parent": "arm_right5",
					"pivot": [-24, 25.5, -3],
					"cubes": [
						{"origin": [-26, 25.5, -4], "size": [2, 0, 2], "uv": [80, 24]}
					]
				},
				{
					"name": "finger_right_back",
					"parent": "arm_right5",
					"pivot": [-24, 25.5, 2],
					"cubes": [
						{"origin": [-26, 25.5, 1], "size": [2, 0, 2], "uv": [80, 29]}
					]
				},
				{
					"name": "finger_right_mid",
					"parent": "arm_right5",
					"pivot": [-24, 25.5, -0.5],
					"cubes": [
						{"origin": [-28, 25.5, -2], "size": [4, 0, 3], "uv": [77, 26]}
					]
				},
				{
					"name": "hair_back",
					"parent": "hair",
					"pivot": [0, 25, 1],
					"cubes": [
						{"origin": [-3, 21, 1], "size": [6, 4, 2], "inflate": 0.01, "uv": [94, 0]}
					]
				},
				{
					"name": "hair_back2",
					"parent": "hair_back",
					"pivot": [0, 21, 1],
					"cubes": [
						{"origin": [-3, 17, 1], "size": [6, 4, 2], "uv": [94, 6]}
					]
				},
				{
					"name": "hair_back3",
					"parent": "hair_back2",
					"pivot": [0, 17, 1.75],
					"cubes": [
						{"origin": [-2.5, 15, 1.75], "size": [5, 2, 1], "uv": [96, 12]}
					]
				},
				{
					"name": "hair_back4",
					"parent": "hair_back3",
					"pivot": [0, 15, 1.75],
					"cubes": [
						{"origin": [-1.5, 13, 1.75], "size": [3, 2, 1], "uv": [98, 15]}
					]
				},
				{
					"name": "eyes",
					"parent": "head",
					"pivot": [0, 22, -2.5]
				},
				{
					"name": "eye_right",
					"parent": "eyes",
					"pivot": [-1, 23, -2.01],
					"cubes": [
						{"origin": [-1.5, 22, -2.01], "size": [1, 2, 0], "uv": [2, 0]},
						{"origin": [-1.5, 22, -1.98], "size": [1, 2, 0], "inflate": 0.025, "uv": [6, 0], "mirror": true}
					]
				},
				{
					"name": "eyelid_right",
					"parent": "eye_right",
					"pivot": [-1, 23, -1.41],
					"cubes": [
						{"origin": [-1.5, 22, -1.91], "size": [1, 2, 1], "inflate": 0.01, "uv": [4, 2]}
					]
				},
				{
					"name": "eye_left",
					"parent": "eyes",
					"pivot": [1, 23, -2.01],
					"cubes": [
						{"origin": [0.5, 22, -2.01], "size": [1, 2, 0], "uv": [0, 0]},
						{"origin": [0.5, 22, -1.98], "size": [1, 2, 0], "inflate": 0.025, "uv": [4, 0]}
					]
				},
				{
					"name": "eyelid_left",
					"parent": "eye_left",
					"pivot": [1, 23, -1.41],
					"cubes": [
						{"origin": [0.5, 22, -1.91], "size": [1, 2, 1], "inflate": 0.01, "uv": [0, 2]}
					]
				},
				{
					"name": "mouth",
					"parent": "head",
					"pivot": [0, 0, 0]
				},
				{
					"name": "mouth_closed",
					"parent": "mouth",
					"pivot": [0, 22, -2.1],
					"cubes": [
						{"origin": [-0.5, 21, -2.01], "size": [1, 1, 0], "pivot": [0, 21.5, -2.01], "rotation": [0, 0, 42.5], "uv": [3, 7]},
						{"origin": [-0.75, 21.25, -2.015], "size": [1, 1, 0], "pivot": [0, 21.5, -2.01], "rotation": [0, 0, 42.5], "uv": [3, 6]}
					]
				},
				{
					"name": "mouth_open",
					"parent": "mouth",
					"pivot": [0, 21.5, -1.91],
					"cubes": [
						{"origin": [-0.5, 21, -1.91], "size": [1, 1, 0], "pivot": [0, 21.5, -1.91], "rotation": [0, 0, 42.5], "uv": [3, 7]}
					]
				},
				{
					"name": "leg_right",
					"parent": "body",
					"pivot": [-3.75, 2, 0],
					"cubes": [
						{"origin": [-5.25, 0, -1.5], "size": [3, 3, 3], "uv": [45, 17]}
					]
				},
				{
					"name": "leg_left",
					"parent": "body",
					"pivot": [3.75, 2, 0],
					"cubes": [
						{"origin": [2.25, 0, -1.5], "size": [3, 3, 3], "uv": [36, 20]}
					]
				}
			]
		}
	]
}