{
	"format_version": "1.12.0",
	"minecraft:geometry": [
		{
			"description": {
				"identifier": "geometry.arctovish_fetus",
				"texture_width": 64,
				"texture_height": 64,
				"visible_bounds_width": 2,
				"visible_bounds_height": 3.5,
				"visible_bounds_offset": [0, 1.25, 0]
			},
			"bones": [
				{
					"name": "arctoplesio_fetus",
					"pivot": [0, 0, 0]
				},
				{
					"name": "body",
					"parent": "arctoplesio_fetus",
					"pivot": [0, 11, 0],
					"cubes": [
						{"origin": [-5, 11, -5], "size": [10, 5, 10], "uv": [0, 0]},
						{"origin": [-4, 6, -4], "size": [8, 5, 8], "uv": [0, 15]}
					]
				},
				{
					"name": "neck",
					"parent": "body",
					"pivot": [0, 16, 1],
					"cubes": [
						{"origin": [-1, 16, -1], "size": [2, 3, 2], "uv": [0, 44]}
					]
				},
				{
					"name": "neck2",
					"parent": "neck",
					"pivot": [0, 19, 1],
					"cubes": [
						{"origin": [-1, 19, -1], "size": [2, 3, 2], "inflate": 0.01, "uv": [0, 39]}
					]
				},
				{
					"name": "neck3",
					"parent": "neck2",
					"pivot": [0, 22, 1],
					"cubes": [
						{"origin": [-1, 22, -1], "size": [2, 3, 2], "uv": [0, 34]}
					]
				},
				{
					"name": "head",
					"parent": "neck3",
					"pivot": [0, 25, 1],
					"cubes": [
						{"origin": [-2.5, 25, -1.5], "size": [5, 6, 4], "uv": [8, 28]}
					]
				},
				{
					"name": "leg_front_left",
					"parent": "body",
					"pivot": [4, 13.5, -5],
					"cubes": [
						{"origin": [3.5, 12, -8], "size": [1, 3, 3], "inflate": 0.01, "uv": [0, 15], "mirror": true}
					]
				},
				{
					"name": "leg_front_right",
					"parent": "body",
					"pivot": [-4, 13.5, -5],
					"cubes": [
						{"origin": [-4.5, 12, -8], "size": [1, 3, 3], "inflate": 0.01, "uv": [0, 4]}
					]
				},
				{
					"name": "leg_back_right",
					"parent": "body",
					"pivot": [-4, 7.5, -3],
					"cubes": [
						{"origin": [-4.5, 6, -6], "size": [1, 3, 3], "inflate": 0.01, "uv": [0, 4]}
					]
				},
				{
					"name": "leg_back_left",
					"parent": "body",
					"pivot": [4, 7.5, -3],
					"cubes": [
						{"origin": [3.5, 6, -6], "size": [1, 3, 3], "inflate": 0.01, "uv": [0, 15], "mirror": true}
					]
				},
				{
					"name": "tail",
					"parent": "body",
					"pivot": [0, 6, -2],
					"cubes": [
						{"origin": [-2, 3, -2], "size": [4, 3, 4], "uv": [30, 3]}
					]
				},
				{
					"name": "tail2",
					"parent": "tail",
					"pivot": [0, 3, -1],
					"cubes": [
						{"origin": [-1, -1, -1], "size": [2, 4, 2], "uv": [0, 28]},
						{"origin": [0, 0, 1], "size": [0, 3, 3], "uv": [0, -3]}
					]
				}
			]
		}
	]
}