{
	"format_version": "1.12.0",
	"minecraft:geometry": [
		{
			"description": {
				"identifier": "geometry.dracozolt_fetus",
				"texture_width": 64,
				"texture_height": 32,
				"visible_bounds_width": 2,
				"visible_bounds_height": 3.5,
				"visible_bounds_offset": [0, 1.25, 0]
			},
			"bones": [
				{
					"name": "dracodacentro_fetus",
					"pivot": [0, 0, 0]
				},
				{
					"name": "body",
					"parent": "dracodacentro_fetus",
					"pivot": [0, 9.4, 0]
				},
				{
					"name": "torso",
					"parent": "body",
					"pivot": [0, 9.4, 0],
					"cubes": [
						{"origin": [-4, 4.5, -4], "size": [8, 9, 8], "inflate": -0.1, "uv": [32, 13]},
						{"origin": [-2.9, 7.4, 3.9], "size": [0, 2, 2], "uv": [44, 9]},
						{"origin": [-2.9, 10.4, 3.9], "size": [0, 2, 2], "uv": [44, 9]},
						{"origin": [2.9, 7.4, 3.9], "size": [0, 2, 2], "uv": [32, 9]},
						{"origin": [2.9, 10.4, 3.9], "size": [0, 2, 2], "uv": [32, 9]},
						{"origin": [2.9, 4.4, 3.9], "size": [0, 2, 2], "uv": [0, 12]},
						{"origin": [-2.9, 4.4, 3.9], "size": [0, 2, 2], "uv": [0, 14]}
					]
				},
				{
					"name": "neck",
					"parent": "torso",
					"pivot": [0, 13, -0.5],
					"cubes": [
						{"origin": [-1, 13, -1.5], "size": [2, 5, 3], "inflate": 0.01, "uv": [36, 0]}
					]
				},
				{
					"name": "head",
					"parent": "neck",
					"pivot": [0, 16, 0],
					"cubes": [
						{"origin": [-1.5, 16, -2], "size": [3, 5, 4], "uv": [46, 0]}
					]
				},
				{
					"name": "tail",
					"parent": "torso",
					"pivot": [0, 4.6, 2.5],
					"cubes": [
						{"origin": [-2.5, 0.6, -2.5], "size": [5, 4, 5], "uv": [0, 14]},
						{"origin": [-1.5, 2.1, 2.5], "size": [0, 2, 2], "uv": [44, 7]},
						{"origin": [1.5, 2.1, 2.5], "size": [0, 2, 2], "uv": [32, 7]}
					]
				},
				{
					"name": "tail2",
					"parent": "tail",
					"pivot": [0, 0.5, 1],
					"cubes": [
						{"origin": [-1, -2.4, -1], "size": [2, 3, 2], "inflate": 0.01, "uv": [15, 14]}
					]
				},
				{
					"name": "legs",
					"parent": "body",
					"pivot": [-0.75, 1.4, 3]
				},
				{
					"name": "leg_front_left",
					"parent": "legs",
					"pivot": [3.9, 11, 0.2],
					"rotation": [-90, 0, 0],
					"cubes": [
						{"origin": [4.9, 12.5, -1.1], "size": [0, 2, 2], "pivot": [4.9, 13.5, -0.1], "rotation": [90, 0, 0], "uv": [32, 9]},
						{"origin": [2.9, 8.5, -2.3], "size": [2, 4, 4], "uv": [24, 0]}
					]
				},
				{
					"name": "leg_front_left2",
					"parent": "leg_front_left",
					"pivot": [3.9, 8.5, -1.8],
					"cubes": [
						{"origin": [2.4, 4.5, -1.8], "size": [2, 4, 2], "uv": [0, 0]}
					]
				},
				{
					"name": "foot_front_left",
					"parent": "leg_front_left2",
					"pivot": [3.9, 5.5, -0.8],
					"cubes": [
						{"origin": [1.9, 1.5, -1.8], "size": [3, 4, 2], "inflate": 0.03, "pivot": [3.4, 4.5, -0.8], "rotation": [-90, 0, 0], "uv": [8, 23]}
					]
				},
				{
					"name": "leg_front_right",
					"parent": "legs",
					"pivot": [-3.9, 11, 0.2],
					"rotation": [-90, 0, 0],
					"cubes": [
						{"origin": [-4.9, 12.5, -1.1], "size": [0, 2, 2], "pivot": [-4.9, 13.5, -0.1], "rotation": [90, 0, 0], "uv": [32, 9]},
						{"origin": [-4.9, 8.5, -2.3], "size": [2, 4, 4], "uv": [20, 15]}
					]
				},
				{
					"name": "leg_front_right2",
					"parent": "leg_front_right",
					"pivot": [-3.9, 8.5, -1.8],
					"cubes": [
						{"origin": [-4.4, 4.5, -1.8], "size": [2, 4, 2], "uv": [0, 23]}
					]
				},
				{
					"name": "foot_front_right",
					"parent": "leg_front_right2",
					"pivot": [-3.9, 5.5, -0.8],
					"cubes": [
						{"origin": [-4.9, 1.5, -1.8], "size": [3, 4, 2], "inflate": 0.03, "pivot": [-3.4, 4.5, -0.8], "rotation": [-90, 0, 0], "uv": [18, 23]}
					]
				},
				{
					"name": "leg_back_right",
					"parent": "legs",
					"pivot": [-3.9, 7, 0.2],
					"cubes": [
						{"origin": [-4.9, 4.5, -2.3], "size": [2, 4, 4], "uv": [20, 15]}
					]
				},
				{
					"name": "leg_back_right2",
					"parent": "leg_back_right",
					"pivot": [-3.9, 4.5, -1.8],
					"cubes": [
						{"origin": [-4.4, 0.5, -1.8], "size": [2, 4, 2], "uv": [0, 23]}
					]
				},
				{
					"name": "foot_back_right",
					"parent": "leg_back_right2",
					"pivot": [-3.9, 1.5, -0.8],
					"cubes": [
						{"origin": [-4.9, -2.5, -1.8], "size": [3, 4, 2], "inflate": 0.03, "pivot": [-3.4, 0.5, -0.8], "rotation": [-90, 0, 0], "uv": [18, 23]}
					]
				},
				{
					"name": "leg_back_left",
					"parent": "legs",
					"pivot": [3.9, 7, 0.2],
					"cubes": [
						{"origin": [2.9, 4.5, -2.3], "size": [2, 4, 4], "uv": [24, 0]}
					]
				},
				{
					"name": "leg_back_left2",
					"parent": "leg_back_left",
					"pivot": [3.9, 4.5, -1.8],
					"cubes": [
						{"origin": [2.4, 0.5, -1.8], "size": [2, 4, 2], "uv": [0, 0]}
					]
				},
				{
					"name": "foot_back_left",
					"parent": "leg_back_left2",
					"pivot": [3.9, 1.5, -0.8],
					"cubes": [
						{"origin": [1.9, -2.5, -1.8], "size": [3, 4, 2], "inflate": 0.03, "pivot": [3.4, 0.5, -0.8], "rotation": [-90, 0, 0], "uv": [8, 23]}
					]
				}
			]
		}
	]
}