{
	"format_version": "1.12.0",
	"minecraft:geometry": [
		{
			"description": {
				"identifier": "geometry.dracovish_fetus",
				"texture_width": 64,
				"texture_height": 64,
				"visible_bounds_width": 3,
				"visible_bounds_height": 2.5,
				"visible_bounds_offset": [0, 0.75, 0]
			},
			"bones": [
				{
					"name": "dunkleovish_fetus",
					"pivot": [0, 0, 0]
				},
				{
					"name": "body",
					"parent": "dunkleovish_fetus",
					"pivot": [0, 12.5, 0],
					"cubes": [
						{"origin": [-3, 7.5, -10], "size": [6, 4, 11], "uv": [30, 15]}
					]
				},
				{
					"name": "tail",
					"parent": "body",
					"pivot": [0, 7.2856, -0.20284],
					"rotation": [90, 0, 0],
					"cubes": [
						{"origin": [-2, 2.58985, 2.27047], "size": [4, 3, 3], "uv": [0, 17]}
					]
				},
				{
					"name": "tail2",
					"parent": "tail",
					"pivot": [0, 2.58985, 1.27047],
					"cubes": [
						{"origin": [-1, -1.41015, 2.27047], "size": [2, 4, 2], "uv": [0, 11]},
						{"origin": [0, -3.41015, 1.27047], "size": [0, 3, 4], "uv": [0, 4]}
					]
				},
				{
					"name": "fin_left2",
					"parent": "body",
					"pivot": [2.5, 9.5, -0.5],
					"cubes": [
						{"origin": [2.5, 9.5, -1.5], "size": [3, 0, 2], "uv": [-2, 6], "mirror": true}
					]
				},
				{
					"name": "fin_right2",
					"parent": "body",
					"pivot": [-2.5, 10.5, -0.5],
					"cubes": [
						{"origin": [-5.5, 9.5, -1.5], "size": [3, 0, 2], "uv": [-2, 4]}
					]
				},
				{
					"name": "head",
					"parent": "body",
					"pivot": [0, 10, -8],
					"rotation": [0, 0, -180],
					"cubes": [
						{"origin": [-4.5, 5, -14.5], "size": [9, 3, 9], "inflate": 0.02, "uv": [0, 24]},
						{"origin": [4.5, 8, -9.5], "size": [-9, -1, -5], "inflate": -0.02, "uv": [64, 14]},
						{"origin": [-5.5, 6, -11.5], "size": [1, 3, 5], "inflate": 0.01, "uv": [27, 9]},
						{"origin": [4.5, 6, -11.5], "size": [1, 3, 5], "inflate": 0.01, "uv": [20, 14], "mirror": true},
						{"origin": [-4, 6, -5.5], "size": [8, 3, 3], "uv": [0, 44]},
						{"origin": [-4.5, 7, -9.5], "size": [9, 3, 4], "uv": [0, 50]}
					]
				},
				{
					"name": "fin_right",
					"parent": "head",
					"pivot": [-4.5, 9.5, -8.5],
					"cubes": [
						{"origin": [-7.5, 9.5, -9.5], "size": [3, 0, 2], "uv": [-2, 4]}
					]
				},
				{
					"name": "fin_left",
					"parent": "head",
					"pivot": [4.5, 9.5, -8.5],
					"cubes": [
						{"origin": [4.5, 9.5, -9.5], "size": [3, 0, 2], "uv": [-2, 6], "mirror": true}
					]
				},
				{
					"name": "jaw",
					"parent": "head",
					"pivot": [0, 7, -9.5],
					"cubes": [
						{"origin": [-4.5, 8, -14.5], "size": [9, 3, 5], "inflate": 0.01, "uv": [0, 36]},
						{"origin": [-3.5, 7, -14.5], "size": [7, 1, 0], "uv": [0, 63]}
					]
				}
			]
		}
	]
}