{
	"format_version": "1.12.0",
	"minecraft:geometry": [
		{
			"description": {
				"identifier": "geometry.dracozolt_fetus",
				"texture_width": 64,
				"texture_height": 32,
				"visible_bounds_width": 2,
				"visible_bounds_height": 3.5,
				"visible_bounds_offset": [0, 1.25, 0]
			},
			"bones": [
				{
					"name": "raptorzolt_fetus",
					"pivot": [0, 0, 0]
				},
				{
					"name": "body",
					"parent": "raptorzolt_fetus",
					"pivot": [0, 9.4, 0]
				},
				{
					"name": "torso",
					"parent": "body",
					"pivot": [0, 10.4, 3],
					"cubes": [
						{"origin": [-2, 7.4, -1], "size": [4, 7, 4], "uv": [0, 0]}
					]
				},
				{
					"name": "tail",
					"parent": "torso",
					"pivot": [-1, 6.4, 1.5],
					"cubes": [
						{"origin": [-1.5, 3.4, 1], "size": [3, 4, 2], "uv": [12, 17]}
					]
				},
				{
					"name": "tail2",
					"parent": "tail",
					"pivot": [-1, 3.7, 1.5],
					"cubes": [
						{"origin": [-0.5, 0.7, 1], "size": [1, 3, 2], "inflate": 0.01, "uv": [14, 23]}
					]
				},
				{
					"name": "legs",
					"parent": "torso",
					"pivot": [-0.75, 1.4, 4]
				},
				{
					"name": "leg_right",
					"parent": "legs",
					"pivot": [-2, 6.6, 0.2],
					"cubes": [
						{"origin": [-3, 4.5, -1.3], "size": [2, 3, 3], "uv": [10, 11]}
					]
				},
				{
					"name": "leg_right2",
					"parent": "leg_right",
					"pivot": [-2, 4.5, 1.2],
					"cubes": [
						{"origin": [-2.5, 1.5, 0.2], "size": [1, 3, 1], "uv": [4, 17]}
					]
				},
				{
					"name": "foot_right",
					"parent": "leg_right2",
					"pivot": [-2, 1.5, 0.2],
					"cubes": [
						{"origin": [-3, -1.5, 0.2], "size": [2, 3, 1], "inflate": 0.03, "uv": [0, 21]}
					]
				},
				{
					"name": "leg_left",
					"parent": "legs",
					"pivot": [2, 6.6, 0.2],
					"cubes": [
						{"origin": [1, 4.5, -1.3], "size": [2, 3, 3], "uv": [0, 11]}
					]
				},
				{
					"name": "leg_left2",
					"parent": "leg_left",
					"pivot": [2, 4.5, 1.2],
					"cubes": [
						{"origin": [1.5, 1.5, 0.2], "size": [1, 3, 1], "uv": [0, 17]}
					]
				},
				{
					"name": "foot_left",
					"parent": "leg_left2",
					"pivot": [2, 1.5, 0.2],
					"cubes": [
						{"origin": [1, -1.5, 0.2], "size": [2, 3, 1], "inflate": 0.03, "uv": [6, 21]}
					]
				},
				{
					"name": "arm_right",
					"parent": "torso",
					"pivot": [-2, 13.35, 0.5],
					"cubes": [
						{"origin": [-4, 12.85, 0], "size": [2, 1, 1], "inflate": 0.001, "pivot": [-2, 12.85, 0.5], "rotation": [0, -90, 0], "uv": [24, 30]}
					]
				},
				{
					"name": "arm_right2",
					"parent": "arm_right",
					"pivot": [-2, 12.85, -1.5],
					"cubes": [
						{"origin": [-7, 12.85, 0], "size": [3, 1, 1], "pivot": [-2, 13.35, 0.5], "rotation": [0, -90, 0], "uv": [28, 25]}
					]
				},
				{
					"name": "arm_fin_right",
					"parent": "arm_right2",
					"pivot": [-2.5, 12.85, -3.5],
					"cubes": [
						{"origin": [-6, 13.35, 0.5], "size": [2, 3, 0], "pivot": [-2, 12.85, 0.5], "rotation": [0, -90, -90], "uv": [10, 29]}
					]
				},
				{
					"name": "arm_right3",
					"parent": "arm_right2",
					"pivot": [-2, 13.85, -4.5],
					"cubes": [
						{"origin": [-9, 12.85, 0], "size": [2, 1, 1], "inflate": 0.001, "pivot": [-2, 13.35, 0.5], "rotation": [0, -90, 0], "uv": [26, 23]}
					]
				},
				{
					"name": "arm_left",
					"parent": "torso",
					"pivot": [2, 13.35, 0.5],
					"cubes": [
						{"origin": [2, 12.85, 0], "size": [2, 1, 1], "inflate": 0.001, "pivot": [2, 12.85, 0.5], "rotation": [0, 90, 0], "uv": [18, 30], "mirror": true}
					]
				},
				{
					"name": "arm_left2",
					"parent": "arm_left",
					"pivot": [2, 12.85, -1.5],
					"cubes": [
						{"origin": [4, 12.85, 0], "size": [3, 1, 1], "pivot": [2, 13.35, 0.5], "rotation": [0, 90, 0], "uv": [28, 27], "mirror": true}
					]
				},
				{
					"name": "arm_fin_left",
					"parent": "arm_left2",
					"pivot": [2.5, 12.85, -3.5],
					"cubes": [
						{"origin": [4, 13.35, 0.5], "size": [2, 3, 0], "pivot": [2, 12.85, 0.5], "rotation": [0, 90, 90], "uv": [6, 29], "mirror": true}
					]
				},
				{
					"name": "arm_left3",
					"parent": "arm_left2",
					"pivot": [2, 13.85, -4.5],
					"cubes": [
						{"origin": [7, 12.85, 0], "size": [2, 1, 1], "inflate": 0.001, "pivot": [2, 13.35, 0.5], "rotation": [0, 90, 0], "uv": [36, 21], "mirror": true}
					]
				},
				{
					"name": "neck",
					"parent": "torso",
					"pivot": [0, 14.4, 1],
					"cubes": [
						{"origin": [-0.5, 13.4, 0.5], "size": [1, 3, 1], "uv": [28, 14]}
					]
				},
				{
					"name": "neck2",
					"parent": "neck",
					"pivot": [0, 16.4, 1.5],
					"cubes": [
						{"origin": [-0.5, 16.4, 0.5], "size": [1, 2, 1], "uv": [32, 21]}
					]
				},
				{
					"name": "head",
					"parent": "neck2",
					"pivot": [0, 18.4, 1.5],
					"cubes": [
						{"origin": [-2, 18.4, 0], "size": [4, 4, 4], "uv": [32, 9]},
						{"origin": [-1, 22.4, 1], "size": [2, 2, 1], "uv": [0, 29]},
						{"origin": [-1, 24.4, 1], "size": [2, 2, 2], "uv": [32, 17]}
					]
				},
				{
					"name": "head_feather_right",
					"parent": "head",
					"pivot": [-2, 19.4, 1.5],
					"rotation": [-20, 0, 30],
					"cubes": [
						{"origin": [-2, 16.9, 1], "size": [0, 3, 1], "uv": [32, -1]}
					]
				},
				{
					"name": "head_feather_right2",
					"parent": "head",
					"pivot": [-2, 19.4, 3.5],
					"rotation": [15, 0, 30],
					"cubes": [
						{"origin": [-2, 17.4, 3], "size": [0, 3, 1], "uv": [38, -1]}
					]
				},
				{
					"name": "head_feather_left",
					"parent": "head",
					"pivot": [2, 19.4, 1.5],
					"rotation": [-20, 0, -30],
					"cubes": [
						{"origin": [2, 17.4, 1], "size": [0, 3, 1], "uv": [34, -1]}
					]
				},
				{
					"name": "head_feather_left2",
					"parent": "head",
					"pivot": [2, 19.4, 3.5],
					"rotation": [15, 0, -30],
					"cubes": [
						{"origin": [2, 16.9, 3], "size": [0, 3, 1], "uv": [36, -1]}
					]
				},
				{
					"name": "head_feather",
					"parent": "head",
					"pivot": [0, 19.4, 4],
					"rotation": [50, 0, 0],
					"cubes": [
						{"origin": [-1, 16.4, 4], "size": [2, 3, 0], "uv": [14, 29]}
					]
				},
				{
					"name": "jaw",
					"parent": "head",
					"pivot": [0, 22.4, 1],
					"cubes": [
						{"origin": [-1, 22.4, 0], "size": [2, 3, 1], "uv": [40, 17]}
					]
				}
			]
		}
	]
}