{
	"format_version": "1.8.0",
	"animations": {
		"animation.mew_aoi.ground_idle": {
			"loop": true,
			"animation_length": 4,
			"bones": {
				"body": {
					"rotation": ["15-math.sin(q.anim_time*90*2-90)*2", 0, 0],
					"position": [0, "6+math.sin(q.anim_time*90*2)*1", 0]
				},
				"arm_left": {
					"rotation": [15, 15, "30-math.sin(q.anim_time*90*2-90)*5"]
				},
				"tail2": {
					"rotation": [
						"50-math.sin(q.anim_time*90*2-90-60*1)*10+math.sin(q.anim_time*90*2-90-60*2)*10",
						"-math.sin(q.anim_time*90*1-30*1)*30+math.sin(q.anim_time*90*1-30*2)*30",
						0
					]
				},
				"tail3": {
					"rotation": [
						"50-math.sin(q.anim_time*90*2-90-60*2)*10+math.sin(q.anim_time*90*2-90-60*3)*10",
						"-math.sin(q.anim_time*90*1-30*2)*30+math.sin(q.anim_time*90*1-30*3)*30",
						0
					]
				},
				"tail4": {
					"rotation": [
						"-50-math.sin(q.anim_time*90*2-90-60*3)*10+math.sin(q.anim_time*90*2-90-60*4)*10",
						"-math.sin(q.anim_time*90*1-30*3)*30+math.sin(q.anim_time*90*1-30*4)*30",
						0
					]
				},
				"leg_left": {
					"rotation": ["15-math.sin(q.anim_time*90*2)*5", 0, 10]
				},
				"foot_left": {
					"rotation": ["15-math.sin(q.anim_time*90*2-90)*10+math.sin(q.anim_time*90*2)*5", -10, 0]
				},
				"tail": {
					"rotation": ["-20-math.sin(q.anim_time*90*2-90)*2+math.sin(q.anim_time*90*2-90-60)*10", "math.sin(q.anim_time*90*1-30)*30", 0]
				},
				"tail5": {
					"rotation": [
						"-40-math.sin(q.anim_time*90*2-90-60*4)*10+math.sin(q.anim_time*90*2-90-60*5)*10",
						"-math.sin(q.anim_time*90*1-30*4)*30+math.sin(q.anim_time*90*1-30*5)*30",
						0
					]
				},
				"tail6": {
					"rotation": [
						"-40-math.sin(q.anim_time*90*2-90-60*5)*10+math.sin(q.anim_time*90*2-90-60*6)*10",
						"-math.sin(q.anim_time*90*1-30*5)*30+math.sin(q.anim_time*90*1-30*6)*30",
						0
					]
				},
				"tail7": {
					"rotation": [
						"-40-math.sin(q.anim_time*90*2-90-60*6)*10+math.sin(q.anim_time*90*2-90-60*7)*10",
						"-math.sin(q.anim_time*90*1-30*6)*30+math.sin(q.anim_time*90*1-30*7)*30",
						0
					]
				},
				"leg_right": {
					"rotation": ["15-math.sin(q.anim_time*90*2)*5", 0, -10]
				},
				"foot_right": {
					"rotation": ["15-math.sin(q.anim_time*90*2-90)*10+math.sin(q.anim_time*90*2)*5", 10, 0]
				},
				"head": {
					"rotation": ["-10+math.sin(q.anim_time*90*2)*5", 0, 0]
				},
				"arm_right": {
					"rotation": [15, -15, "-30+math.sin(q.anim_time*90*2-90)*5"]
				}
			}
		},
		"animation.mew_aoi.ground_walk2": {
			"loop": true,
			"animation_length": 3.2,
			"bones": {
				"body": {
					"rotation": ["80+math.sin(q.anim_time*90*2*1.25-90)*10", "0+math.sin(q.anim_time*90*1*1.25-90)*10", 0],
					"position": ["0+math.sin(q.anim_time*90*1*1.25)*4", "2+math.sin(q.anim_time*90*2*1.25)*2", -7]
				},
				"arm_left": {
					"rotation": [15, "15-math.sin(q.anim_time*90*2*1.25-90)*10", "60-math.sin(q.anim_time*90*2*1.25-90)*5"]
				},
				"tail2": {
					"rotation": [
						"-math.sin(q.anim_time*90*2*1.25-90-60*1)*10+math.sin(q.anim_time*90*2*1.25-90-60*2)*10",
						"-math.sin(q.anim_time*90*1*1.25-30*1)*30+math.sin(q.anim_time*90*1*1.25-30*2)*30",
						0
					]
				},
				"tail3": {
					"rotation": [
						"-math.sin(q.anim_time*90*2*1.25-90-60*2)*10+math.sin(q.anim_time*90*2*1.25-90-60*3)*10",
						"-math.sin(q.anim_time*90*1*1.25-30*2)*30+math.sin(q.anim_time*90*1*1.25-30*3)*30",
						0
					]
				},
				"tail4": {
					"rotation": [
						"-math.sin(q.anim_time*90*2*1.25-90-60*3)*10+math.sin(q.anim_time*90*2*1.25-90-60*4)*10",
						"-math.sin(q.anim_time*90*1*1.25-30*3)*30+math.sin(q.anim_time*90*1*1.25-30*4)*30",
						0
					]
				},
				"leg_left": {
					"rotation": ["15-math.sin(q.anim_time*90*2*1.25)*10", 0, -10]
				},
				"foot_left": {
					"rotation": ["47.5-math.sin(q.anim_time*90*2*1.25-60)*20+math.sin(q.anim_time*90*2*1.25)*10", 10, 0]
				},
				"tail": {
					"rotation": ["-80-math.sin(q.anim_time*90*2*1.25-90)*10+math.sin(q.anim_time*90*2*1.25-90-60)*10", "math.sin(q.anim_time*90*1*1.25-30)*30", 0],
					"position": [0, 0, -0.5]
				},
				"tail5": {
					"rotation": [
						"-math.sin(q.anim_time*90*2*1.25-90-60*4)*10+math.sin(q.anim_time*90*2*1.25-90-60*5)*10",
						"-math.sin(q.anim_time*90*1*1.25-30*4)*30+math.sin(q.anim_time*90*1*1.25-30*5)*30",
						0
					]
				},
				"tail6": {
					"rotation": [
						"-math.sin(q.anim_time*90*2*1.25-90-60*5)*10+math.sin(q.anim_time*90*2*1.25-90-60*6)*10",
						"-math.sin(q.anim_time*90*1*1.25-30*5)*30+math.sin(q.anim_time*90*1*1.25-30*6)*30",
						0
					]
				},
				"tail7": {
					"rotation": [
						"-math.sin(q.anim_time*90*2*1.25-90-60*6)*10+math.sin(q.anim_time*90*2*1.25-90-60*7)*10",
						"-math.sin(q.anim_time*90*1*1.25-30*6)*30+math.sin(q.anim_time*90*1*1.25-30*7)*30",
						0
					]
				},
				"leg_right": {
					"rotation": ["15-math.sin(q.anim_time*90*2*1.25)*10", 0, 10]
				},
				"foot_right": {
					"rotation": ["47.5-math.sin(q.anim_time*90*2*1.25-60)*20+math.sin(q.anim_time*90*2*1.25)*10", -10, 0]
				},
				"head": {
					"rotation": ["-62.5+math.sin(q.anim_time*90*2*1.25)*10", 0, 0],
					"position": [0, 1, -1.25]
				},
				"arm_right": {
					"rotation": [15, "-15+math.sin(q.anim_time*90*2*1.25-90)*10", "-60+math.sin(q.anim_time*90*2*1.25-90)*5"]
				},
				"torso2": {
					"rotation": [-7.5, 0, 0],
					"position": [0, -0.5, 0]
				}
			}
		},
		"animation.mew_aoi.ground_walk": {
			"loop": true,
			"bones": {
				"body": {
					"rotation": [45, 0, 0],
					"position": [0, 4, -3]
				},
				"arm_left": {
					"rotation": [15, 0, 30]
				},
				"tail": {
					"rotation": [-45, 0, 0]
				},
				"tail2": {
					"rotation": [15, 0, 0]
				},
				"tail3": {
					"rotation": [15, 0, 0]
				},
				"tail4": {
					"rotation": [-10, 0, 0]
				},
				"leg_left": {
					"rotation": [15, 0, 0]
				},
				"foot_left": {
					"rotation": [30, 0, 0]
				},
				"tail5": {
					"rotation": [-20, 0, 0]
				},
				"tail6": {
					"rotation": [-17.5, 0, 0]
				},
				"tail7": {
					"rotation": [-15, 0, 0]
				},
				"leg_right": {
					"rotation": [15, 0, 0]
				},
				"foot_right": {
					"rotation": [30, 0, 0]
				},
				"head": {
					"rotation": [-30, 0, 0]
				},
				"arm_right": {
					"rotation": [15, 0, -30]
				}
			}
		},
		"animation.mew_aoi.blink": {
			"animation_length": 0.1667,
			"bones": {
				"eye_left": {
					"position": {
						"0.0": [-0.1, 0, 0.2],
						"0.125": [-0.1, 0, 0.2],
						"0.1667": [0, 0, 0]
					}
				},
				"eye_right": {
					"position": {
						"0.0": [0.1, 0, 0.2],
						"0.125": [0.1, 0, 0.2],
						"0.1667": [0, 0, 0]
					}
				}
			}
		},
		"animation.mew_aoi.cry": {
			"animation_length": 1.5,
			"bones": {
				"torso": {
					"rotation": {
						"0.0": {
							"post": [0, 0, 0],
							"lerp_mode": "catmullrom"
						},
						"0.1667": {
							"post": [-5, 0, 0],
							"lerp_mode": "catmullrom"
						},
						"0.375": {
							"post": [7.5, 0, 0],
							"lerp_mode": "catmullrom"
						},
						"0.7917": {
							"post": [12.5, 0, 0],
							"lerp_mode": "catmullrom"
						},
						"1.3333": {
							"post": [0, 0, 0],
							"lerp_mode": "catmullrom"
						}
					}
				},
				"head": {
					"rotation": {
						"0.0": {
							"post": [0, 0, 0],
							"lerp_mode": "catmullrom"
						},
						"0.1667": {
							"post": [14.54, 0, 0],
							"lerp_mode": "catmullrom"
						},
						"0.375": {
							"post": [-7.5, 0, 0],
							"lerp_mode": "catmullrom"
						},
						"0.7917": {
							"post": [-12.5, 0, 0],
							"lerp_mode": "catmullrom"
						},
						"1.3333": {
							"post": [0, 0, 0],
							"lerp_mode": "catmullrom"
						}
					}
				},
				"mouth_open": {
					"position": {
						"0.0": [0, 0, 0],
						"0.125": {
							"pre": [0, 0, 0],
							"post": [0, -1, -1]
						},
						"1.1667": {
							"pre": [0, -1, -1],
							"post": [0, 0, 0]
						}
					}
				}
			},
			"sound_effects": {
				"0.0": {
					"effect": "pokemon.mew_rocket.cry"
				}
			}
		},
		"animation.mew_aoi.attack": {
			"animation_length": 4,
			"bones": {
				"body": {
					"rotation": {
						"0.0": {
							"post": [17, 0, 0],
							"lerp_mode": "catmullrom"
						},
						"0.25": {
							"post": [10.78081, -10.31398, -0.06112],
							"lerp_mode": "catmullrom"
						},
						"0.5": {
							"post": [17, -22.5, 0],
							"lerp_mode": "catmullrom"
						},
						"1.0833": {
							"post": [-3.49304, -37.47634, 0.97799],
							"lerp_mode": "catmullrom"
						},
						"1.25": {
							"post": [36.13172, 13.54706, 10.54911],
							"lerp_mode": "catmullrom"
						},
						"2.0": {
							"post": [43.63172, 13.54706, 10.54911],
							"lerp_mode": "catmullrom"
						},
						"2.5417": {
							"post": [17, 0, 0],
							"lerp_mode": "catmullrom"
						},
						"3.0": {
							"post": [17, 0, 0],
							"lerp_mode": "catmullrom"
						}
					},
					"position": {
						"0.0": {
							"post": [0, 6, 0],
							"lerp_mode": "catmullrom"
						},
						"0.25": {
							"post": [0, 11.44, 0.5],
							"lerp_mode": "catmullrom"
						},
						"0.5": {
							"post": [0, 14, 1],
							"lerp_mode": "catmullrom"
						},
						"1.0833": {
							"post": [0, 8, 1],
							"lerp_mode": "catmullrom"
						},
						"1.25": {
							"post": [0, 6, -3],
							"lerp_mode": "catmullrom"
						},
						"2.0": {
							"post": [0, 6, -4],
							"lerp_mode": "catmullrom"
						},
						"2.5417": {
							"post": [0, 6, 0],
							"lerp_mode": "catmullrom"
						},
						"3.0": {
							"post": [0, 6, 0],
							"lerp_mode": "catmullrom"
						}
					}
				},
				"torso2": {
					"rotation": {
						"0.0": {
							"post": [0, 0, 0],
							"lerp_mode": "catmullrom"
						},
						"0.5": {
							"post": [0, -12.5, -10],
							"lerp_mode": "catmullrom"
						},
						"1.0833": {
							"post": [0, 2.5, -10],
							"lerp_mode": "catmullrom"
						},
						"1.25": {
							"post": [0, 22.5, -10],
							"lerp_mode": "catmullrom"
						},
						"2.0": {
							"post": [0, 22.5, -10],
							"lerp_mode": "catmullrom"
						},
						"2.5417": {
							"post": [0, 0, 0],
							"lerp_mode": "catmullrom"
						},
						"3.0": {
							"post": [0, 0, 0],
							"lerp_mode": "catmullrom"
						}
					},
					"position": {
						"0.0": {
							"post": [0, 0, 0],
							"lerp_mode": "catmullrom"
						},
						"0.5": {
							"post": [0, -0.5, 0],
							"lerp_mode": "catmullrom"
						},
						"1.0833": {
							"post": [0, -0.5, 0],
							"lerp_mode": "catmullrom"
						},
						"1.25": {
							"post": [0, -0.5, 0],
							"lerp_mode": "catmullrom"
						},
						"2.0": {
							"post": [0, -0.5, 0],
							"lerp_mode": "catmullrom"
						},
						"2.5417": {
							"post": [0, 0, 0],
							"lerp_mode": "catmullrom"
						},
						"3.0": {
							"post": [0, 0, 0],
							"lerp_mode": "catmullrom"
						}
					}
				},
				"arm_left": {
					"rotation": {
						"0.0": {
							"post": [15, 15, 35],
							"lerp_mode": "catmullrom"
						},
						"0.5": {
							"post": [-148.16677, -27.72331, -24.55941],
							"lerp_mode": "catmullrom"
						},
						"1.0833": {
							"post": [-148.16677, -27.72331, -24.55941],
							"lerp_mode": "catmullrom"
						},
						"1.25": {
							"post": [-62.5, 85, 0],
							"lerp_mode": "catmullrom"
						},
						"2.0": {
							"post": [-62.5, 85, 0],
							"lerp_mode": "catmullrom"
						},
						"2.5417": {
							"post": [15, 15, 35],
							"lerp_mode": "catmullrom"
						},
						"3.0": {
							"post": [15, 15, 35],
							"lerp_mode": "catmullrom"
						}
					},
					"position": {
						"0.0": {
							"post": [0, 0, 0],
							"lerp_mode": "catmullrom"
						},
						"0.5": {
							"post": [0, 0, 0],
							"lerp_mode": "catmullrom"
						},
						"1.0833": {
							"post": [0, 0, 0],
							"lerp_mode": "catmullrom"
						},
						"1.25": {
							"post": [0, 0, -1],
							"lerp_mode": "catmullrom"
						},
						"2.0": {
							"post": [0, 0, -1],
							"lerp_mode": "catmullrom"
						},
						"2.5417": {
							"post": [0, 0, 0],
							"lerp_mode": "catmullrom"
						},
						"3.0": {
							"post": [0, 0, 0],
							"lerp_mode": "catmullrom"
						}
					}
				},
				"arm_right": {
					"rotation": {
						"0.0": {
							"post": [15, -15, -35],
							"lerp_mode": "catmullrom"
						},
						"0.5": {
							"post": [75.32846, -35.41224, -164.27153],
							"lerp_mode": "catmullrom"
						},
						"1.0833": {
							"post": [75.32846, -35.41224, -164.27153],
							"lerp_mode": "catmullrom"
						},
						"1.25": {
							"post": [0, 45, 0],
							"lerp_mode": "catmullrom"
						},
						"2.0": {
							"post": [0, 45, 0],
							"lerp_mode": "catmullrom"
						},
						"2.5417": {
							"post": [15, -15, -35],
							"lerp_mode": "catmullrom"
						},
						"3.0": {
							"post": [15, -15, -35],
							"lerp_mode": "catmullrom"
						}
					},
					"position": {
						"0.0": {
							"post": [0, 0, 0],
							"lerp_mode": "catmullrom"
						},
						"0.5": {
							"post": [0, 0, -1],
							"lerp_mode": "catmullrom"
						},
						"1.0833": {
							"post": [0, 0, -1],
							"lerp_mode": "catmullrom"
						},
						"1.25": {
							"post": [0, 0, 0],
							"lerp_mode": "catmullrom"
						},
						"2.0": {
							"post": [0, 0, 0],
							"lerp_mode": "catmullrom"
						},
						"2.5417": {
							"post": [0, 0, 0],
							"lerp_mode": "catmullrom"
						},
						"3.0": {
							"post": [0, 0, 0],
							"lerp_mode": "catmullrom"
						}
					}
				},
				"head": {
					"rotation": {
						"0.0": {
							"post": [-10, 0, 0],
							"lerp_mode": "catmullrom"
						},
						"0.5": {
							"post": [-12.21976, 31.60722, -3.75964],
							"lerp_mode": "catmullrom"
						},
						"1.0833": {
							"post": [2.78024, 31.60722, -3.75964],
							"lerp_mode": "catmullrom"
						},
						"1.25": {
							"post": [-24.92471, -24.63624, 4.23866],
							"lerp_mode": "catmullrom"
						},
						"2.0": {
							"post": [-32.42471, -24.63624, 4.23866],
							"lerp_mode": "catmullrom"
						},
						"2.5417": {
							"post": [-10, 0, 0],
							"lerp_mode": "catmullrom"
						},
						"3.0": {
							"post": [-10, 0, 0],
							"lerp_mode": "catmullrom"
						}
					}
				},
				"tail": {
					"rotation": {
						"0.0": {
							"post": [-23, 0, 0],
							"lerp_mode": "catmullrom"
						},
						"0.375": {
							"post": [-67.81124, -34.61414, 11.34461],
							"lerp_mode": "catmullrom"
						},
						"0.8333": {
							"post": [-42.81124, -27.11414, 11.34461],
							"lerp_mode": "catmullrom"
						},
						"1.125": {
							"post": [-17.81124, 40.38586, 11.34461],
							"lerp_mode": "catmullrom"
						},
						"1.9583": {
							"post": [-17.81124, 30.38586, 11.34461],
							"lerp_mode": "catmullrom"
						},
						"2.5417": {
							"post": [-23, 0, 0],
							"lerp_mode": "catmullrom"
						},
						"3.0": {
							"post": [-23, 0, 0],
							"lerp_mode": "catmullrom"
						}
					},
					"position": {
						"0.0": {
							"post": [0, 0, 0],
							"lerp_mode": "catmullrom"
						},
						"0.375": {
							"post": [-1, 0, 0],
							"lerp_mode": "catmullrom"
						},
						"0.8333": {
							"post": [-1, 0, 0],
							"lerp_mode": "catmullrom"
						},
						"1.125": {
							"post": [-1, 0, 0],
							"lerp_mode": "catmullrom"
						},
						"1.9583": {
							"post": [-1, 0, 0],
							"lerp_mode": "catmullrom"
						},
						"2.5417": {
							"post": [0, 0, 0],
							"lerp_mode": "catmullrom"
						},
						"3.0": {
							"post": [0, 0, 0],
							"lerp_mode": "catmullrom"
						}
					}
				},
				"tail2": {
					"rotation": {
						"0.0": {
							"post": [60, 0, 0],
							"lerp_mode": "catmullrom"
						},
						"0.4583": {
							"post": [0, -37, -12],
							"lerp_mode": "catmullrom"
						},
						"0.875": {
							"post": [25, -29.5, -12],
							"lerp_mode": "catmullrom"
						},
						"1.1667": {
							"post": [0, 38, -12],
							"lerp_mode": "catmullrom"
						},
						"2.0": {
							"post": [0, 28, -12],
							"lerp_mode": "catmullrom"
						},
						"2.625": {
							"post": [60, 0, 0],
							"lerp_mode": "catmullrom"
						},
						"3.0833": {
							"post": [60, 0, 0],
							"lerp_mode": "catmullrom"
						}
					}
				},
				"tail3": {
					"rotation": {
						"0.0": {
							"post": [55, 0, 0],
							"lerp_mode": "catmullrom"
						},
						"0.4583": {
							"post": [0, -37, -12],
							"lerp_mode": "catmullrom"
						},
						"0.875": {
							"post": [25, -29.5, -12],
							"lerp_mode": "catmullrom"
						},
						"1.2083": {
							"post": [0, 38, -12],
							"lerp_mode": "catmullrom"
						},
						"2.0417": {
							"post": [0, 28, -12],
							"lerp_mode": "catmullrom"
						},
						"2.6667": {
							"post": [55, 0, 0],
							"lerp_mode": "catmullrom"
						},
						"3.1667": {
							"post": [55, 0, 0],
							"lerp_mode": "catmullrom"
						}
					}
				},
				"tail4": {
					"rotation": {
						"0.0": {
							"post": [-55, 0, 0],
							"lerp_mode": "catmullrom"
						},
						"0.5": {
							"post": [0, -37, -12],
							"lerp_mode": "catmullrom"
						},
						"0.9583": {
							"post": [25, -29.5, -12],
							"lerp_mode": "catmullrom"
						},
						"1.25": {
							"post": [0, 38, -12],
							"lerp_mode": "catmullrom"
						},
						"2.0833": {
							"post": [0, 28, -12],
							"lerp_mode": "catmullrom"
						},
						"2.75": {
							"post": [-55, 0, 0],
							"lerp_mode": "catmullrom"
						},
						"3.25": {
							"post": [-55, 0, 0],
							"lerp_mode": "catmullrom"
						}
					}
				},
				"tail5": {
					"rotation": {
						"0.0": {
							"post": [-50, 0, 0],
							"lerp_mode": "catmullrom"
						},
						"0.5417": {
							"post": [0, -37, -12],
							"lerp_mode": "catmullrom"
						},
						"1.0": {
							"post": [25, -29.5, -12],
							"lerp_mode": "catmullrom"
						},
						"1.2917": {
							"post": [0, 38, -12],
							"lerp_mode": "catmullrom"
						},
						"2.1667": {
							"post": [0, 28, -12],
							"lerp_mode": "catmullrom"
						},
						"2.7917": {
							"post": [-50, 0, 0],
							"lerp_mode": "catmullrom"
						},
						"3.3333": {
							"post": [-50, 0, 0],
							"lerp_mode": "catmullrom"
						}
					}
				},
				"tail6": {
					"rotation": {
						"0.0": {
							"post": [-45, 0, 0],
							"lerp_mode": "catmullrom"
						},
						"0.5833": {
							"post": [0, -37, -12],
							"lerp_mode": "catmullrom"
						},
						"1.0": {
							"post": [25, -29.5, -12],
							"lerp_mode": "catmullrom"
						},
						"1.3333": {
							"post": [0, 38, -12],
							"lerp_mode": "catmullrom"
						},
						"2.1667": {
							"post": [0, 28, -12],
							"lerp_mode": "catmullrom"
						},
						"2.875": {
							"post": [-45, 0, 0],
							"lerp_mode": "catmullrom"
						},
						"3.4167": {
							"post": [-45, 0, 0],
							"lerp_mode": "catmullrom"
						}
					}
				},
				"tail7": {
					"rotation": {
						"0.0": {
							"post": [-35, 0, 0],
							"lerp_mode": "catmullrom"
						},
						"0.625": {
							"post": [0, -24.5, -12],
							"lerp_mode": "catmullrom"
						},
						"1.0833": {
							"post": [25, -17, -12],
							"lerp_mode": "catmullrom"
						},
						"1.375": {
							"post": [0, 50.5, -12],
							"lerp_mode": "catmullrom"
						},
						"2.2083": {
							"post": [0, 40.5, -12],
							"lerp_mode": "catmullrom"
						},
						"2.9583": {
							"post": [-35, 0, 0],
							"lerp_mode": "catmullrom"
						},
						"3.5": {
							"post": [-35, 0, 0],
							"lerp_mode": "catmullrom"
						}
					}
				},
				"leg_left": {
					"rotation": {
						"0.0": {
							"post": [15, 0, 10],
							"lerp_mode": "catmullrom"
						},
						"0.5": {
							"post": [-17.5, -35, 10],
							"lerp_mode": "catmullrom"
						},
						"1.0833": {
							"post": [-17.5, -35, 10],
							"lerp_mode": "catmullrom"
						},
						"1.25": {
							"post": [-17.5, -35, 10],
							"lerp_mode": "catmullrom"
						},
						"2.0": {
							"post": [-17.5, -35, 10],
							"lerp_mode": "catmullrom"
						},
						"2.5417": {
							"post": [15, 0, 10],
							"lerp_mode": "catmullrom"
						},
						"3.0": {
							"post": [15, 0, 10],
							"lerp_mode": "catmullrom"
						}
					}
				},
				"foot_left": {
					"rotation": {
						"0.0": {
							"post": [25, -10, 0],
							"lerp_mode": "catmullrom"
						},
						"0.5": {
							"post": [25, -10, 0],
							"lerp_mode": "catmullrom"
						},
						"1.0833": {
							"post": [25, -10, 0],
							"lerp_mode": "catmullrom"
						},
						"1.25": {
							"post": [25, -10, 0],
							"lerp_mode": "catmullrom"
						},
						"2.0": {
							"post": [25, -10, 0],
							"lerp_mode": "catmullrom"
						},
						"2.5417": {
							"post": [25, -10, 0],
							"lerp_mode": "catmullrom"
						},
						"3.0": {
							"post": [25, -10, 0],
							"lerp_mode": "catmullrom"
						}
					}
				},
				"leg_right": {
					"rotation": {
						"0.0": {
							"post": [15, 0, -10],
							"lerp_mode": "catmullrom"
						},
						"0.5": {
							"post": [15, 20, -10],
							"lerp_mode": "catmullrom"
						},
						"1.0833": {
							"post": [15, 20, -10],
							"lerp_mode": "catmullrom"
						},
						"1.25": {
							"post": [15, 20, -10],
							"lerp_mode": "catmullrom"
						},
						"2.0": {
							"post": [15, 20, -10],
							"lerp_mode": "catmullrom"
						},
						"2.5417": {
							"post": [15, 0, -10],
							"lerp_mode": "catmullrom"
						},
						"3.0": {
							"post": [15, 0, -10],
							"lerp_mode": "catmullrom"
						}
					}
				},
				"foot_right": {
					"rotation": {
						"0.0": {
							"post": [25, 10, 0],
							"lerp_mode": "catmullrom"
						},
						"0.5": {
							"post": [25, 10, 0],
							"lerp_mode": "catmullrom"
						},
						"1.0833": {
							"post": [25, 10, 0],
							"lerp_mode": "catmullrom"
						},
						"1.25": {
							"post": [25, 10, 0],
							"lerp_mode": "catmullrom"
						},
						"2.0": {
							"post": [25, 10, 0],
							"lerp_mode": "catmullrom"
						},
						"2.5417": {
							"post": [25, 10, 0],
							"lerp_mode": "catmullrom"
						},
						"3.0": {
							"post": [25, 10, 0],
							"lerp_mode": "catmullrom"
						}
					}
				}
			}
		},
		"animation.mew_aoi.faint": {
			"animation_length": 3,
			"bones": {
				"body": {
					"rotation": {
						"0.0": [17, 0, 0],
						"0.4583": ["-0.5+math.sin(q.anim_time*90*32-90)*1", 0, "0+math.sin(q.anim_time*90*4-90)*10+math.sin(q.anim_time*90*32)*1"],
						"1.0": ["-0.5+math.sin(q.anim_time*90*32-90)*1", 0, "0+math.sin(q.anim_time*90*4-90)*10+math.sin(q.anim_time*90*32)*1"],
						"1.0833": ["-0.5+math.sin(q.anim_time*90*32-90)*1", 0, "0+math.sin(q.anim_time*90*4-90)*10+math.sin(q.anim_time*90*32)*1"],
						"1.1667": ["-0.5+math.sin(q.anim_time*90*32-90)*1", 0, "0+math.sin(q.anim_time*90*4-90)*10+math.sin(q.anim_time*90*32)*1"]
					},
					"position": {
						"0.0": [0, 6, 0],
						"0.4583": [0, "2+math.sin(q.anim_time*90*8-90)*2", 0],
						"1.0": [0, "11+math.sin(q.anim_time*90*8-90)*2", 0],
						"1.0833": [0, "11+math.sin(q.anim_time*90*8-90)*2", 0],
						"1.1667": [0, "17+math.sin(q.anim_time*90*8-90)*2", 0]
					},
					"scale": {
						"1.0": [1, 1, 1],
						"1.0833": [1.5, 0.8, 1.5],
						"1.1667": [0.5, 2, 0.5],
						"1.2083": [0, 1.4, 0],
						"1.25": [0, 0, 0]
					}
				},
				"torso2": {
					"rotation": {
						"0.0": [0, 0, 0],
						"0.25": [0, 0, 0],
						"0.75": [17.5, 0, 0],
						"1.0": [-15, 0, 0]
					},
					"position": {
						"0.0": [0, 0, 0],
						"0.25": [0, 0, 0],
						"0.75": [0, -0.75, 0],
						"1.0": [0, -0.5, 0]
					}
				},
				"arm_left": {
					"rotation": {
						"0.0": [15, 15, 35],
						"0.25": [-171.73841, 46.77222, -24.21127],
						"0.75": [-171.73841, 46.77222, -24.21127],
						"1.0": [-194.05108, 9.03862, -49.55652]
					},
					"position": {
						"0.0": [0, 0, 0],
						"0.25": [0, 0, 0],
						"0.75": [0, 0, 0],
						"1.0": [0, 1, 0]
					}
				},
				"arm_right": {
					"rotation": {
						"0.0": [15, -15, -35],
						"0.25": [-171.73841, -46.77222, 24.21127],
						"0.75": [-171.73841, -46.77222, 24.21127],
						"1.0": [-194.05108, -9.03862, 49.55652]
					},
					"position": {
						"0.0": [0, 0, 0],
						"0.25": [0, 0, 0],
						"0.75": [0, 0, 0],
						"1.0": [0, 1, 0]
					}
				},
				"head": {
					"rotation": {
						"0.0": [-10, 0, 0],
						"0.25": [42.5, "0+math.sin(q.anim_time*90*16)*5", 0],
						"0.75": [42.5, "0+math.sin(q.anim_time*90*16)*5", 0],
						"1.0": [-22.5, "0+math.sin(q.anim_time*90*16)*5", 0]
					}
				},
				"mouth_open": {
					"position": {
						"0.75": [0, 0, 0],
						"0.875": {
							"pre": [0, 0, 0],
							"post": [0, -1, -1]
						}
					}
				},
				"tail": {
					"rotation": {
						"0.0": {
							"post": [-23, -15, 0],
							"lerp_mode": "catmullrom"
						},
						"0.4167": {
							"post": [1.07648, -10.80631, 16.54483],
							"lerp_mode": "catmullrom"
						},
						"0.7083": {
							"post": [-5, -42.5, 0],
							"lerp_mode": "catmullrom"
						},
						"0.9583": {
							"post": [25, 0, 0],
							"lerp_mode": "catmullrom"
						}
					}
				},
				"tail2": {
					"rotation": {
						"0.0": {
							"post": [60, -10.98076, 0],
							"lerp_mode": "catmullrom"
						},
						"0.125": {
							"post": [27.5, -10.98076, 0],
							"lerp_mode": "catmullrom"
						},
						"0.2917": {
							"post": [3.43, 59.25, 0],
							"lerp_mode": "catmullrom"
						},
						"0.5": {
							"post": [30, 32.5, 0],
							"lerp_mode": "catmullrom"
						},
						"0.7917": {
							"post": [-5, -30, 0],
							"lerp_mode": "catmullrom"
						},
						"1.0833": {
							"post": [25, -7.5, 0],
							"lerp_mode": "catmullrom"
						}
					}
				},
				"tail3": {
					"rotation": {
						"0.0": {
							"post": [55, -4.01924, 0],
							"lerp_mode": "catmullrom"
						},
						"0.2083": {
							"post": [10, -4.02, 0],
							"lerp_mode": "catmullrom"
						},
						"0.4167": {
							"post": [27.22, 41.62, 0],
							"lerp_mode": "catmullrom"
						},
						"0.5833": {
							"post": [17.5, 32.5, 0],
							"lerp_mode": "catmullrom"
						},
						"0.875": {
							"post": [-5, -30, 0],
							"lerp_mode": "catmullrom"
						},
						"1.1667": {
							"post": [25, -7.5, 0],
							"lerp_mode": "catmullrom"
						}
					}
				},
				"tail4": {
					"rotation": {
						"0.0": {
							"post": [-55, 4.01924, 0],
							"lerp_mode": "catmullrom"
						},
						"0.2083": {
							"post": [12.69, 1.91, 0],
							"lerp_mode": "catmullrom"
						},
						"0.4167": {
							"post": [20, 4.01924, 0],
							"lerp_mode": "catmullrom"
						},
						"0.7083": {
							"post": [-5, 32.5, 0],
							"lerp_mode": "catmullrom"
						},
						"0.9583": {
							"post": [-5, -30, 0],
							"lerp_mode": "catmullrom"
						},
						"1.25": {
							"post": [25, -7.5, 0],
							"lerp_mode": "catmullrom"
						}
					}
				},
				"tail5": {
					"rotation": {
						"0.0": {
							"post": [-50, 10.98076, 0],
							"lerp_mode": "catmullrom"
						},
						"0.25": {
							"post": [20.16, 9.64, 0],
							"lerp_mode": "catmullrom"
						},
						"0.5": {
							"post": [-7.5, 43.48076, 0],
							"lerp_mode": "catmullrom"
						},
						"0.7917": {
							"post": [-5, 32.5, 0],
							"lerp_mode": "catmullrom"
						},
						"1.0833": {
							"post": [-5, -30, 0],
							"lerp_mode": "catmullrom"
						},
						"1.3333": {
							"post": [25, -7.5, 0],
							"lerp_mode": "catmullrom"
						}
					}
				},
				"tail6": {
					"rotation": {
						"0.0": {
							"post": [-45, 15, 0],
							"lerp_mode": "catmullrom"
						},
						"0.2917": {
							"post": [4.74, 14.16, 0],
							"lerp_mode": "catmullrom"
						},
						"0.5833": {
							"post": [-17.5, 15, 0],
							"lerp_mode": "catmullrom"
						},
						"0.875": {
							"post": [-5, 32.5, 0],
							"lerp_mode": "catmullrom"
						},
						"1.1667": {
							"post": [-5, -30, 0],
							"lerp_mode": "catmullrom"
						},
						"1.4583": {
							"post": [25, -7.5, 0],
							"lerp_mode": "catmullrom"
						}
					}
				},
				"tail7": {
					"rotation": {
						"0.0": {
							"post": [-35, 15, 0],
							"lerp_mode": "catmullrom"
						},
						"0.3333": {
							"post": [15.56, 14.35, 0],
							"lerp_mode": "catmullrom"
						},
						"0.7083": {
							"post": [-7.5, 15, 0],
							"lerp_mode": "catmullrom"
						},
						"0.9583": {
							"post": [-5, 32.5, 0],
							"lerp_mode": "catmullrom"
						},
						"1.25": {
							"post": [-5, -30, 0],
							"lerp_mode": "catmullrom"
						},
						"1.5417": {
							"post": [25, -7.5, 0],
							"lerp_mode": "catmullrom"
						}
					}
				},
				"leg_left": {
					"rotation": {
						"0.0": [15, 0, 10],
						"0.25": ["-42.5+math.sin(q.anim_time*90*8)*20", 0, 0],
						"0.75": ["-45+math.sin(q.anim_time*90*8)*20", 0, 0],
						"1.0": ["math.sin(q.anim_time*90*8)*20", 0, 0]
					}
				},
				"foot_left": {
					"rotation": {
						"0.0": [25, -10, 0],
						"0.25": ["25+math.sin(q.anim_time*90*8-90)*20", -10, 0],
						"0.75": ["25+math.sin(q.anim_time*90*8-90)*20", -10, 0],
						"1.0": ["25+math.sin(q.anim_time*90*8-90)*20", -10, 0]
					}
				},
				"leg_right": {
					"rotation": {
						"0.0": [15, 0, -10],
						"0.25": ["-42.5-math.sin(q.anim_time*90*8)*20", 0, 0],
						"0.75": ["-45-math.sin(q.anim_time*90*8)*20", 0, 0],
						"1.0": ["-math.sin(q.anim_time*90*8)*20", 0, 0]
					}
				},
				"foot_right": {
					"rotation": {
						"0.0": [25, 10, 0],
						"0.25": ["25-math.sin(q.anim_time*90*8-90)*20", 10, 0],
						"0.75": ["25-math.sin(q.anim_time*90*8-90)*20", 10, 0],
						"1.0": ["25-math.sin(q.anim_time*90*8-90)*20", 10, 0]
					}
				}
			}
		},
		"animation.mew_aoi.shoulder_left": {
			"loop": true,
			"bones": {
				"body": {
					"rotation": [15, 0, 0],
					"position": [0, 4, -3]
				},
				"arm_left": {
					"rotation": [15, 0, 30]
				},
				"tail": {
					"rotation": [-45, 0, 0]
				},
				"tail2": {
					"rotation": [75, 0, 0]
				},
				"tail3": {
					"rotation": [55, 0, 0]
				},
				"tail4": {
					"rotation": [-10, 0, 0]
				},
				"leg_left": {
					"rotation": [7.5, 0, 0]
				},
				"foot_left": {
					"rotation": [30, 0, 0]
				},
				"tail5": {
					"rotation": [-62.5, 0, 0]
				},
				"tail6": {
					"rotation": [-65, 0, 0]
				},
				"tail7": {
					"rotation": [-15, 0, 0]
				},
				"leg_right": {
					"rotation": [7.5, 0, 0]
				},
				"foot_right": {
					"rotation": [30, 0, 0]
				},
				"head": {
					"rotation": [-7.5, 0, 0]
				},
				"arm_right": {
					"rotation": [15, 0, -30]
				},
				"mew_aoi": {
					"position": [5, 1, 0],
					"scale": 0.6
				}
			}
		},
		"animation.mew_aoi.shoulder_right": {
			"loop": true,
			"bones": {
				"body": {
					"rotation": [15, 0, 0],
					"position": [0, 4, -3]
				},
				"arm_left": {
					"rotation": [15, 0, 30]
				},
				"tail": {
					"rotation": [-45, 0, 0]
				},
				"tail2": {
					"rotation": [75, 0, 0]
				},
				"tail3": {
					"rotation": [55, 0, 0]
				},
				"tail4": {
					"rotation": [-10, 0, 0]
				},
				"leg_left": {
					"rotation": [7.5, 0, 0]
				},
				"foot_left": {
					"rotation": [30, 0, 0]
				},
				"tail5": {
					"rotation": [-62.5, 0, 0]
				},
				"tail6": {
					"rotation": [-65, 0, 0]
				},
				"tail7": {
					"rotation": [-15, 0, 0]
				},
				"leg_right": {
					"rotation": [7.5, 0, 0]
				},
				"foot_right": {
					"rotation": [30, 0, 0]
				},
				"head": {
					"rotation": [3, 0, 0]
				},
				"arm_right": {
					"rotation": [15, 0, -30]
				},
				"mew_aoi": {
					"position": [-11, 1, 0],
					"scale": 0.6
				}
			}
		}
	}
}