{
  "species": "cobblemon:pumpkaboo",
  "order": 0,
  "variations": [
    {
      "aspects": [],
      "poser": "cobblemon:pumpkaboo",
      "model": "cobblemon:pumpkaboo.geo",
      "texture": "cobblemon:textures/pokemon/0710_pumpkaboo/pumpkaboo.png",
      "layers": [
        {
          "name": "color",
          "texture": "cobblemon:textures/pokemon/0710_pumpkaboo/pumpkaboo_emissive.png",
          "emissive": true
        }
      ]
    },
    {
      "aspects": ["shiny"],
      "texture": "cobblemon:textures/pokemon/0710_pumpkaboo/pumpkaboo_shiny.png",
      "layers": [
        {
          "name": "color",
          "texture": "cobblemon:textures/pokemon/0710_pumpkaboo/pumpkaboo_shiny_emissive.png",
          "emissive": true
        }
      ]
    },
    {
      "aspects": ["pumpkin-color-red"],
      "texture": "cobblemon:textures/pokemon/0710_pumpkaboo/pumpkaboo_red.png",
      "layers": [
        {
          "name": "color",
          "texture": "cobblemon:textures/pokemon/0710_pumpkaboo/pumpkaboo_emissive.png",
          "emissive": true
        }
      ]
    },
    {
      "aspects": ["pumpkin-color-green"],
      "texture": "cobblemon:textures/pokemon/0710_pumpkaboo/pumpkaboo_green.png",
      "layers": [
        {
          "name": "color",
          "texture": "cobblemon:textures/pokemon/0710_pumpkaboo/pumpkaboo_emissive.png",
          "emissive": true
        }
      ]
    },
    {
      "aspects": ["pumpkin-color-red", "shiny"],
      "texture": "cobblemon:textures/pokemon/0710_pumpkaboo/pumpkaboo_white.png",
      "layers": [
        {
          "name": "color",
          "texture": "cobblemon:textures/pokemon/0710_pumpkaboo/pumpkaboo_shiny_emissive.png",
          "emissive": true
        }
      ]
    },
    {
      "aspects": ["pumpkin-color-green", "shiny"],
      "texture": "cobblemon:textures/pokemon/0710_pumpkaboo/pumpkaboo_white.png",
      "layers": [
        {
          "name": "color",
          "texture": "cobblemon:textures/pokemon/0710_pumpkaboo/pumpkaboo_shiny_emissive.png",
          "emissive": true
        }
      ]
    }
  ]
}
