{
  "species": "cobblemon:floette",
  "order": 0,
  "variations": [
    {
      "aspects": ["flower-expansion-purple"],
      "texture": "cobblemon:textures/pokemon/0670_floette/floette_flower_purple.png",
      "layers": [
        {
          "texture": "cobblemon:textures/pokemon/0670_floette/floette.png"
        }
      ]
    },
    {
      "aspects": ["flower-expansion-black"],
      "texture": "cobblemon:textures/pokemon/0670_floette/floette_flower_black.png",
      "layers": [
        {
          "texture": "cobblemon:textures/pokemon/0670_floette/floette.png"
        }
      ]
    },
    {
      "aspects": ["flower-expansion-green"],
      "texture": "cobblemon:textures/pokemon/0670_floette/floette_flower_green.png",
      "layers": [
        {
          "texture": "cobblemon:textures/pokemon/0670_floette/floette.png"
        }
      ]
    },
    {
      "aspects": ["flower-expansion-cyan"],
      "texture": "cobblemon:textures/pokemon/0670_floette/floette_flower_cyan.png",
      "layers": [
        {
          "texture": "cobblemon:textures/pokemon/0670_floette/floette.png"
        }
      ]
    },
    {
      "aspects": ["flower-expansion-brown"],
      "texture": "cobblemon:textures/pokemon/0670_floette/floette_flower_brown.png",
      "layers": [
        {
          "texture": "cobblemon:textures/pokemon/0670_floette/floette.png"
        }
      ]
    },

    {
      "aspects": ["flower-expansion-purple", "shiny"],
      "texture": "cobblemon:textures/pokemon/0670_floette/floette_flower_purple_shiny.png",
      "layers": [
        {
          "texture": "cobblemon:textures/pokemon/0670_floette/floette_shiny.png"
        }
      ]
    },
    {
      "aspects": ["flower-expansion-black", "shiny"],
      "texture": "cobblemon:textures/pokemon/0670_floette/floette_flower_black_shiny.png",
      "layers": [
        {
          "texture": "cobblemon:textures/pokemon/0670_floette/floette_shiny.png"
        }
      ]
    },
    {
      "aspects": ["flower-expansion-green", "shiny"],
      "texture": "cobblemon:textures/pokemon/0670_floette/floette_flower_green_shiny.png",
      "layers": [
        {
          "texture": "cobblemon:textures/pokemon/0670_floette/floette_shiny.png"
        }
      ]
    },
    {
      "aspects": ["flower-expansion-cyan", "shiny"],
      "texture": "cobblemon:textures/pokemon/0670_floette/floette_flower_cyan_shiny.png",
      "layers": [
        {
          "texture": "cobblemon:textures/pokemon/0670_floette/floette_shiny.png"
        }
      ]
    },
    {
      "aspects": ["flower-expansion-brown", "shiny"],
      "texture": "cobblemon:textures/pokemon/0670_floette/floette_flower_brown_shiny.png",
      "layers": [
        {
          "texture": "cobblemon:textures/pokemon/0670_floette/floette_shiny.png"
        }
      ]
    }
  ]
}
