{
  "portraitScale": 2.1,
  "portraitTranslation": [-1.11, 2.43, 0],
  "profileScale": 0.51,
  "profileTranslation": [0.05, 0.99, -10],
  "rootBone": "charizard_drake",
  "firstPersonCameraOffset": {
    "seat_1": [0, 0.25, 0]
  },
  "thirdPersonCameraOffset": {
    "seat_1": [0, 3, 6],
    "seat_1_reverse": [0, 3, 6]
  },
  "animations": {
    "cry": "q.bedrock_stateful('charizard_drake', 'cry')",
    "recoil": "q.bedrock_stateful('charizard_drake', 'recoil')",
    "physical": "q.bedrock_primary('charizard_drake', 'physical', q.curve('symmetrical_wide'))",
    "special": "q.bedrock_primary('charizard_drake', 'special', q.curve('symmetrical_wide'))",
    "air_physical": "q.bedrock_primary('charizard_drake', 'air_physical', q.curve('symmetrical_wide'))",
    "air_special": "q.bedrock_primary('charizard_drake', 'air_special', q.curve('symmetrical_wide'))",
    "status": "q.bedrock_primary('charizard_drake', 'status', q.curve('symmetrical_wide'))"
  },
  "poses": {
    "portrait": {
      "poseTypes": ["PORTRAIT", "PROFILE"],
      "isBattle": false,
      "isTouchingWater": false,
      "animations": ["q.look('head_ai')", "q.bedrock('charizard_drake', 'ground_idle')"],
      "quirks": ["q.bedrock_quirk('charizard_drake', 'blink')"]
    },
    "battle-standing": {
      "poseTypes": ["STAND"],
      "isBattle": true,
      "isTouchingWater": false,
      "animations": ["q.look('head_ai')", "q.bedrock('charizard_drake', 'battle_idle')"],
      "quirks": [
        "q.bedrock_quirk('charizard_drake', 'blink')",
        "q.bedrock_quirk('charizard_drake', 'battle_quirk')"
      ],
      "namedAnimations": {
        "cry": "q.bedrock_primary('charizard_drake', 'battle_cry', q.curve('symmetrical_wide'))"
      }
    },
    "battle-flying": {
      "poseTypes": ["HOVER"],
      "isBattle": true,
      "animations": [
        "q.look('head_ai')",
        "q.bedrock('charizard_drake', 'air_idle')"
      ],
      "quirks": [
        "q.bedrock_quirk('charizard_drake', 'blink')"
      ],
      "namedAnimations": {
        "cry": "q.bedrock_primary('charizard_drake', 'air_battle_cry', q.curve('symmetrical_wide'))",
        "recoil": "q.bedrock_stateful('charizard_drake', 'air_recoil')",
        "physical": "q.bedrock_primary('charizard_drake', 'air_physical', q.curve('symmetrical'))",
        "special": "q.bedrock_primary('charizard_drake', 'air_special', q.curve('symmetrical_wide'))",
        "status": "q.bedrock_primary('charizard_drake', 'air_status', q.curve('symmetrical_wide'))"
      }
    },
    "standing": {
      "poseTypes": ["STAND", "NONE"],
      "isBattle": false,
      "isTouchingWater": false,
      "animations": ["q.look('head_ai')", "q.bedrock('charizard_drake', 'ground_idle')"],
      "quirks": [
        "q.bedrock_quirk('charizard_drake', 'blink')",
        "q.bedrock_quirk('charizard_drake', 'ground_quirk')",
        "q.bedrock_primary_quirk('charizard_drake', 'idle_quirk', 20, 40, 1, q.curve('symmetrical'))"
      ]
    },
    "walking": {
      "poseTypes": ["WALK", "SWIM"],
      "isTouchingWater": false,
      "animations": ["q.look('head_ai')", "q.bedrock('charizard_drake', 'ground_walk')"],
      "quirks": ["q.bedrock_quirk('charizard_drake', 'blink')"]
    },
    "sleep": {
      "poseTypes": ["SLEEP"],
      "animations": ["q.bedrock('charizard_drake', 'sleep')"],
      "quirks": ["q.bedrock_quirk('charizard_drake', 'sleep_quirk')"],
      "namedAnimations": {
        "cry": "q.bedrock_stateful('dummy', 'cry')"
      }
    },
    "hover": {
      "poseTypes": ["HOVER"],
      "isBattle": false,
      "animations": ["q.look('head_ai')", "q.bedrock('charizard_drake', 'air_idle')"],
      "quirks": ["q.bedrock_quirk('charizard_drake', 'blink')"]
    },
    "fly": {
      "poseTypes": ["FLY"],
      "isBattle": false,
      "condition": "!q.is_gliding",
      "animations": [
        "q.look('head_ai')",
        "q.bedrock('charizard_drake', 'air_fly')",
        {
          "condition": "q.is_ridden",
          "animation": "q.bedrock('charizard_drake', 'ride_air_look')"
        }
      ],
      "quirks": [
        "q.bedrock_quirk('charizard_drake', 'blink')",
        "q.bedrock_quirk('charizard_drake', 'air_fly_quirk')"
      ]
    },
    "glide": {
      "poseTypes": ["FLY"],
      "isBattle": false,
      "condition": "q.is_gliding",
      "animations": [
        "q.look('head_ai')",
        "q.bedrock('charizard_drake', 'air_glide_TEST')",
        {
          "condition": "q.is_ridden",
          "animation": "q.bedrock('charizard_drake', 'ride_air_look')"
        }
      ],
      "quirks": [
        "q.bedrock_quirk('charizard_drake', 'blink')"
      ]
    },
    "surface_idle": {
      "poseTypes": ["STAND", "FLOAT"],
      "isTouchingWater": true,
      "isUnderWater": false,
      "animations": [
        "q.look('head_ai')",
        "q.bedrock('charizard_drake', 'surfacewater_idle')"
      ],
      "quirks": ["q.bedrock_quirk('charizard_drake', 'blink')"],
      "transformedParts": [
        {
          "part": "body",
          "position": [0, 22, 0]
        }
      ]
    },
    "surface_swim": {
      "poseTypes": ["WALK", "SWIM"],
      "isTouchingWater": true,
      "isUnderWater": false,
      "animations": [
        "q.look('head_ai')",
        "q.bedrock('charizard_drake', 'surfacewater_swim')"
      ],
      "quirks": ["q.bedrock_quirk('charizard_drake', 'blink')"],
      "transformedParts": [
        {
          "part": "body",
          "position": [0, 22, 0]
        }
      ]
    }
  }
}
