{
	"format_version": "1.8.0",
	"animations": {
		"animation.raptorzolt.ground_idle": {
			"loop": true,
			"animation_length": 8,
			"bones": {
				"chest": {
					"rotation": [
						"10.5+math.sin(q.anim_time*90*3-80)*1+math.sin(q.anim_time*90*1-130)*1",
						"math.cos(q.anim_time*90*2-80)*0.5",
						"math.sin(q.anim_time*90*2-80)*0.5"
					]
				},
				"arm_left": {
					"rotation": [25.26604, "22.3188+math.sin(q.anim_time*90*3-60)*6", 63.10353]
				},
				"arm_left2": {
					"rotation": [0, "75.894-math.sin(q.anim_time*90*3-150)*5", 0]
				},
				"hand_left": {
					"rotation": [0, -10, "60+math.sin(q.anim_time*90*3-210)*5"]
				},
				"claws_left": {
					"rotation": [0, 0, 32.5]
				},
				"claw_middle_left2": {
					"rotation": [0, 0, 20]
				},
				"claw_middle_left3": {
					"rotation": [0, 0, 15]
				},
				"claw_inner_left2": {
					"rotation": [0, 0, 47.5]
				},
				"claw_inner_left3": {
					"rotation": [0, 0, 25]
				},
				"claw_outer_left2": {
					"rotation": [0, 0, 25]
				},
				"claw_outer_left3": {
					"rotation": [0, 0, 17.5]
				},
				"wrist_left": {
					"rotation": [52.5, 0, 0]
				},
				"arm_fin_left": {
					"rotation": [0, 5, "10+math.sin(q.anim_time*90*10-150)*0.2"]
				},
				"arm_fin_left2": {
					"rotation": [0, "72.5-math.sin(q.anim_time*90*3-150)*5", 0]
				},
				"arm_fin_detail_left": {
					"rotation": [4.62934, -24.59477, "-11.0097+math.sin(q.anim_time*90*20-150)*0.4"]
				},
				"arm_right": {
					"rotation": [25.26604, "-22.3188+math.sin(q.anim_time*90*3-60)*6", -63.10353]
				},
				"arm_fin_right": {
					"rotation": [0, -5, "-10+math.sin(q.anim_time*90*10-150)*0.2"]
				},
				"arm_fin_detail_right": {
					"rotation": [4.62934, 24.59477, "11.0097+math.sin(q.anim_time*90*20-150)*0.4"]
				},
				"arm_right2": {
					"rotation": [0, "-75.894-math.sin(q.anim_time*90*3-150)*5", 0]
				},
				"arm_fin_right2": {
					"rotation": [0, "-72.5-math.sin(q.anim_time*90*3-150)*5", 0]
				},
				"wrist_right": {
					"rotation": [65.10555, -3.9649, -3.04868]
				},
				"hand_right": {
					"rotation": [0, 0, "-67.5-math.sin(q.anim_time*90*3-150)*5"]
				},
				"claws_right": {
					"rotation": [0, 0, -17.5]
				},
				"claw_inner_right2": {
					"rotation": [1.91757, -4.61854, -52.57734]
				},
				"claw_inner_right3": {
					"rotation": [0, 0, -20]
				},
				"claw_middle_right": {
					"rotation": [0, 0, "math.sin(q.anim_time*90*3-280)*2"]
				},
				"claw_middle_right2": {
					"rotation": [0, 0, -27.5]
				},
				"claw_middle_right3": {
					"rotation": [0, 0, -32.5]
				},
				"claw_outer_right2": {
					"rotation": [0, 0, -27.5]
				},
				"claw_outer_right3": {
					"rotation": [0, 0, -25]
				},
				"neck2": {
					"rotation": ["7.5+math.sin(q.anim_time*90*3-190)*1", 0, 0]
				},
				"jaw": {
					"rotation": ["math.sin(q.anim_time*90*3-20)*3", 0, 0]
				},
				"muzzle": {
					"rotation": [-12.5, 0, 0]
				},
				"muzzle2": {
					"rotation": [-10, 0, 0]
				},
				"jaw2": {
					"rotation": [-7.51021, -0.27878, -0.29383]
				},
				"head_rotation": {
					"rotation": ["12.5+math.sin(q.anim_time*90*3+290)*2", 0, "math.sin(q.anim_time*90*3-250)*1"]
				},
				"tongue": {
					"rotation": [-20, 0, 0]
				},
				"tongue_bend": {
					"rotation": [25, 0, 0]
				},
				"claw_middle_left": {
					"rotation": [0, 0, "math.sin(q.anim_time*90*3-280)*2"]
				},
				"claw_outer_left": {
					"rotation": [0, 0, "math.sin(q.anim_time*90*3-280)*5"]
				},
				"claw_outer_right": {
					"rotation": [0, 0, "math.sin(q.anim_time*90*3-280)*5"]
				},
				"neck": {
					"rotation": ["math.sin(q.anim_time*90*3-150)*2+math.sin(q.anim_time*90*1-150)*1", 0, 0]
				},
				"neck3": {
					"rotation": ["math.sin(q.anim_time*90*3-250)*1+math.sin(q.anim_time*90*1-190)*0.2", 0, 0]
				},
				"head_fur_top2": {
					"rotation": ["math.sin(q.anim_time*90*3+190)*4", 0, 0]
				},
				"head_fur_left2": {
					"rotation": [0, 0, "-(math.sin(q.anim_time*90*3+170)*4)"]
				},
				"head_fur_right2": {
					"rotation": [0, 0, "math.sin(q.anim_time*90*3+170)*4"]
				},
				"head_fur_top_left2": {
					"rotation": [0, 0, "-(math.sin(q.anim_time*90*3+180)*2)"]
				},
				"head_fur_top_right2": {
					"rotation": [0, 0, "math.sin(q.anim_time*90*3+180)*2"]
				},
				"head_fur_bottom_left2": {
					"rotation": [0, 0, "-(math.sin(q.anim_time*90*3+160)*2-5)"]
				},
				"head_fur_bottom_right2": {
					"rotation": [0, 0, "math.sin(q.anim_time*90*3+160)*2-5"]
				},
				"body": {
					"position": [0, 0, -3]
				},
				"head": {
					"rotation": ["math.sin(q.anim_time*90*3-210)*-3+math.sin(q.anim_time*90*1-90)*-1", 0, 0]
				},
				"head_fur_top": {
					"rotation": ["math.sin(q.anim_time*90*3+240)*2", 0, 0]
				},
				"head_fur_left": {
					"rotation": [0, "-(math.sin(q.anim_time*90*3+220)*2)", "-(math.sin(q.anim_time*90*3+220)*1)"]
				},
				"head_fur_right": {
					"rotation": [0, "math.sin(q.anim_time*90*3+220)*2", "math.sin(q.anim_time*90*3+220)*1"]
				},
				"head_fur_top_left": {
					"rotation": [0, "-(math.sin(q.anim_time*90*3+230)*1)", "-(math.sin(q.anim_time*90*3+230)*2)"]
				},
				"head_fur_top_right": {
					"rotation": [0, "math.sin(q.anim_time*90*3+230)*1", "math.sin(q.anim_time*90*3+230)*2"]
				},
				"head_fur_bottom_left": {
					"rotation": [0, "-(math.sin(q.anim_time*90*3+210)*3-2)", "-(math.sin(q.anim_time*90*3+210)*1-2)"]
				},
				"head_fur_bottom_right": {
					"rotation": [0, "math.sin(q.anim_time*90*3+210)*3-2", "math.sin(q.anim_time*90*3+210)*1-2"]
				},
				"torso": {
					"rotation": ["-20+math.sin(q.anim_time*90*2-60)*-1", "math.sin(q.anim_time*90*1)*-1", 0],
					"position": [0, "math.sin(q.anim_time*90*2-30)*0.5", 0]
				},
				"tail": {
					"rotation": ["10+math.sin(q.anim_time*90*2-90)*3", "math.sin(q.anim_time*90*1-60)*3", 0]
				},
				"tail2": {
					"rotation": ["12.5+math.sin(q.anim_time*90*2-140)*4", "math.sin(q.anim_time*90*1-120)*5", 0]
				},
				"tail3": {
					"rotation": ["10+math.sin(q.anim_time*90*2-180)*5", "math.sin(q.anim_time*90*1-180)*8", 0]
				},
				"tail4": {
					"rotation": ["10+math.sin(q.anim_time*90*2-220)*13", "math.sin(q.anim_time*90*1-240)*12", 0]
				},
				"tail5": {
					"rotation": ["math.sin(q.anim_time*90*2-260)*15", "math.sin(q.anim_time*90*1-280)*15", 0]
				},
				"leg_left": {
					"rotation": ["-6+math.sin(q.anim_time*90*2)*2", -16.5, -6.5],
					"position": [0, "math.sin(q.anim_time*90*2)*0.6", 0]
				},
				"leg_left2": {
					"rotation": ["-1+math.sin(q.anim_time*90*2)*-3", 2.5, 0],
					"position": [-0.3, 0, 0]
				},
				"leg_left3": {
					"rotation": ["8+math.sin(q.anim_time*90*2)*-1", 0, 0]
				},
				"foot_left": {
					"rotation": ["1.2175+math.sin(q.anim_time*90*2)*3", 8.39394, 9.01894]
				},
				"toe_outer_left": {
					"rotation": [0, -20, 0]
				},
				"leg_right": {
					"rotation": ["-6+math.sin(q.anim_time*90*2)*2", 16.5, 6.5],
					"position": [0, "math.sin(q.anim_time*90*2)*0.6", 0]
				},
				"leg_right2": {
					"rotation": ["-1+math.sin(q.anim_time*90*2)*-3", -2.5, 0],
					"position": [0.3, 0, 0]
				},
				"leg_right3": {
					"rotation": ["8+math.sin(q.anim_time*90*2)*-1", 0, 0]
				},
				"foot_right": {
					"rotation": ["1.2175+math.sin(q.anim_time*90*2)*3", -8.39394, -9.01894]
				},
				"toe_outer_right": {
					"rotation": [0, 20, 0]
				}
			}
		},
		"animation.raptorzolt.ground_walk": {
			"loop": true,
			"animation_length": 8,
			"bones": {
				"chest": {
					"rotation": ["0.5-math.sin(q.anim_time*90*6-20)*2", 0, "0+math.sin(q.anim_time*90*2-80)*2"]
				},
				"arm_left": {
					"rotation": [5.26604, "22.3188-math.sin(q.anim_time*90*4-60)*6+math.sin(q.anim_time*90*3+180)*10", 63.10353]
				},
				"arm_left2": {
					"rotation": [0, "75.894-math.sin(q.anim_time*90*4-150)*5", 0]
				},
				"hand_left": {
					"rotation": [0, -10, "60+math.sin(q.anim_time*90*4-210)*5"]
				},
				"claws_left": {
					"rotation": [0, 0, 32.5]
				},
				"claw_middle_left2": {
					"rotation": [0, 0, 20]
				},
				"claw_middle_left3": {
					"rotation": [0, 0, 15]
				},
				"claw_inner_left2": {
					"rotation": [0, 0, 47.5]
				},
				"claw_inner_left3": {
					"rotation": [0, 0, 25]
				},
				"claw_outer_left2": {
					"rotation": [0, 0, 25]
				},
				"claw_outer_left3": {
					"rotation": [0, 0, 17.5]
				},
				"wrist_left": {
					"rotation": [52.5, 0, 0]
				},
				"arm_fin_left": {
					"rotation": [0, 5, "10+math.sin(q.anim_time*90*10-150)*0.2"]
				},
				"arm_fin_left2": {
					"rotation": [0, "72.5-math.sin(q.anim_time*90*4-150)*5", 0]
				},
				"arm_fin_detail_left": {
					"rotation": [4.62934, -24.59477, "-11.0097+math.sin(q.anim_time*90*20-150)*0.4"]
				},
				"arm_right": {
					"rotation": [5.26604, "-22.3188+math.sin(q.anim_time*90*4-60)*6-math.sin(q.anim_time*90*3+180)*10", -63.10353]
				},
				"arm_fin_right": {
					"rotation": [0, -5, "-10+math.sin(q.anim_time*90*10-150)*0.2"]
				},
				"arm_fin_detail_right": {
					"rotation": [4.62934, 24.59477, "11.0097+math.sin(q.anim_time*90*20-150)*0.4"]
				},
				"arm_right2": {
					"rotation": [0, "-75.894-math.sin(q.anim_time*90*4-150)*5", 0]
				},
				"arm_fin_right2": {
					"rotation": [0, "-72.5-math.sin(q.anim_time*90*4-150)*5", 0]
				},
				"wrist_right": {
					"rotation": [65.10555, -3.9649, -3.04868]
				},
				"hand_right": {
					"rotation": [0, 0, "-67.5+math.sin(q.anim_time*90*4-150)*5"]
				},
				"claws_right": {
					"rotation": [0, 0, -17.5]
				},
				"claw_inner_right2": {
					"rotation": [1.91757, -4.61854, -52.57734]
				},
				"claw_inner_right3": {
					"rotation": [0, 0, -20]
				},
				"claw_middle_right": {
					"rotation": [0, 0, "math.sin(q.anim_time*90*3-280)*2"]
				},
				"claw_middle_right2": {
					"rotation": [0, 0, -27.5]
				},
				"claw_middle_right3": {
					"rotation": [0, 0, -32.5]
				},
				"claw_outer_right2": {
					"rotation": [0, 0, -27.5]
				},
				"claw_outer_right3": {
					"rotation": [0, 0, -25]
				},
				"neck2": {
					"rotation": ["5+math.sin(q.anim_time*90*3-190)*1", 0, 0]
				},
				"jaw": {
					"rotation": ["7.5+math.sin(q.anim_time*90*6-70)*4", 0, 0]
				},
				"muzzle": {
					"rotation": [-12.5, 0, 0]
				},
				"muzzle2": {
					"rotation": [-10, 0, 0]
				},
				"jaw2": {
					"rotation": [-7.51021, -0.27878, -0.29383]
				},
				"head_rotation": {
					"rotation": ["-5-math.sin(q.anim_time*90*3+220)*9", 0, "0+math.sin(q.anim_time*90*3-250)*1"]
				},
				"tongue": {
					"rotation": [-20, 0, 0]
				},
				"tongue_bend": {
					"rotation": [25, 0, 0]
				},
				"claw_middle_left": {
					"rotation": [0, 0, "math.sin(q.anim_time*90*3-280)*2"]
				},
				"claw_outer_left": {
					"rotation": [0, 0, "math.sin(q.anim_time*90*3-280)*5"]
				},
				"claw_outer_right": {
					"rotation": [0, 0, "math.sin(q.anim_time*90*3-280)*5"]
				},
				"neck": {
					"rotation": ["12.5+math.sin(q.anim_time*90*3-160)*8", 0, "0+math.sin(q.anim_time*90*1.5-240)*9"]
				},
				"neck3": {
					"rotation": [0, 0, 0]
				},
				"head_fur_top2": {
					"rotation": ["-8-math.sin(q.anim_time*90*6+290)*2+math.sin(q.anim_time*90*3+120)*6", 0, 0]
				},
				"head_fur_left2": {
					"rotation": [0, 0, "-(math.sin(q.anim_time*90*6+290)*2+math.sin(q.anim_time*90*3+100)*6)"]
				},
				"head_fur_right2": {
					"rotation": [0, 0, "-(math.sin(q.anim_time*90*6+290)*2)+math.sin(q.anim_time*90*3+100)*6"]
				},
				"head_fur_top_left2": {
					"rotation": [0, 0, "12.5-(math.sin(q.anim_time*90*6+290)*2+math.sin(q.anim_time*90*3+110)*6)"]
				},
				"head_fur_top_right2": {
					"rotation": [0, 0, "-12.5+math.sin(q.anim_time*90*6+290)*2+math.sin(q.anim_time*90*3+110)*6"]
				},
				"head_fur_bottom_left2": {
					"rotation": [0, 0, "-(math.sin(q.anim_time*90*6+290)*2+math.sin(q.anim_time*90*3+90)*6)"]
				},
				"head_fur_bottom_right2": {
					"rotation": [0, 0, "-(math.sin(q.anim_time*90*6+290)*2)+math.sin(q.anim_time*90*3+90)*6"]
				},
				"arms": {
					"position": [0, "math.sin(q.anim_time*90*3+220)*1", 0]
				},
				"head_fur_top": {
					"rotation": ["math.sin(q.anim_time*90*3+170)*2", 0, 0]
				},
				"head_fur_left": {
					"rotation": [0, "-(math.sin(q.anim_time*90*3+150)*4)", "-(math.sin(q.anim_time*90*3+150)*2)"]
				},
				"head_fur_right": {
					"rotation": [0, "math.sin(q.anim_time*90*3+150)*4", "math.sin(q.anim_time*90*3+150)*2"]
				},
				"head_fur_top_left": {
					"rotation": [0, "-(math.sin(q.anim_time*90*3+160)*1)", "-(math.sin(q.anim_time*90*3+160)*1)"]
				},
				"head_fur_top_right": {
					"rotation": [0, "math.sin(q.anim_time*90*3+160)*1", "math.sin(q.anim_time*90*3+160)*1"]
				},
				"head_fur_bottom_left": {
					"rotation": [0, "-(math.sin(q.anim_time*90*3+140)*5-2)", "-(math.sin(q.anim_time*90*3+140)*2-2)"]
				},
				"head_fur_bottom_right": {
					"rotation": [0, "math.sin(q.anim_time*90*3+140)*5-2", "math.sin(q.anim_time*90*3+140)*2-2"]
				},
				"torso": {
					"rotation": ["-9+math.sin(q.anim_time*90*4-90)*3", "math.sin(q.anim_time*90*2-40)*2", "math.sin(q.anim_time*90*2)*-6"],
					"position": [0, "math.sin(q.anim_time*90*4)*0.5", 0]
				},
				"tail": {
					"rotation": ["7+math.sin(q.anim_time*90*4-150)*1", "math.sin(q.anim_time*90*2-110)*7", 0]
				},
				"tail2": {
					"rotation": ["5+math.sin(q.anim_time*90*4-190)*2", "math.sin(q.anim_time*90*2-140)*9", 0]
				},
				"tail3": {
					"rotation": ["5+math.sin(q.anim_time*90*4-220)*4", "math.sin(q.anim_time*90*2-180)*13", 0]
				},
				"tail4": {
					"rotation": ["2+math.sin(q.anim_time*90*4-270)*6", "0+math.sin(q.anim_time*90*2-250)*16", 0]
				},
				"tail5": {
					"rotation": ["2+math.sin(q.anim_time*90*4-320)*9", "math.sin(q.anim_time*90*2-290)*21", 0]
				},
				"leg_left": {
					"rotation": {
						"0.0": {
							"post": [41, -2.4, 0],
							"lerp_mode": "catmullrom"
						},
						"0.2083": {
							"post": [41.79, -3.1, -5.49],
							"lerp_mode": "catmullrom"
						},
						"0.5417": {
							"post": [20.5179, -3.52595, -6.32189],
							"lerp_mode": "catmullrom"
						},
						"1.0": {
							"post": [-16.5, -2.4, 0],
							"lerp_mode": "catmullrom"
						},
						"1.5": {
							"post": [16.0179, -2.4, 0],
							"lerp_mode": "catmullrom"
						},
						"1.75": {
							"post": [31.29, -2.4, 0],
							"lerp_mode": "catmullrom"
						},
						"2.0": {
							"post": [41, -2.4, 0],
							"lerp_mode": "catmullrom"
						},
						"2.2083": {
							"post": [41.79, -3.1, -5.49],
							"lerp_mode": "catmullrom"
						},
						"2.5417": {
							"post": [20.5179, -3.52595, -6.32189],
							"lerp_mode": "catmullrom"
						},
						"3.0": {
							"post": [-16.5, -2.4, 0],
							"lerp_mode": "catmullrom"
						},
						"3.5": {
							"post": [16.0179, -2.4, 0],
							"lerp_mode": "catmullrom"
						},
						"3.75": {
							"post": [31.29, -2.4, 0],
							"lerp_mode": "catmullrom"
						},
						"4.0": {
							"post": [41, -2.4, 0],
							"lerp_mode": "catmullrom"
						},
						"4.2083": {
							"post": [41.79, -3.1, -5.49],
							"lerp_mode": "catmullrom"
						},
						"4.5417": {
							"post": [20.5179, -3.52595, -6.32189],
							"lerp_mode": "catmullrom"
						},
						"5.0": {
							"post": [-16.5, -2.4, 0],
							"lerp_mode": "catmullrom"
						},
						"5.5": {
							"post": [16.0179, -2.4, 0],
							"lerp_mode": "catmullrom"
						},
						"5.75": {
							"post": [31.29, -2.4, 0],
							"lerp_mode": "catmullrom"
						},
						"6.0": {
							"post": [41, -2.4, 0],
							"lerp_mode": "catmullrom"
						},
						"6.2083": {
							"post": [41.79, -3.1, -5.49],
							"lerp_mode": "catmullrom"
						},
						"6.5417": {
							"post": [20.5179, -3.52595, -6.32189],
							"lerp_mode": "catmullrom"
						},
						"7.0": {
							"post": [-16.5, -2.4, 0],
							"lerp_mode": "catmullrom"
						},
						"7.5": {
							"post": [16.0179, -2.4, 0],
							"lerp_mode": "catmullrom"
						},
						"7.75": {
							"post": [31.29, -2.4, 0],
							"lerp_mode": "catmullrom"
						},
						"8.0": {
							"post": [41, -2.4, 0],
							"lerp_mode": "catmullrom"
						}
					},
					"position": {
						"0.0": {
							"post": [0.3, 0, 0.4],
							"lerp_mode": "catmullrom"
						},
						"0.2083": {
							"post": [0, 1.07, 0.33],
							"lerp_mode": "catmullrom"
						},
						"0.4583": {
							"post": [0, 2.15, -0.1],
							"lerp_mode": "catmullrom"
						},
						"1.0": {
							"post": [0.3, 0, -0.7],
							"lerp_mode": "catmullrom"
						},
						"1.5": {
							"post": [0.3, 0.77, -0.19],
							"lerp_mode": "catmullrom"
						},
						"1.7917": {
							"post": [0.3, 0.26, 0.33],
							"lerp_mode": "catmullrom"
						},
						"2.0": {
							"post": [0.3, 0, 0.4],
							"lerp_mode": "catmullrom"
						},
						"2.2083": {
							"post": [0, 1.07, 0.33],
							"lerp_mode": "catmullrom"
						},
						"2.4583": {
							"post": [0, 2.15, -0.1],
							"lerp_mode": "catmullrom"
						},
						"3.0": {
							"post": [0.3, 0, -0.7],
							"lerp_mode": "catmullrom"
						},
						"3.5": {
							"post": [0.3, 0.77, -0.19],
							"lerp_mode": "catmullrom"
						},
						"3.7917": {
							"post": [0.3, 0.26, 0.33],
							"lerp_mode": "catmullrom"
						},
						"4.0": {
							"post": [0.3, 0, 0.4],
							"lerp_mode": "catmullrom"
						},
						"4.2083": {
							"post": [0, 1.07, 0.33],
							"lerp_mode": "catmullrom"
						},
						"4.4583": {
							"post": [0, 2.15, -0.1],
							"lerp_mode": "catmullrom"
						},
						"5.0": {
							"post": [0.3, 0, -0.7],
							"lerp_mode": "catmullrom"
						},
						"5.5": {
							"post": [0.3, 0.77, -0.19],
							"lerp_mode": "catmullrom"
						},
						"5.7917": {
							"post": [0.3, 0.26, 0.33],
							"lerp_mode": "catmullrom"
						},
						"6.0": {
							"post": [0.3, 0, 0.4],
							"lerp_mode": "catmullrom"
						},
						"6.2083": {
							"post": [0, 1.07, 0.33],
							"lerp_mode": "catmullrom"
						},
						"6.4583": {
							"post": [0, 2.15, -0.1],
							"lerp_mode": "catmullrom"
						},
						"7.0": {
							"post": [0.3, 0, -0.7],
							"lerp_mode": "catmullrom"
						},
						"7.5": {
							"post": [0.3, 0.77, -0.19],
							"lerp_mode": "catmullrom"
						},
						"7.7917": {
							"post": [0.3, 0.26, 0.33],
							"lerp_mode": "catmullrom"
						},
						"8.0": {
							"post": [0.3, 0, 0.4],
							"lerp_mode": "catmullrom"
						}
					}
				},
				"leg_left2": {
					"rotation": {
						"0.0": {
							"post": [-13.5, 1.8, 0],
							"lerp_mode": "catmullrom"
						},
						"0.4583": {
							"post": [6.55, 1.8, 3],
							"lerp_mode": "catmullrom"
						},
						"1.0": [-3.5, 1.8, 0],
						"1.1667": [-1.96, 1.8, 0],
						"1.5": [-8.63, 1.8, 0],
						"1.8333": {
							"pre": [-12.92, 1.8, 0],
							"post": [-12.92, 1.8, 0],
							"lerp_mode": "catmullrom"
						},
						"2.0": {
							"post": [-13.5, 1.8, 0],
							"lerp_mode": "catmullrom"
						},
						"2.4583": {
							"post": [6.55, 1.8, 3],
							"lerp_mode": "catmullrom"
						},
						"3.0": [-3.5, 1.8, 0],
						"3.1667": [-1.96, 1.8, 0],
						"3.5": [-8.63, 1.8, 0],
						"3.8333": {
							"pre": [-12.92, 1.8, 0],
							"post": [-12.92, 1.8, 0],
							"lerp_mode": "catmullrom"
						},
						"4.0": {
							"post": [-13.5, 1.8, 0],
							"lerp_mode": "catmullrom"
						},
						"4.4583": {
							"post": [6.55, 1.8, 3],
							"lerp_mode": "catmullrom"
						},
						"5.0": [-3.5, 1.8, 0],
						"5.1667": [-1.96, 1.8, 0],
						"5.5": [-8.63, 1.8, 0],
						"5.8333": {
							"pre": [-12.92, 1.8, 0],
							"post": [-12.92, 1.8, 0],
							"lerp_mode": "catmullrom"
						},
						"6.0": {
							"post": [-13.5, 1.8, 0],
							"lerp_mode": "catmullrom"
						},
						"6.4583": {
							"post": [6.55, 1.8, 3],
							"lerp_mode": "catmullrom"
						},
						"7.0": [-3.5, 1.8, 0],
						"7.1667": [-1.96, 1.8, 0],
						"7.5": [-8.63, 1.8, 0],
						"7.8333": {
							"pre": [-12.92, 1.8, 0],
							"post": [-12.92, 1.8, 0],
							"lerp_mode": "catmullrom"
						},
						"8.0": {
							"post": [-13.5, 1.8, 0],
							"lerp_mode": "catmullrom"
						}
					},
					"position": [-0.1, 0, 0]
				},
				"leg_left3": {
					"rotation": {
						"0.0": {
							"post": [13, 0, 0],
							"lerp_mode": "catmullrom"
						},
						"0.25": {
							"post": [-4.32, 0, 0],
							"lerp_mode": "catmullrom"
						},
						"0.625": {
							"post": [-23.76, 0, 0],
							"lerp_mode": "catmullrom"
						},
						"1.0": [3, 0, 0],
						"1.0833": [4.13, 0, 0],
						"1.2917": [3.44, 0, 0],
						"1.5": {
							"pre": [9.88, 0, 0],
							"post": [9.88, 0, 0],
							"lerp_mode": "catmullrom"
						},
						"2.0": {
							"post": [13, 0, 0],
							"lerp_mode": "catmullrom"
						},
						"2.25": {
							"post": [-4.32, 0, 0],
							"lerp_mode": "catmullrom"
						},
						"2.625": {
							"post": [-23.76, 0, 0],
							"lerp_mode": "catmullrom"
						},
						"3.0": [3, 0, 0],
						"3.0833": [4.13, 0, 0],
						"3.2917": [3.44, 0, 0],
						"3.5": {
							"pre": [9.88, 0, 0],
							"post": [9.88, 0, 0],
							"lerp_mode": "catmullrom"
						},
						"4.0": {
							"post": [13, 0, 0],
							"lerp_mode": "catmullrom"
						},
						"4.25": {
							"post": [-4.32, 0, 0],
							"lerp_mode": "catmullrom"
						},
						"4.625": {
							"post": [-23.76, 0, 0],
							"lerp_mode": "catmullrom"
						},
						"5.0": [3, 0, 0],
						"5.0833": [4.13, 0, 0],
						"5.2917": [3.44, 0, 0],
						"5.5": {
							"pre": [9.88, 0, 0],
							"post": [9.88, 0, 0],
							"lerp_mode": "catmullrom"
						},
						"6.0": {
							"post": [13, 0, 0],
							"lerp_mode": "catmullrom"
						},
						"6.25": {
							"post": [-4.32, 0, 0],
							"lerp_mode": "catmullrom"
						},
						"6.625": {
							"post": [-23.76, 0, 0],
							"lerp_mode": "catmullrom"
						},
						"7.0": [3, 0, 0],
						"7.0833": [4.13, 0, 0],
						"7.2917": [3.44, 0, 0],
						"7.5": {
							"pre": [9.88, 0, 0],
							"post": [9.88, 0, 0],
							"lerp_mode": "catmullrom"
						},
						"8.0": {
							"post": [13, 0, 0],
							"lerp_mode": "catmullrom"
						}
					},
					"position": {
						"0.0": {
							"post": [0, 0, 0],
							"lerp_mode": "catmullrom"
						},
						"1.0": {
							"post": [0, 0, 0],
							"lerp_mode": "catmullrom"
						},
						"2.0": {
							"post": [0, 0, 0],
							"lerp_mode": "catmullrom"
						},
						"3.0": {
							"post": [0, 0, 0],
							"lerp_mode": "catmullrom"
						},
						"4.0": {
							"post": [0, 0, 0],
							"lerp_mode": "catmullrom"
						},
						"5.0": {
							"post": [0, 0, 0],
							"lerp_mode": "catmullrom"
						},
						"6.0": {
							"post": [0, 0, 0],
							"lerp_mode": "catmullrom"
						},
						"7.0": {
							"post": [0, 0, 0],
							"lerp_mode": "catmullrom"
						},
						"8.0": {
							"post": [0, 0, 0],
							"lerp_mode": "catmullrom"
						}
					}
				},
				"foot_left": {
					"rotation": {
						"0.0": {
							"post": [0.5, 0, 0],
							"lerp_mode": "catmullrom"
						},
						"0.1667": {
							"post": [2.84, 0, 0],
							"lerp_mode": "catmullrom"
						},
						"0.4583": {
							"post": [10.67, 0, 0],
							"lerp_mode": "catmullrom"
						},
						"0.75": {
							"post": [6.88, 0, 0],
							"lerp_mode": "catmullrom"
						},
						"1.0": [17, 0, 0],
						"1.0417": [15.59, 0, 0],
						"1.1667": [6.99, 0, 0],
						"1.25": [1.32216, -0.0151, 0.00989],
						"1.375": [-6.6798, -0.01768, 0.02244],
						"1.5": {
							"pre": [-11.3, 0, 0],
							"post": [-11.3, 0, 0],
							"lerp_mode": "catmullrom"
						},
						"1.625": {
							"post": [-11.56, 0, 0],
							"lerp_mode": "catmullrom"
						},
						"1.75": {
							"post": [-8.93, 0, 0],
							"lerp_mode": "catmullrom"
						},
						"2.0": {
							"post": [0.5, 0, 0],
							"lerp_mode": "catmullrom"
						},
						"2.1667": {
							"post": [2.84, 0, 0],
							"lerp_mode": "catmullrom"
						},
						"2.4583": {
							"post": [10.67, 0, 0],
							"lerp_mode": "catmullrom"
						},
						"2.75": {
							"post": [6.88, 0, 0],
							"lerp_mode": "catmullrom"
						},
						"3.0": [17, 0, 0],
						"3.0417": [15.59, 0, 0],
						"3.1667": [6.99, 0, 0],
						"3.25": [1.32216, -0.0151, 0.00989],
						"3.375": [-6.6798, -0.01768, 0.02244],
						"3.5": {
							"pre": [-11.3, 0, 0],
							"post": [-11.3, 0, 0],
							"lerp_mode": "catmullrom"
						},
						"3.625": {
							"post": [-11.56, 0, 0],
							"lerp_mode": "catmullrom"
						},
						"3.75": {
							"post": [-8.93, 0, 0],
							"lerp_mode": "catmullrom"
						},
						"4.0": {
							"post": [0.5, 0, 0],
							"lerp_mode": "catmullrom"
						},
						"4.1667": {
							"post": [2.84, 0, 0],
							"lerp_mode": "catmullrom"
						},
						"4.4583": {
							"post": [10.67, 0, 0],
							"lerp_mode": "catmullrom"
						},
						"4.75": {
							"post": [6.88, 0, 0],
							"lerp_mode": "catmullrom"
						},
						"5.0": [17, 0, 0],
						"5.0417": [15.59, 0, 0],
						"5.1667": [6.99, 0, 0],
						"5.25": [1.32216, -0.0151, 0.00989],
						"5.375": [-6.6798, -0.01768, 0.02244],
						"5.5": {
							"pre": [-11.3, 0, 0],
							"post": [-11.3, 0, 0],
							"lerp_mode": "catmullrom"
						},
						"5.625": {
							"post": [-11.56, 0, 0],
							"lerp_mode": "catmullrom"
						},
						"5.75": {
							"post": [-8.93, 0, 0],
							"lerp_mode": "catmullrom"
						},
						"6.0": {
							"post": [0.5, 0, 0],
							"lerp_mode": "catmullrom"
						},
						"6.1667": {
							"post": [2.84, 0, 0],
							"lerp_mode": "catmullrom"
						},
						"6.4583": {
							"post": [10.67, 0, 0],
							"lerp_mode": "catmullrom"
						},
						"6.75": {
							"post": [6.88, 0, 0],
							"lerp_mode": "catmullrom"
						},
						"7.0": [17, 0, 0],
						"7.0417": [15.59, 0, 0],
						"7.1667": [6.99, 0, 0],
						"7.25": [1.32216, -0.0151, 0.00989],
						"7.375": [-6.6798, -0.01768, 0.02244],
						"7.5": {
							"pre": [-11.3, 0, 0],
							"post": [-11.3, 0, 0],
							"lerp_mode": "catmullrom"
						},
						"7.625": {
							"post": [-11.56, 0, 0],
							"lerp_mode": "catmullrom"
						},
						"7.75": {
							"post": [-8.93, 0, 0],
							"lerp_mode": "catmullrom"
						},
						"8.0": {
							"post": [0.5, 0, 0],
							"lerp_mode": "catmullrom"
						}
					},
					"position": [0, 0, 0]
				},
				"toe_inner_left": {
					"rotation": {
						"0.0": [-25, 0, 0],
						"1.0": [37.5, 0, 0],
						"2.0": [-25, 0, 0],
						"3.0": [37.5, 0, 0],
						"4.0": [-25, 0, 0],
						"5.0": [37.5, 0, 0],
						"6.0": [-25, 0, 0],
						"7.0": [37.5, 0, 0],
						"8.0": [-25, 0, 0]
					}
				},
				"toe_middle_left": {
					"rotation": {
						"0.0": [-41, 0, 0],
						"0.375": {
							"pre": [25, 0, 0],
							"post": [25, 0, 0],
							"lerp_mode": "catmullrom"
						},
						"0.5833": {
							"post": [50.27778, 0, 0.55556],
							"lerp_mode": "catmullrom"
						},
						"0.7917": {
							"post": [30, 0, 0],
							"lerp_mode": "catmullrom"
						},
						"1.0": [0, 0, 0],
						"1.1667": [1, 0, 0],
						"1.2917": [2.25, 0, 0],
						"1.3333": [0, 0, 0],
						"1.5": [-5.62, 0, 0],
						"1.6667": [-16.25, 0, 0],
						"2.0": [-41, 0, 0],
						"2.375": {
							"pre": [25, 0, 0],
							"post": [25, 0, 0],
							"lerp_mode": "catmullrom"
						},
						"2.5833": {
							"post": [50.27778, 0, 0.55556],
							"lerp_mode": "catmullrom"
						},
						"2.7917": {
							"post": [30, 0, 0],
							"lerp_mode": "catmullrom"
						},
						"3.0": [0, 0, 0],
						"3.1667": [1, 0, 0],
						"3.2917": [2.25, 0, 0],
						"3.3333": [0, 0, 0],
						"3.5": [-5.62, 0, 0],
						"3.6667": [-16.25, 0, 0],
						"4.0": [-41, 0, 0],
						"4.375": {
							"pre": [25, 0, 0],
							"post": [25, 0, 0],
							"lerp_mode": "catmullrom"
						},
						"4.5833": {
							"post": [50.27778, 0, 0.55556],
							"lerp_mode": "catmullrom"
						},
						"4.7917": {
							"post": [30, 0, 0],
							"lerp_mode": "catmullrom"
						},
						"5.0": [0, 0, 0],
						"5.1667": [1, 0, 0],
						"5.2917": [2.25, 0, 0],
						"5.3333": [0, 0, 0],
						"5.5": [-5.62, 0, 0],
						"5.6667": [-16.25, 0, 0],
						"6.0": [-41, 0, 0],
						"6.375": {
							"pre": [25, 0, 0],
							"post": [25, 0, 0],
							"lerp_mode": "catmullrom"
						},
						"6.5833": {
							"post": [50.27778, 0, 0.55556],
							"lerp_mode": "catmullrom"
						},
						"6.7917": {
							"post": [30, 0, 0],
							"lerp_mode": "catmullrom"
						},
						"7.0": [0, 0, 0],
						"7.1667": [1, 0, 0],
						"7.2917": [2.25, 0, 0],
						"7.3333": [0, 0, 0],
						"7.5": [-5.62, 0, 0],
						"7.6667": [-16.25, 0, 0],
						"8.0": [-41, 0, 0]
					},
					"position": {
						"0.0": [0, -0.5, 1.25],
						"0.25": [0, 0, 0],
						"1.4167": [0, 0, 0],
						"1.75": [0, -0.09, 0.71],
						"1.875": [0, -0.09, 0.98],
						"1.9167": [0, -0.13, 1.07],
						"2.0": [0, -0.5, 1.25],
						"2.25": [0, 0, 0],
						"3.4167": [0, 0, 0],
						"3.75": [0, -0.09, 0.71],
						"3.875": [0, -0.09, 0.98],
						"3.9167": [0, -0.13, 1.07],
						"4.0": [0, -0.5, 1.25],
						"4.25": [0, 0, 0],
						"5.4167": [0, 0, 0],
						"5.75": [0, -0.09, 0.71],
						"5.875": [0, -0.09, 0.98],
						"5.9167": [0, -0.13, 1.07],
						"6.0": [0, -0.5, 1.25],
						"6.25": [0, 0, 0],
						"7.4167": [0, 0, 0],
						"7.75": [0, -0.09, 0.71],
						"7.875": [0, -0.09, 0.98],
						"7.9167": [0, -0.13, 1.07],
						"8.0": [0, -0.5, 1.25]
					}
				},
				"toe_outer_left": {
					"rotation": {
						"0.0": [-41, -22.7, 10.7],
						"0.375": {
							"pre": [25, -3.1, 13.3],
							"post": [25, -3.1, 13.3],
							"lerp_mode": "catmullrom"
						},
						"0.5833": {
							"post": [50.27778, 1.3, 10.65556],
							"lerp_mode": "catmullrom"
						},
						"0.7917": {
							"post": [30, -4.4, 8.2],
							"lerp_mode": "catmullrom"
						},
						"1.0": [0, -9, 0],
						"1.1667": [1, -9, 0],
						"1.2917": [2.25, -9, 0],
						"1.3333": [0, -9.3, 0],
						"1.5": [-5.62, -10, 0],
						"1.6667": [-16.25, -15.7, 3.1],
						"2.0": [-41, -22.7, 10.7],
						"2.375": {
							"pre": [25, -3.1, 13.3],
							"post": [25, -3.1, 13.3],
							"lerp_mode": "catmullrom"
						},
						"2.5833": {
							"post": [50.27778, 1.3, 10.65556],
							"lerp_mode": "catmullrom"
						},
						"2.7917": {
							"post": [30, -4.4, 8.2],
							"lerp_mode": "catmullrom"
						},
						"3.0": [0, -9, 0],
						"3.1667": [1, -9, 0],
						"3.2917": [2.25, -9, 0],
						"3.3333": [0, -9.3, 0],
						"3.5": [-5.62, -10, 0],
						"3.6667": [-16.25, -15.7, 3.1],
						"4.0": [-41, -22.7, 10.7],
						"4.375": {
							"pre": [25, -3.1, 13.3],
							"post": [25, -3.1, 13.3],
							"lerp_mode": "catmullrom"
						},
						"4.5833": {
							"post": [50.27778, 1.3, 10.65556],
							"lerp_mode": "catmullrom"
						},
						"4.7917": {
							"post": [30, -4.4, 8.2],
							"lerp_mode": "catmullrom"
						},
						"5.0": [0, -9, 0],
						"5.1667": [1, -9, 0],
						"5.2917": [2.25, -9, 0],
						"5.3333": [0, -9.3, 0],
						"5.5": [-5.62, -10, 0],
						"5.6667": [-16.25, -15.7, 3.1],
						"6.0": [-41, -22.7, 10.7],
						"6.375": {
							"pre": [25, -3.1, 13.3],
							"post": [25, -3.1, 13.3],
							"lerp_mode": "catmullrom"
						},
						"6.5833": {
							"post": [50.27778, 1.3, 10.65556],
							"lerp_mode": "catmullrom"
						},
						"6.7917": {
							"post": [30, -4.4, 8.2],
							"lerp_mode": "catmullrom"
						},
						"7.0": [0, -9, 0],
						"7.1667": [1, -9, 0],
						"7.2917": [2.25, -9, 0],
						"7.3333": [0, -9.3, 0],
						"7.5": [-5.62, -10, 0],
						"7.6667": [-16.25, -15.7, 3.1],
						"8.0": [-41, -22.7, 10.7]
					},
					"position": {
						"0.0": [0, -0.5, 1.25],
						"0.25": [0, 0, 0],
						"1.4167": [0, 0, 0],
						"1.75": [0, -0.09, 0.71],
						"1.875": [0, -0.09, 0.98],
						"1.9167": [0, -0.13, 1.07],
						"2.0": [0, -0.5, 1.25],
						"2.25": [0, 0, 0],
						"3.4167": [0, 0, 0],
						"3.75": [0, -0.09, 0.71],
						"3.875": [0, -0.09, 0.98],
						"3.9167": [0, -0.13, 1.07],
						"4.0": [0, -0.5, 1.25],
						"4.25": [0, 0, 0],
						"5.4167": [0, 0, 0],
						"5.75": [0, -0.09, 0.71],
						"5.875": [0, -0.09, 0.98],
						"5.9167": [0, -0.13, 1.07],
						"6.0": [0, -0.5, 1.25],
						"6.25": [0, 0, 0],
						"7.4167": [0, 0, 0],
						"7.75": [0, -0.09, 0.71],
						"7.875": [0, -0.09, 0.98],
						"7.9167": [0, -0.13, 1.07],
						"8.0": [0, -0.5, 1.25]
					}
				},
				"leg_right": {
					"rotation": {
						"0.0": {
							"post": [-16.5, 2.4, 1.4],
							"lerp_mode": "catmullrom"
						},
						"0.2083": {
							"post": [-4.38, 2.4, 0],
							"lerp_mode": "catmullrom"
						},
						"0.5": {
							"post": [16.0179, 2.4, 0],
							"lerp_mode": "catmullrom"
						},
						"0.75": {
							"post": [31.29, 2.4, 0],
							"lerp_mode": "catmullrom"
						},
						"1.0": {
							"post": [41, 2.4, 0],
							"lerp_mode": "catmullrom"
						},
						"1.2083": {
							"post": [41.79, 3.1, 5.49],
							"lerp_mode": "catmullrom"
						},
						"1.5417": {
							"post": [20.5179, 3.52595, 6.3219],
							"lerp_mode": "catmullrom"
						},
						"2.0": {
							"post": [-16.5, 2.4, 1.4],
							"lerp_mode": "catmullrom"
						},
						"2.2083": {
							"post": [-4.38, 2.4, 0],
							"lerp_mode": "catmullrom"
						},
						"2.5": {
							"post": [16.0179, 2.4, 0],
							"lerp_mode": "catmullrom"
						},
						"2.75": {
							"post": [31.29, 2.4, 0],
							"lerp_mode": "catmullrom"
						},
						"3.0": {
							"post": [41, 2.4, 0],
							"lerp_mode": "catmullrom"
						},
						"3.2083": {
							"post": [41.79, 3.1, 5.49],
							"lerp_mode": "catmullrom"
						},
						"3.5417": {
							"post": [20.5179, 3.52595, 6.3219],
							"lerp_mode": "catmullrom"
						},
						"4.0": {
							"post": [-16.5, 2.4, 1.4],
							"lerp_mode": "catmullrom"
						},
						"4.2083": {
							"post": [-4.38, 2.4, 0],
							"lerp_mode": "catmullrom"
						},
						"4.5": {
							"post": [16.0179, 2.4, 0],
							"lerp_mode": "catmullrom"
						},
						"4.75": {
							"post": [31.29, 2.4, 0],
							"lerp_mode": "catmullrom"
						},
						"5.0": {
							"post": [41, 2.4, 0],
							"lerp_mode": "catmullrom"
						},
						"5.2083": {
							"post": [41.79, 3.1, 5.49],
							"lerp_mode": "catmullrom"
						},
						"5.5417": {
							"post": [20.5179, 3.52595, 6.3219],
							"lerp_mode": "catmullrom"
						},
						"6.0": {
							"post": [-16.5, 2.4, 1.4],
							"lerp_mode": "catmullrom"
						},
						"6.2083": {
							"post": [-4.38, 2.4, 0],
							"lerp_mode": "catmullrom"
						},
						"6.5": {
							"post": [16.0179, 2.4, 0],
							"lerp_mode": "catmullrom"
						},
						"6.75": {
							"post": [31.29, 2.4, 0],
							"lerp_mode": "catmullrom"
						},
						"7.0": {
							"post": [41, 2.4, 0],
							"lerp_mode": "catmullrom"
						},
						"7.2083": {
							"post": [41.79, 3.1, 5.49],
							"lerp_mode": "catmullrom"
						},
						"7.5417": {
							"post": [20.5179, 3.52595, 6.3219],
							"lerp_mode": "catmullrom"
						},
						"8.0": {
							"post": [-16.5, 2.4, 1.4],
							"lerp_mode": "catmullrom"
						}
					},
					"position": {
						"0.0": {
							"post": [-0.3, 0, -0.7],
							"lerp_mode": "catmullrom"
						},
						"0.5": {
							"post": [-0.3, 0.77, -0.19],
							"lerp_mode": "catmullrom"
						},
						"0.7917": {
							"post": [-0.3, 0.26, 0.33],
							"lerp_mode": "catmullrom"
						},
						"1.0": {
							"post": [-0.3, 0, 0.4],
							"lerp_mode": "catmullrom"
						},
						"1.2083": {
							"post": [0, 1.07, 0.33],
							"lerp_mode": "catmullrom"
						},
						"1.4583": {
							"post": [0, 2.15, -0.1],
							"lerp_mode": "catmullrom"
						},
						"2.0": {
							"post": [-0.3, 0, -0.7],
							"lerp_mode": "catmullrom"
						},
						"2.5": {
							"post": [-0.3, 0.77, -0.19],
							"lerp_mode": "catmullrom"
						},
						"2.7917": {
							"post": [-0.3, 0.26, 0.33],
							"lerp_mode": "catmullrom"
						},
						"3.0": {
							"post": [-0.3, 0, 0.4],
							"lerp_mode": "catmullrom"
						},
						"3.2083": {
							"post": [0, 1.07, 0.33],
							"lerp_mode": "catmullrom"
						},
						"3.4583": {
							"post": [0, 2.15, -0.1],
							"lerp_mode": "catmullrom"
						},
						"4.0": {
							"post": [-0.3, 0, -0.7],
							"lerp_mode": "catmullrom"
						},
						"4.5": {
							"post": [-0.3, 0.77, -0.19],
							"lerp_mode": "catmullrom"
						},
						"4.7917": {
							"post": [-0.3, 0.26, 0.33],
							"lerp_mode": "catmullrom"
						},
						"5.0": {
							"post": [-0.3, 0, 0.4],
							"lerp_mode": "catmullrom"
						},
						"5.2083": {
							"post": [0, 1.07, 0.33],
							"lerp_mode": "catmullrom"
						},
						"5.4583": {
							"post": [0, 2.15, -0.1],
							"lerp_mode": "catmullrom"
						},
						"6.0": {
							"post": [-0.3, 0, -0.7],
							"lerp_mode": "catmullrom"
						},
						"6.5": {
							"post": [-0.3, 0.77, -0.19],
							"lerp_mode": "catmullrom"
						},
						"6.7917": {
							"post": [-0.3, 0.26, 0.33],
							"lerp_mode": "catmullrom"
						},
						"7.0": {
							"post": [-0.3, 0, 0.4],
							"lerp_mode": "catmullrom"
						},
						"7.2083": {
							"post": [0, 1.07, 0.33],
							"lerp_mode": "catmullrom"
						},
						"7.4583": {
							"post": [0, 2.15, -0.1],
							"lerp_mode": "catmullrom"
						},
						"8.0": {
							"post": [-0.3, 0, -0.7],
							"lerp_mode": "catmullrom"
						}
					}
				},
				"leg_right2": {
					"rotation": {
						"0.0": [-3.5, -1.8, 0],
						"0.1667": [-1.96, -1.8, 0],
						"0.5": [-8.63, -1.8, 0],
						"0.8333": {
							"pre": [-12.92, -1.8, 0],
							"post": [-12.92, -1.8, 0],
							"lerp_mode": "catmullrom"
						},
						"1.0": {
							"post": [-13.5, -1.8, 0],
							"lerp_mode": "catmullrom"
						},
						"1.4583": {
							"post": [6.55, -1.8, -3],
							"lerp_mode": "catmullrom"
						},
						"2.0": [-3.5, -1.8, 0],
						"2.1667": [-1.96, -1.8, 0],
						"2.5": [-8.63, -1.8, 0],
						"2.8333": {
							"pre": [-12.92, -1.8, 0],
							"post": [-12.92, -1.8, 0],
							"lerp_mode": "catmullrom"
						},
						"3.0": {
							"post": [-13.5, -1.8, 0],
							"lerp_mode": "catmullrom"
						},
						"3.4583": {
							"post": [6.55, -1.8, -3],
							"lerp_mode": "catmullrom"
						},
						"4.0": [-3.5, -1.8, 0],
						"4.1667": [-1.96, -1.8, 0],
						"4.5": [-8.63, -1.8, 0],
						"4.8333": {
							"pre": [-12.92, -1.8, 0],
							"post": [-12.92, -1.8, 0],
							"lerp_mode": "catmullrom"
						},
						"5.0": {
							"post": [-13.5, -1.8, 0],
							"lerp_mode": "catmullrom"
						},
						"5.4583": {
							"post": [6.55, -1.8, -3],
							"lerp_mode": "catmullrom"
						},
						"6.0": [-3.5, -1.8, 0],
						"6.1667": [-1.96, -1.8, 0],
						"6.5": [-8.63, -1.8, 0],
						"6.8333": {
							"pre": [-12.92, -1.8, 0],
							"post": [-12.92, -1.8, 0],
							"lerp_mode": "catmullrom"
						},
						"7.0": {
							"post": [-13.5, -1.8, 0],
							"lerp_mode": "catmullrom"
						},
						"7.4583": {
							"post": [6.55, -1.8, -3],
							"lerp_mode": "catmullrom"
						},
						"8.0": [-3.5, -1.8, 0]
					},
					"position": {
						"0.0": [0.1, 0, 0],
						"1.0": [0.1, 0, 0],
						"2.0": [0.1, 0, 0],
						"3.0": [0.1, 0, 0],
						"4.0": [0.1, 0, 0],
						"5.0": [0.1, 0, 0],
						"6.0": [0.1, 0, 0],
						"7.0": [0.1, 0, 0],
						"8.0": [0.1, 0, 0]
					}
				},
				"leg_right3": {
					"rotation": {
						"0.0": [3, 0, 0],
						"0.0833": [4.13, 0, 0],
						"0.2917": [3.44, 0, 0],
						"0.5": [9.88, 0, 0],
						"1.0": {
							"pre": [13, 0, 0],
							"post": [13, 0, 0],
							"lerp_mode": "catmullrom"
						},
						"1.25": {
							"post": [-4.32, 0, 0],
							"lerp_mode": "catmullrom"
						},
						"1.625": {
							"post": [-23.76, 0, 0],
							"lerp_mode": "catmullrom"
						},
						"2.0": [3, 0, 0],
						"2.0833": [4.13, 0, 0],
						"2.2917": [3.44, 0, 0],
						"2.5": [9.88, 0, 0],
						"3.0": {
							"pre": [13, 0, 0],
							"post": [13, 0, 0],
							"lerp_mode": "catmullrom"
						},
						"3.25": {
							"post": [-4.32, 0, 0],
							"lerp_mode": "catmullrom"
						},
						"3.625": {
							"post": [-23.76, 0, 0],
							"lerp_mode": "catmullrom"
						},
						"4.0": [3, 0, 0],
						"4.0833": [4.13, 0, 0],
						"4.2917": [3.44, 0, 0],
						"4.5": [9.88, 0, 0],
						"5.0": {
							"pre": [13, 0, 0],
							"post": [13, 0, 0],
							"lerp_mode": "catmullrom"
						},
						"5.25": {
							"post": [-4.32, 0, 0],
							"lerp_mode": "catmullrom"
						},
						"5.625": {
							"post": [-23.76, 0, 0],
							"lerp_mode": "catmullrom"
						},
						"6.0": [3, 0, 0],
						"6.0833": [4.13, 0, 0],
						"6.2917": [3.44, 0, 0],
						"6.5": [9.88, 0, 0],
						"7.0": {
							"pre": [13, 0, 0],
							"post": [13, 0, 0],
							"lerp_mode": "catmullrom"
						},
						"7.25": {
							"post": [-4.32, 0, 0],
							"lerp_mode": "catmullrom"
						},
						"7.625": {
							"post": [-23.76, 0, 0],
							"lerp_mode": "catmullrom"
						},
						"8.0": [3, 0, 0]
					},
					"position": {
						"0.0": {
							"post": [0, 0, 0],
							"lerp_mode": "catmullrom"
						},
						"1.0": {
							"post": [0, 0, 0],
							"lerp_mode": "catmullrom"
						},
						"2.0": {
							"post": [0, 0, 0],
							"lerp_mode": "catmullrom"
						},
						"3.0": {
							"post": [0, 0, 0],
							"lerp_mode": "catmullrom"
						},
						"4.0": {
							"post": [0, 0, 0],
							"lerp_mode": "catmullrom"
						},
						"5.0": {
							"post": [0, 0, 0],
							"lerp_mode": "catmullrom"
						},
						"6.0": {
							"post": [0, 0, 0],
							"lerp_mode": "catmullrom"
						},
						"7.0": {
							"post": [0, 0, 0],
							"lerp_mode": "catmullrom"
						},
						"8.0": {
							"post": [0, 0, 0],
							"lerp_mode": "catmullrom"
						}
					}
				},
				"foot_right": {
					"rotation": {
						"0.0": [17, 0, 0],
						"0.0417": [15.59, 0, 0],
						"0.1667": [6.99, 0, 0],
						"0.25": [1.32216, 0.0151, -0.00989],
						"0.375": [-6.6798, 0.01768, -0.02244],
						"0.5": {
							"pre": [-11.3, 0, 0],
							"post": [-11.3, 0, 0],
							"lerp_mode": "catmullrom"
						},
						"0.625": {
							"post": [-11.56, 0, 0],
							"lerp_mode": "catmullrom"
						},
						"0.75": {
							"post": [-8.93, 0, 0],
							"lerp_mode": "catmullrom"
						},
						"1.0": {
							"post": [0.5, 0, 0],
							"lerp_mode": "catmullrom"
						},
						"1.1667": {
							"post": [2.84, 0, 0],
							"lerp_mode": "catmullrom"
						},
						"1.4583": {
							"post": [10.67, 0, 0],
							"lerp_mode": "catmullrom"
						},
						"1.75": {
							"post": [6.88, 0, 0],
							"lerp_mode": "catmullrom"
						},
						"2.0": [17, 0, 0],
						"2.0417": [15.59, 0, 0],
						"2.1667": [6.99, 0, 0],
						"2.25": [1.32216, 0.0151, -0.00989],
						"2.375": [-6.6798, 0.01768, -0.02244],
						"2.5": {
							"pre": [-11.3, 0, 0],
							"post": [-11.3, 0, 0],
							"lerp_mode": "catmullrom"
						},
						"2.625": {
							"post": [-11.56, 0, 0],
							"lerp_mode": "catmullrom"
						},
						"2.75": {
							"post": [-8.93, 0, 0],
							"lerp_mode": "catmullrom"
						},
						"3.0": {
							"post": [0.5, 0, 0],
							"lerp_mode": "catmullrom"
						},
						"3.1667": {
							"post": [2.84, 0, 0],
							"lerp_mode": "catmullrom"
						},
						"3.4583": {
							"post": [10.67, 0, 0],
							"lerp_mode": "catmullrom"
						},
						"3.75": {
							"post": [6.88, 0, 0],
							"lerp_mode": "catmullrom"
						},
						"4.0": [17, 0, 0],
						"4.0417": [15.59, 0, 0],
						"4.1667": [6.99, 0, 0],
						"4.25": [1.32216, 0.0151, -0.00989],
						"4.375": [-6.6798, 0.01768, -0.02244],
						"4.5": {
							"pre": [-11.3, 0, 0],
							"post": [-11.3, 0, 0],
							"lerp_mode": "catmullrom"
						},
						"4.625": {
							"post": [-11.56, 0, 0],
							"lerp_mode": "catmullrom"
						},
						"4.75": {
							"post": [-8.93, 0, 0],
							"lerp_mode": "catmullrom"
						},
						"5.0": {
							"post": [0.5, 0, 0],
							"lerp_mode": "catmullrom"
						},
						"5.1667": {
							"post": [2.84, 0, 0],
							"lerp_mode": "catmullrom"
						},
						"5.4583": {
							"post": [10.67, 0, 0],
							"lerp_mode": "catmullrom"
						},
						"5.75": {
							"post": [6.88, 0, 0],
							"lerp_mode": "catmullrom"
						},
						"6.0": [17, 0, 0],
						"6.0417": [15.59, 0, 0],
						"6.1667": [6.99, 0, 0],
						"6.25": [1.32216, 0.0151, -0.00989],
						"6.375": [-6.6798, 0.01768, -0.02244],
						"6.5": {
							"pre": [-11.3, 0, 0],
							"post": [-11.3, 0, 0],
							"lerp_mode": "catmullrom"
						},
						"6.625": {
							"post": [-11.56, 0, 0],
							"lerp_mode": "catmullrom"
						},
						"6.75": {
							"post": [-8.93, 0, 0],
							"lerp_mode": "catmullrom"
						},
						"7.0": {
							"post": [0.5, 0, 0],
							"lerp_mode": "catmullrom"
						},
						"7.1667": {
							"post": [2.84, 0, 0],
							"lerp_mode": "catmullrom"
						},
						"7.4583": {
							"post": [10.67, 0, 0],
							"lerp_mode": "catmullrom"
						},
						"7.75": {
							"post": [6.88, 0, 0],
							"lerp_mode": "catmullrom"
						},
						"8.0": [17, 0, 0]
					},
					"position": {
						"0.0": [0, 0, 0],
						"1.0": [0, 0, 0],
						"2.0": [0, 0, 0],
						"3.0": [0, 0, 0],
						"4.0": [0, 0, 0],
						"5.0": [0, 0, 0],
						"6.0": [0, 0, 0],
						"7.0": [0, 0, 0],
						"8.0": [0, 0, 0]
					}
				},
				"toe_inner_right": {
					"rotation": {
						"0.0": [22.5, 0, 0],
						"1.0": [-35, 0, 0],
						"2.0": [22.5, 0, 0],
						"3.0": [-35, 0, 0],
						"4.0": [22.5, 0, 0],
						"5.0": [-35, 0, 0],
						"6.0": [22.5, 0, 0],
						"7.0": [-35, 0, 0],
						"8.0": [22.5, 0, 0]
					}
				},
				"toe_middle_right": {
					"rotation": {
						"0.0": [0, 0, 0],
						"0.1667": [1, 0, 0],
						"0.2917": [2.25, 0, 0],
						"0.3333": [0, 0, 0],
						"0.5": [-5.62, 0, 0],
						"0.6667": [-16.25, 0, 0],
						"1.0": [-41, 0, 0],
						"1.375": {
							"pre": [25, 0, 0],
							"post": [25, 0, 0],
							"lerp_mode": "catmullrom"
						},
						"1.5833": {
							"post": [50.27778, 0, -0.55556],
							"lerp_mode": "catmullrom"
						},
						"1.7917": {
							"post": [30, 0, 0],
							"lerp_mode": "catmullrom"
						},
						"2.0": [0, 0, 0],
						"2.1667": [1, 0, 0],
						"2.2917": [2.25, 0, 0],
						"2.3333": [0, 0, 0],
						"2.5": [-5.62, 0, 0],
						"2.6667": [-16.25, 0, 0],
						"3.0": [-41, 0, 0],
						"3.375": {
							"pre": [25, 0, 0],
							"post": [25, 0, 0],
							"lerp_mode": "catmullrom"
						},
						"3.5833": {
							"post": [50.27778, 0, -0.55556],
							"lerp_mode": "catmullrom"
						},
						"3.7917": {
							"post": [30, 0, 0],
							"lerp_mode": "catmullrom"
						},
						"4.0": [0, 0, 0],
						"4.1667": [1, 0, 0],
						"4.2917": [2.25, 0, 0],
						"4.3333": [0, 0, 0],
						"4.5": [-5.62, 0, 0],
						"4.6667": [-16.25, 0, 0],
						"5.0": [-41, 0, 0],
						"5.375": {
							"pre": [25, 0, 0],
							"post": [25, 0, 0],
							"lerp_mode": "catmullrom"
						},
						"5.5833": {
							"post": [50.27778, 0, -0.55556],
							"lerp_mode": "catmullrom"
						},
						"5.7917": {
							"post": [30, 0, 0],
							"lerp_mode": "catmullrom"
						},
						"6.0": [0, 0, 0],
						"6.1667": [1, 0, 0],
						"6.2917": [2.25, 0, 0],
						"6.3333": [0, 0, 0],
						"6.5": [-5.62, 0, 0],
						"6.6667": [-16.25, 0, 0],
						"7.0": [-41, 0, 0],
						"7.375": {
							"pre": [25, 0, 0],
							"post": [25, 0, 0],
							"lerp_mode": "catmullrom"
						},
						"7.5833": {
							"post": [50.27778, 0, -0.55556],
							"lerp_mode": "catmullrom"
						},
						"7.7917": {
							"post": [30, 0, 0],
							"lerp_mode": "catmullrom"
						},
						"8.0": [0, 0, 0]
					},
					"position": {
						"0.0": [0, 0, 0],
						"0.4167": [0, 0, 0],
						"0.75": [0, -0.09, 0.71],
						"0.875": [0, -0.09, 0.98],
						"0.9167": [0, -0.13, 1.07],
						"1.0": [0, -0.5, 1.25],
						"1.25": [0, 0, 0],
						"2.0": [0, 0, 0],
						"2.4167": [0, 0, 0],
						"2.75": [0, -0.09, 0.71],
						"2.875": [0, -0.09, 0.98],
						"2.9167": [0, -0.13, 1.07],
						"3.0": [0, -0.5, 1.25],
						"3.25": [0, 0, 0],
						"4.0": [0, 0, 0],
						"4.4167": [0, 0, 0],
						"4.75": [0, -0.09, 0.71],
						"4.875": [0, -0.09, 0.98],
						"4.9167": [0, -0.13, 1.07],
						"5.0": [0, -0.5, 1.25],
						"5.25": [0, 0, 0],
						"6.0": [0, 0, 0],
						"6.4167": [0, 0, 0],
						"6.75": [0, -0.09, 0.71],
						"6.875": [0, -0.09, 0.98],
						"6.9167": [0, -0.13, 1.07],
						"7.0": [0, -0.5, 1.25],
						"7.25": [0, 0, 0],
						"8.0": [0, 0, 0]
					}
				},
				"toe_outer_right": {
					"rotation": {
						"0.0": [0, 9, 0],
						"0.1667": [1, 9, 0],
						"0.2917": [2.25, 9, 0],
						"0.3333": [0, 9.3, 0],
						"0.5": [-5.62, 10, 0],
						"0.6667": [-16.25, 15.7, -3.1],
						"1.0": [-41, 22.7, -10.7],
						"1.375": {
							"pre": [25, 3.1, -13.3],
							"post": [25, 3.1, -13.3],
							"lerp_mode": "catmullrom"
						},
						"1.5833": {
							"post": [50.27778, -1.3, -10.65556],
							"lerp_mode": "catmullrom"
						},
						"1.7917": {
							"post": [30, 4.4, -8.2],
							"lerp_mode": "catmullrom"
						},
						"2.0": [0, 9, 0],
						"2.1667": [1, 9, 0],
						"2.2917": [2.25, 9, 0],
						"2.3333": [0, 9.3, 0],
						"2.5": [-5.62, 10, 0],
						"2.6667": [-16.25, 15.7, -3.1],
						"3.0": [-41, 22.7, -10.7],
						"3.375": {
							"pre": [25, 3.1, -13.3],
							"post": [25, 3.1, -13.3],
							"lerp_mode": "catmullrom"
						},
						"3.5833": {
							"post": [50.27778, -1.3, -10.65556],
							"lerp_mode": "catmullrom"
						},
						"3.7917": {
							"post": [30, 4.4, -8.2],
							"lerp_mode": "catmullrom"
						},
						"4.0": [0, 9, 0],
						"4.1667": [1, 9, 0],
						"4.2917": [2.25, 9, 0],
						"4.3333": [0, 9.3, 0],
						"4.5": [-5.62, 10, 0],
						"4.6667": [-16.25, 15.7, -3.1],
						"5.0": [-41, 22.7, -10.7],
						"5.375": {
							"pre": [25, 3.1, -13.3],
							"post": [25, 3.1, -13.3],
							"lerp_mode": "catmullrom"
						},
						"5.5833": {
							"post": [50.27778, -1.3, -10.65556],
							"lerp_mode": "catmullrom"
						},
						"5.7917": {
							"post": [30, 4.4, -8.2],
							"lerp_mode": "catmullrom"
						},
						"6.0": [0, 9, 0],
						"6.1667": [1, 9, 0],
						"6.2917": [2.25, 9, 0],
						"6.3333": [0, 9.3, 0],
						"6.5": [-5.62, 10, 0],
						"6.6667": [-16.25, 15.7, -3.1],
						"7.0": [-41, 22.7, -10.7],
						"7.375": {
							"pre": [25, 3.1, -13.3],
							"post": [25, 3.1, -13.3],
							"lerp_mode": "catmullrom"
						},
						"7.5833": {
							"post": [50.27778, -1.3, -10.65556],
							"lerp_mode": "catmullrom"
						},
						"7.7917": {
							"post": [30, 4.4, -8.2],
							"lerp_mode": "catmullrom"
						},
						"8.0": [0, 9, 0]
					},
					"position": {
						"0.0": [0, 0, 0],
						"0.4167": [0, 0, 0],
						"0.75": [0, -0.09, 0.71],
						"0.875": [0, -0.09, 0.98],
						"0.9167": [0, -0.13, 1.07],
						"1.0": [0, -0.5, 1.25],
						"1.25": [0, 0, 0],
						"2.0": [0, 0, 0],
						"2.4167": [0, 0, 0],
						"2.75": [0, -0.09, 0.71],
						"2.875": [0, -0.09, 0.98],
						"2.9167": [0, -0.13, 1.07],
						"3.0": [0, -0.5, 1.25],
						"3.25": [0, 0, 0],
						"4.0": [0, 0, 0],
						"4.4167": [0, 0, 0],
						"4.75": [0, -0.09, 0.71],
						"4.875": [0, -0.09, 0.98],
						"4.9167": [0, -0.13, 1.07],
						"5.0": [0, -0.5, 1.25],
						"5.25": [0, 0, 0],
						"6.0": [0, 0, 0],
						"6.4167": [0, 0, 0],
						"6.75": [0, -0.09, 0.71],
						"6.875": [0, -0.09, 0.98],
						"6.9167": [0, -0.13, 1.07],
						"7.0": [0, -0.5, 1.25],
						"7.25": [0, 0, 0],
						"8.0": [0, 0, 0]
					}
				}
			}
		},
		"animation.raptorzolt.battle_idle": {
			"loop": true,
			"animation_length": 8,
			"bones": {
				"chest": {
					"rotation": ["30.5012+math.sin(q.anim_time*90*4-80)*6", "-0.1286+math.cos(q.anim_time*90*3-80)*0.5", "0.0033+math.cos(q.anim_time*90*4-80)*4"],
					"position": [0, -1, 0]
				},
				"arm_left": {
					"rotation": ["6.6074-math.sin(q.anim_time*90*4-280)*15", "12.1907+math.sin(q.anim_time*90*4-60)*16", 50.09815],
					"position": [0, "-math.sin(q.anim_time*90*4-140)*1.5", 0]
				},
				"arm_left2": {
					"rotation": [0, "66.725-math.sin(q.anim_time*90*4-150)*10", 0]
				},
				"hand_left": {
					"rotation": ["-math.sin(q.anim_time*90*4-280)*15", "7.8323+math.sin(q.anim_time*90*4-280)*5", "23.63+math.sin(q.anim_time*90*4-210)*25"]
				},
				"claws_left": {
					"rotation": [0, 0, 32.5]
				},
				"claw_middle_left2": {
					"rotation": [-1.02722, 0.36897, "57.4855+math.sin(q.anim_time*90*4-140)*5+math.sin(q.anim_time*90*4)*-14"]
				},
				"claw_inner_left2": {
					"rotation": [0, 0, "47.5+math.sin(q.anim_time*90*4-140)*5+math.sin(q.anim_time*90*4)*-14"]
				},
				"claw_outer_left2": {
					"rotation": [0, 0, "86.5994+math.sin(q.anim_time*90*4-140)*5+math.sin(q.anim_time*90*4)*-14"]
				},
				"wrist_left": {
					"rotation": [52.5, 0, 0]
				},
				"arm_fin_left": {
					"rotation": [5, 5, "10+math.sin(q.anim_time*90*18-150)*0.4"]
				},
				"arm_fin_left2": {
					"rotation": [6.60595, "65.3909-math.sin(q.anim_time*90*4-150)*10", 7.4817]
				},
				"arm_fin_detail_left": {
					"rotation": [4.62934, -24.59477, "-11.0097+math.sin(q.anim_time*90*28-150)*0.8"]
				},
				"arm_right": {
					"rotation": ["6.6074+math.sin(q.anim_time*90*4-280)*15", "-12.1907+math.sin(q.anim_time*90*4-60)*16", -50.09815],
					"position": [0, "math.sin(q.anim_time*90*4-140)*1.5", 0]
				},
				"arm_fin_right": {
					"rotation": [5, -5, "-10+math.sin(q.anim_time*90*18-150)*0.4"]
				},
				"arm_fin_detail_right": {
					"rotation": [4.62934, 24.59477, "11.0097+math.sin(q.anim_time*90*20-150)*0.4"]
				},
				"arm_right2": {
					"rotation": [0, "-66.725-math.sin(q.anim_time*90*4-150)*10", 0]
				},
				"arm_fin_right2": {
					"rotation": [6.60595, "-65.3909-math.sin(q.anim_time*90*4-150)*10", -7.4817]
				},
				"wrist_right": {
					"rotation": [65.10555, -3.9649, -3.04868]
				},
				"hand_right": {
					"rotation": ["math.sin(q.anim_time*90*4-280)*15", "-7.8323-math.sin(q.anim_time*90*2-280)*5", "-23.63+math.sin(q.anim_time*90*4-210)*25"]
				},
				"claws_right": {
					"rotation": [0, 0, -17.5]
				},
				"claw_inner_right2": {
					"rotation": [0, 0, "-40+math.sin(q.anim_time*90*4)*14"]
				},
				"claw_middle_right": {
					"rotation": [0.91051, -0.77016, "54.982+math.sin(q.anim_time*90*3-280)*2+math.sin(q.anim_time*90*4+50)*5"]
				},
				"claw_middle_right2": {
					"rotation": [-1.02722, -0.36897, "-57.4855+math.sin(q.anim_time*90*4-140)*5+math.sin(q.anim_time*90*4)*14"]
				},
				"claw_outer_right2": {
					"rotation": [0, 0, "-86.5994+math.sin(q.anim_time*90*4-140)*5+math.sin(q.anim_time*90*4)*14"]
				},
				"neck2": {
					"rotation": ["7.5+math.sin(q.anim_time*90*4-190)*1", 0, 0]
				},
				"jaw": {
					"rotation": ["17.5+math.sin(q.anim_time*90*4-20)*15", 0.03558, -0.02359]
				},
				"muzzle": {
					"rotation": [-12.5, 0, 0]
				},
				"muzzle2": {
					"rotation": [-10, 0, 0]
				},
				"jaw2": {
					"rotation": ["-7+math.sin(q.anim_time*90*4-60)*6", -0.27878, -0.29383]
				},
				"head_rotation": {
					"rotation": ["-10-math.sin(q.anim_time*90*4+220)*19", -0.0197, "-0.0143+math.cos(q.anim_time*90*2-250)*5"]
				},
				"tongue": {
					"rotation": ["-30+math.sin(q.anim_time*90*4-50)*-8", -0.01141, "0.0245+math.sin(q.anim_time*90*3+150)*10 "]
				},
				"tongue_bend": {
					"rotation": ["25+math.sin(q.anim_time*90*4-90)*-12", 0, "math.sin(q.anim_time*90*3+100)*3"]
				},
				"claw_middle_left": {
					"rotation": [0.91051, 0.77016, "-54.982+math.sin(q.anim_time*90*3-280)*2+math.sin(q.anim_time*90*4+50)*-5"]
				},
				"claw_outer_left": {
					"rotation": [-2.51859, 10.25302, "-63.9327+math.sin(q.anim_time*90*3-280)*5+math.sin(q.anim_time*90*4+50)*5"]
				},
				"claw_outer_right": {
					"rotation": [-2.51859, -10.25302, "63.9327+math.sin(q.anim_time*90*3-280)*5+math.sin(q.anim_time*90*4+50)*5"]
				},
				"neck": {
					"rotation": ["9.998+math.sin(q.anim_time*90*4-150)*10", 0.24441, 0.07836]
				},
				"neck3": {
					"rotation": ["math.sin(q.anim_time*90*4-250)*1", 0, 0]
				},
				"head_fur_top2": {
					"rotation": ["-8-math.sin(q.anim_time*90*6+290)*2+math.sin(q.anim_time*90*4+120)*-6", 0, 0]
				},
				"head_fur_left2": {
					"rotation": [0, 0, "-(math.sin(q.anim_time*90*6+290)*2)+math.sin(q.anim_time*90*4+100)*6"]
				},
				"head_fur_right2": {
					"rotation": [0, 0, "-(math.sin(q.anim_time*90*6+290)*2)+math.sin(q.anim_time*90*4+100)*-6"]
				},
				"head_fur_top_left2": {
					"rotation": [0, 0, "12.5+math.sin(q.anim_time*90*6+290)*-2+math.sin(q.anim_time*90*4+110)*6"]
				},
				"head_fur_top_right2": {
					"rotation": [0, 0, "-12.5+math.sin(q.anim_time*90*6+290)*2+math.sin(q.anim_time*90*4+110)*-6"]
				},
				"head_fur_bottom_left2": {
					"rotation": [0, 0, "-(math.sin(q.anim_time*90*6+290)*2)+math.sin(q.anim_time*90*4+90)*6"]
				},
				"head_fur_bottom_right2": {
					"rotation": [0, 0, "-(math.sin(q.anim_time*90*6+290)*2)+math.sin(q.anim_time*90*4+90)*-6"]
				},
				"body": {
					"position": [0, 1.25, -3]
				},
				"claw_inner_left": {
					"rotation": [-7.86159, -8.85802, "-31.5911+math.sin(q.anim_time*90*4+50)*-5"]
				},
				"claw_inner_right": {
					"rotation": [-7.86159, 8.85802, "25+math.sin(q.anim_time*90*4+50)*5"]
				},
				"claw_inner_left3": {
					"rotation": [0, 0, "-(math.sin(q.anim_time*90*4-30)*10-10)"]
				},
				"claw_middle_left3": {
					"rotation": [0, 0, "-(math.sin(q.anim_time*90*4-30)*10-10)"]
				},
				"claw_outer_left3": {
					"rotation": [0, 0, "-(math.sin(q.anim_time*90*4-30)*10-10)"]
				},
				"claw_inner_right3": {
					"rotation": [0, 0, "math.sin(q.anim_time*90*4-30)*10-10"]
				},
				"claw_middle_right3": {
					"rotation": [0, 0, "math.sin(q.anim_time*90*4-30)*10-10"]
				},
				"claw_outer_right3": {
					"rotation": [0, 0, "math.sin(q.anim_time*90*4-30)*10-10"]
				},
				"head_fur_top": {
					"rotation": ["math.sin(q.anim_time*90*4+170)*-2", 0, 0]
				},
				"head_fur_left": {
					"rotation": [0, "-(math.sin(q.anim_time*90*4+150)*-4)", "-(math.sin(q.anim_time*90*4+150)*-2)"]
				},
				"head_fur_right": {
					"rotation": [0, "math.sin(q.anim_time*90*4+150)*-4", "math.sin(q.anim_time*90*4+150)*-2"]
				},
				"head_fur_top_left": {
					"rotation": [0, "-(math.sin(q.anim_time*90*4+160)*-1+5)", "-(math.sin(q.anim_time*90*4+160)*-1)"]
				},
				"head_fur_top_right": {
					"rotation": [0, "math.sin(q.anim_time*90*4+160)*-1+5", "math.sin(q.anim_time*90*4+160)*-1"]
				},
				"head_fur_bottom_left": {
					"rotation": [0, "-(math.sin(q.anim_time*90*4+140)*-5-2)", "-(math.sin(q.anim_time*90*4+140)*-2-2)"]
				},
				"head_fur_bottom_right": {
					"rotation": [0, "math.sin(q.anim_time*90*4+140)*-5-2", "math.sin(q.anim_time*90*4+140)*-2-2"]
				},
				"torso": {
					"rotation": ["-35+math.sin(q.anim_time*90*2-60)*-1", "math.sin(q.anim_time*90*1)*-1", 0],
					"position": [0, "math.sin(q.anim_time*90*3-30)*0.7", 0]
				},
				"tail": {
					"rotation": ["10+math.sin(q.anim_time*90*3-90)*3", "math.sin(q.anim_time*90*1.5-60)*3", 0]
				},
				"tail2": {
					"rotation": ["12.5+math.sin(q.anim_time*90*3-140)*4", "math.sin(q.anim_time*90*1.5-120)*5", 0]
				},
				"tail3": {
					"rotation": ["10+math.sin(q.anim_time*90*3-180)*5", "math.sin(q.anim_time*90*1.5-180)*8", 0]
				},
				"tail4": {
					"rotation": ["10+math.sin(q.anim_time*90*3-220)*13", "math.sin(q.anim_time*90*1.5-240)*12", 0]
				},
				"tail5": {
					"rotation": ["math.sin(q.anim_time*90*3-260)*15", "math.sin(q.anim_time*90*1.5-280)*15", 0]
				},
				"leg_left": {
					"rotation": ["-4.0329+math.sin(q.anim_time*90*3)*2", -31.39287, -7.30522],
					"position": [0, "math.sin(q.anim_time*90*3)*0.6", 0]
				},
				"leg_left2": {
					"rotation": ["-1+math.sin(q.anim_time*90*3)*-3", 2.5, 0],
					"position": [-0.3, 0, 0]
				},
				"leg_left3": {
					"rotation": ["8+math.sin(q.anim_time*90*3)*-1", 0, 0]
				},
				"foot_left": {
					"rotation": ["1.2175+math.sin(q.anim_time*90*3)*3", 8.39394, 9.01894]
				},
				"toe_outer_left": {
					"rotation": [0, -35, 0]
				},
				"leg_right": {
					"rotation": ["-4.0329+math.sin(q.anim_time*90*3)*2", 31.39287, 7.30522],
					"position": [0, "math.sin(q.anim_time*90*3)*0.6", 0]
				},
				"leg_right2": {
					"rotation": ["-1+math.sin(q.anim_time*90*3)*-3", -2.5, 0],
					"position": [0.3, 0, 0]
				},
				"leg_right3": {
					"rotation": ["8+math.sin(q.anim_time*90*3)*-1", 0, 0]
				},
				"foot_right": {
					"rotation": ["1.2175+math.sin(q.anim_time*90*3)*3", -8.39394, -9.01894]
				},
				"toe_outer_right": {
					"rotation": [0, 35, 0]
				}
			}
		},
		"animation.raptorzolt.blink": {
			"animation_length": 0.1667,
			"bones": {
				"eyelid_left": {
					"position": {
						"0.0": [0.1, 0, 0],
						"0.125": [0.1, 0, 0],
						"0.1667": [0, 0, 0]
					}
				},
				"eyelid_right": {
					"position": {
						"0.0": [-0.1, 0, 0],
						"0.125": [-0.1, 0, 0],
						"0.1667": [0, 0, 0]
					}
				}
			}
		},
		"animation.raptorzolt.sleep": {
			"loop": true,
			"animation_length": 8,
			"bones": {
				"chest": {
					"rotation": ["17.997+math.sin(q.anim_time*90*1-80)*1", "0.4114+math.cos(q.anim_time*90*1-80)*0.5", "0.1086+math.sin(q.anim_time*90*1-80)*0.5"]
				},
				"arm_left": {
					"rotation": [25.26604, 32.3188, 65.60353]
				},
				"arm_left2": {
					"rotation": [0, 85.894, 0]
				},
				"hand_left": {
					"rotation": [0, -10, 75]
				},
				"claws_left": {
					"rotation": [0, 0, 32.5]
				},
				"claw_middle_left2": {
					"rotation": [0, 0, 57.5]
				},
				"claw_middle_left3": {
					"rotation": [0, 0, 15]
				},
				"claw_inner_left2": {
					"rotation": [0, 0, 80]
				},
				"claw_inner_left3": {
					"rotation": [0, 0, 25]
				},
				"claw_outer_left2": {
					"rotation": [0, 0, 40]
				},
				"claw_outer_left3": {
					"rotation": [0, 0, 17.5]
				},
				"wrist_left": {
					"rotation": [52.5, 0, 0]
				},
				"arm_fin_left": {
					"rotation": [0, 5, "math.sin(q.anim_time*90*10-150)*0.2"]
				},
				"arm_fin_left2": {
					"rotation": [0, 90, 0]
				},
				"arm_fin_detail_left": {
					"rotation": [4.62934, -24.59477, "-11.0097+math.sin(q.anim_time*90*20-150)*0.4"]
				},
				"arm_right": {
					"rotation": [25.26604, -32.3188, -65.60353]
				},
				"arm_fin_right": {
					"rotation": [0, -5, "-(math.sin(q.anim_time*90*10-150)*0.2)"]
				},
				"arm_fin_detail_right": {
					"rotation": [4.62934, 24.59477, "11.0097+math.sin(q.anim_time*90*20-150)*0.4"]
				},
				"arm_right2": {
					"rotation": [0, -85.894, 0]
				},
				"arm_fin_right2": {
					"rotation": [0, -90, 0]
				},
				"wrist_right": {
					"rotation": [65.10555, -3.9649, -3.04868]
				},
				"hand_right": {
					"rotation": [0, 10, -75]
				},
				"claws_right": {
					"rotation": [0, 0, -17.5]
				},
				"claw_inner_right2": {
					"rotation": [0, 0, -80]
				},
				"claw_inner_right3": {
					"rotation": [0, 0, -20]
				},
				"claw_middle_right": {
					"rotation": [0, 0, "-10-(math.sin(q.anim_time*90*1-280)*2)"]
				},
				"claw_middle_right2": {
					"rotation": [0, 0, -65]
				},
				"claw_middle_right3": {
					"rotation": [0, 0, -32.5]
				},
				"claw_outer_right2": {
					"rotation": [0, 0, -62.5]
				},
				"claw_outer_right3": {
					"rotation": [0, 0, -25]
				},
				"neck2": {
					"rotation": ["17.4992+math.sin(q.anim_time*90*1-190)*1", 0.08576, -0.00184]
				},
				"jaw": {
					"rotation": ["-10+math.sin(q.anim_time*90*3-20)*1", 0, 0]
				},
				"muzzle": {
					"rotation": [-12.5, 0, 0]
				},
				"muzzle2": {
					"rotation": [-10, 0, 0]
				},
				"jaw2": {
					"rotation": [-7.51021, -0.27878, -0.29383]
				},
				"head_rotation": {
					"rotation": ["12.5+math.sin(q.anim_time*90*1+290)*2", 0, "math.sin(q.anim_time*90*1-250)*1"]
				},
				"tongue": {
					"rotation": [-20, 0, 0]
				},
				"tongue_bend": {
					"rotation": [25, 0, 0]
				},
				"claw_middle_left": {
					"rotation": [0, 0, "math.sin(q.anim_time*90*1-280)*2"]
				},
				"claw_outer_left": {
					"rotation": [0, 0, "math.sin(q.anim_time*90*1-280)*5"]
				},
				"claw_outer_right": {
					"rotation": [0, 0, "-(math.sin(q.anim_time*90*1-280)*5)"]
				},
				"neck": {
					"rotation": ["14.9972+math.sin(q.anim_time*90*1-150)*2", 0.35691, 0.14073]
				},
				"neck3": {
					"rotation": ["17.4988+math.sin(q.anim_time*90*1-250)*1", 0.10829, -0.0694]
				},
				"head_fur_top2": {
					"rotation": ["-math.sin(q.anim_time*90*3+290)*2", 0, 0]
				},
				"head_fur_left2": {
					"rotation": [0, 0, "math.sin(q.anim_time*90*3+290)*2"]
				},
				"head_fur_right2": {
					"rotation": [0, 0, "-(math.sin(q.anim_time*90*3+290)*2)"]
				},
				"head_fur_top_left2": {
					"rotation": [0, 0, "math.sin(q.anim_time*90*3+290)*2"]
				},
				"head_fur_top_right2": {
					"rotation": [0, 0, "-(math.sin(q.anim_time*90*3+290)*2)"]
				},
				"head_fur_bottom_left2": {
					"rotation": [0, 0, "math.sin(q.anim_time*90*3+290)*2"]
				},
				"head_fur_bottom_right2": {
					"rotation": [0, 0, "-(math.sin(q.anim_time*90*3+290)*2)"]
				},
				"body": {
					"position": [0, -10.8, 0.8]
				},
				"claw_inner_right": {
					"rotation": [0, 0, -10]
				},
				"eyelid_left": {
					"position": [0.1, 0, 0]
				},
				"eyelid_right": {
					"position": [-0.1, 0, 0]
				},
				"torso": {
					"rotation": ["-22.5+math.sin(q.anim_time*90*0.5-80)*1", 0, 0],
					"position": [0, "math.sin(q.anim_time*90*0.5)*-0.2", 0]
				},
				"tail": {
					"rotation": ["math.sin(q.anim_time*90*0.5-150)*1+1", 41, 10],
					"position": [0, -1, -1]
				},
				"tail2": {
					"rotation": ["20+math.sin(q.anim_time*90*0.5-190)*3", 33, 11],
					"position": [1, 0, -1]
				},
				"tail3": {
					"rotation": ["6+math.sin(q.anim_time*90*0.5-240)*5", 38, 10]
				},
				"tail4": {
					"rotation": ["5+math.sin(q.anim_time*90*0.5-270)*9", 35, 0]
				},
				"tail5": {
					"rotation": ["math.sin(q.anim_time*90*0.5-310)*13+4", 37.5, "math.sin(q.anim_time*90*0.5-260)*-6"]
				},
				"leg_left": {
					"rotation": [-135.66171, -7.57131, 9.97528],
					"position": [0, -7.75, 3]
				},
				"leg_left2": {
					"rotation": [82.5, 0, 0],
					"position": [0, 0, 7.25]
				},
				"leg_left3": {
					"rotation": [-20.04256, -0.65182, 7.47178]
				},
				"foot_left": {
					"rotation": [90.09385, -53.89407, 18.18778],
					"position": [0, 1, -2]
				},
				"toe_middle_left": {
					"rotation": [25.46621, -3.18878, 6.76025]
				},
				"toe_outer_left": {
					"rotation": [31.05202, 2.90543, 18.58298]
				},
				"leg_right": {
					"rotation": [-135.66171, 7.57131, -9.97528],
					"position": [0, -7.75, 3]
				},
				"leg_right2": {
					"rotation": [82.5, 0, 0],
					"position": [0, 0, 7.25]
				},
				"leg_right3": {
					"rotation": [-20.11794, 1.08089, -12.45392]
				},
				"foot_right": {
					"rotation": [94.05056, 48.96339, -19.52094],
					"position": [0, 1, -2]
				},
				"toe_middle_right": {
					"rotation": [25.46621, 3.18878, -6.76025]
				},
				"toe_outer_right": {
					"rotation": [31.05202, -2.90543, -18.58298]
				}
			}
		}
	}
}