{
  "maxScale": 0.55,
  "yTranslation": 0,
  "yGrowthPoint": 0.5625,
  "poses": {
    "sleep": {
      "poseTypes": ["SLEEP"],
      "animations": ["q.bedrock('dracodacentro_fetus', 'sleep')"],
      "quirks": [
        {
          "name": "quirk",
          "animations": ["q.bedrock_stateful('dracodacentro_fetus', 'quirk1')"],
          "loopTimes": 1,
          "minSecondsBetweenOccurrences": 45,
          "maxSecondsBetweenOccurrences": 180
        },
        {
          "name": "quirk",
          "animations": ["q.bedrock_stateful('dracodacentro_fetus', 'quirk2')"],
          "loopTimes": 1,
          "minSecondsBetweenOccurrences": 45,
          "maxSecondsBetweenOccurrences": 180
        },
        {
          "name": "quirk",
          "animations": ["q.bedrock_stateful('dracodacentro_fetus', 'quirk3')"],
          "loopTimes": 1,
          "minSecondsBetweenOccurrences": 45,
          "maxSecondsBetweenOccurrences": 180
        }
      ]
    }
  }
}