{
  "portraitScale": 3.0,
  "portraitTranslation": [0.0, -1.4, 0.0],
  "profileScale": 1.0,
  "profileTranslation": [0.0, 0.25, 0.0],
  "rootBone": "pumpkaboo",
  "animations": {
    "faint": "q.bedrock_primary('pumpkaboo', 'faint', q.curve('one'))",
    "cry": "q.bedrock_stateful('pumpkaboo', 'cry')",
    "recoil": "q.bedrock_stateful('pumpkaboo', 'recoil')"
  },
  "poses": {
    "battle-standing": {
      "poseTypes": ["STAND"],
      "isBattle": true,
      "animations": ["q.look('head')", "q.bedrock('pumpkaboo', 'battle_idle')"],
      "quirks": ["q.bedrock_quirk('pumpkaboo', 'blink')"]
    },
    "standing": {
      "poseTypes": ["STAND", "NONE", "PORTRAIT", "PROFILE"],
      "isBattle": false,
      "animations": ["q.look('head')", "q.bedrock('pumpkaboo', 'ground_idle')"],
      "quirks": ["q.bedrock_quirk('pumpkaboo', 'blink')", "q.bedrock_quirk('pumpkaboo', 'quirk_idle')"]
    },
    "walking": {
      "poseTypes": ["WALK"],
      "animations": ["q.bedrock('pumpkaboo', 'ground_walk')"],
      "quirks": ["q.bedrock_quirk('pumpkaboo', 'blink')"]
    },
    "sleep": {
      "poseTypes": ["SLEEP"],
      "animations": ["q.bedrock('pumpkaboo', 'sleep')"],
      "quirks": ["q.bedrock_quirk('pumpkaboo', 'blink')"]
    }
  }
}