{
	"format_version": "1.8.0",
	"animations": {
		"animation.dracodacentro.ground_idle": {
			"loop": true,
			"animation_length": 8,
			"bones": {
				"torso": {
					"rotation": ["7.5+math.sin(q.anim_time*90*1-80)*2", 0, "math.sin(q.anim_time*90*0.5-80)*0.5"],
					"position": [0, "math.sin(q.anim_time*90*1)*0.2", 0]
				},
				"tail": {
					"rotation": [-2.5, "math.sin(q.anim_time*90*0.5)*4", 0]
				},
				"tail2": {
					"rotation": [-5, "math.sin(q.anim_time*90*0.5-40)*2", 0]
				},
				"tail3": {
					"rotation": [-10, "math.sin(q.anim_time*90*0.5-80)*3", 0]
				},
				"tail4": {
					"rotation": [-5, "math.sin(q.anim_time*90*0.5-120)*3", 0]
				},
				"tail5": {
					"rotation": [-7.5, "math.sin(q.anim_time*90*0.5-150)*6", 0]
				},
				"tail6": {
					"rotation": [-7.5, "math.sin(q.anim_time*90*0.5-180)*6", 0]
				},
				"tail7": {
					"rotation": [-10, "math.sin(q.anim_time*90*0.5-210)*10", 0]
				},
				"leg_back_left": {
					"rotation": ["-37.5+math.sin(q.anim_time*90*1)*0.6", -7.5, 0.00001],
					"position": [0, "math.sin(q.anim_time*90*1)*0.2", 0]
				},
				"foot_back_left": {
					"rotation": ["-20+math.sin(q.anim_time*90*1)*0.5", -5, 0],
					"position": [0, 2, 0]
				},
				"leg_back_right": {
					"rotation": ["-37.5+math.sin(q.anim_time*90*1)*0.6", 7.5, -0.00001],
					"position": [0, "math.sin(q.anim_time*90*1)*0.2", 0]
				},
				"foot_back_right": {
					"rotation": ["-20+math.sin(q.anim_time*90*1)*0.5", 5, 0],
					"position": [0, 2, 0]
				},
				"leg_back_left2": {
					"rotation": ["57.5-math.sin(q.anim_time*90*1)*1", 0, 0]
				},
				"leg_back_right2": {
					"rotation": ["57.5-math.sin(q.anim_time*90*1)*1", 0, 0]
				},
				"body": {
					"position": [0, 0, -3]
				},
				"chest": {
					"rotation": ["7.5+math.sin(q.anim_time*90*1-80)*2", 0, "math.sin(q.anim_time*90*0.5-80)*0.5"],
					"position": [0, "-1+math.sin(q.anim_time*90*1)*0.2", 0]
				},
				"neck1": {
					"rotation": {
						"0.0": [0, 0, 0],
						"2.0": [5, 0, 0],
						"4.0": [0, 0, 0],
						"6.0": [5, 0, 0],
						"8.0": [0, 0, 0]
					}
				},
				"neck2": {
					"rotation": {
						"0.0": [0, 0, 0],
						"2.0": [-7.5, 0, 0],
						"4.0": [0, 0, 0],
						"6.0": [-7.5, 0, 0],
						"8.0": [0, 0, 0]
					}
				},
				"leg_front_right": {
					"rotation": ["-37.5+math.sin(q.anim_time*90*1)*0.6", 7.5, -0.00001],
					"position": [0, "math.sin(q.anim_time*90*1)*0.2", 0]
				},
				"leg_front_right2": {
					"rotation": ["57.5-math.sin(q.anim_time*90*1)*1", 0, 0]
				},
				"foot_front_right2": {
					"rotation": ["-20+math.sin(q.anim_time*90*1)*0.5", 5, 0],
					"position": [0, 2, 0]
				},
				"leg_front_left": {
					"rotation": ["-37.5+math.sin(q.anim_time*90*1)*0.6", -7.5, 0.00001],
					"position": [0, "math.sin(q.anim_time*90*1)*0.2", 0]
				},
				"leg_front_left2": {
					"rotation": ["57.5-math.sin(q.anim_time*90*1)*1", 0, 0]
				},
				"foot_front_left": {
					"rotation": ["-20+math.sin(q.anim_time*90*1)*0.5", -5, 0],
					"position": [0, 2, 0]
				}
			}
		},
		"animation.dracodacentro.ground_walk": {
			"loop": true,
			"animation_length": 8,
			"bones": {
				"torso": {
					"rotation": ["7.5+math.sin(q.anim_time*90*3-80)*2", "math.sin(q.anim_time*90*1.5)*5", "math.sin(q.anim_time*90*1.5-80)*8"],
					"position": [0, "1.7+math.sin(q.anim_time*90*3)*1+math.clamp(math.sin(q.anim_time*90*3-40)*1.5,0,2)", 0]
				},
				"tail": {
					"rotation": ["-2.5-math.cos(q.anim_time*90*3)*3", "math.sin(q.anim_time*90*1.5)*4", 0]
				},
				"tail2": {
					"rotation": [-5, "math.sin(q.anim_time*90*1.5-40)*2", 0]
				},
				"tail3": {
					"rotation": ["-10-math.cos(q.anim_time*90*3-80)*3", "math.sin(q.anim_time*90*1.5-80)*3", 0]
				},
				"tail4": {
					"rotation": ["-5-math.cos(q.anim_time*90*3-120)*4", "math.sin(q.anim_time*90*1.5-120)*5", 0]
				},
				"tail5": {
					"rotation": ["-7.5-math.cos(q.anim_time*90*3-150)*4", "math.sin(q.anim_time*90*1.5-150)*9", 0]
				},
				"tail6": {
					"rotation": ["-7.5-math.cos(q.anim_time*90*3-180)*8", "math.sin(q.anim_time*90*1.5-180)*9", 0]
				},
				"tail7": {
					"rotation": ["-10-math.cos(q.anim_time*90*3-190)*12", "math.sin(q.anim_time*90*1.5-190)*14", 0]
				},
				"leg_back_left": {
					"rotation": {
						"0.0": {
							"post": [0.08, -9.99, -2.49],
							"lerp_mode": "catmullrom"
						},
						"0.125": {
							"post": [-8.60175, -9.98863, -2.49931],
							"lerp_mode": "catmullrom"
						},
						"0.5417": {
							"post": [-44.89078, -3.53329, -3.54002],
							"lerp_mode": "catmullrom"
						},
						"0.6667": {
							"post": [-32.5, 0, 0.00001],
							"lerp_mode": "catmullrom"
						},
						"1.7083": {
							"post": [6.29, 0, 0],
							"lerp_mode": "catmullrom"
						},
						"2.2917": {
							"post": [20.00846, -6.9428, -2.52504],
							"lerp_mode": "catmullrom"
						},
						"2.7917": {
							"post": [-8.60175, -9.98863, -2.49931],
							"lerp_mode": "catmullrom"
						},
						"3.2083": {
							"post": [-44.89078, -3.53329, -3.54002],
							"lerp_mode": "catmullrom"
						},
						"3.3333": {
							"post": [-32.5, 0, 0.00001],
							"lerp_mode": "catmullrom"
						},
						"4.375": {
							"post": [6.29, 0, 0],
							"lerp_mode": "catmullrom"
						},
						"4.9583": {
							"post": [20.00846, -6.9428, -2.52504],
							"lerp_mode": "catmullrom"
						},
						"5.4583": {
							"post": [-8.60175, -9.98863, -2.49931],
							"lerp_mode": "catmullrom"
						},
						"5.875": {
							"post": [-44.89078, -3.53329, -3.54002],
							"lerp_mode": "catmullrom"
						},
						"6.0": {
							"post": [-32.5, 0, 0.00001],
							"lerp_mode": "catmullrom"
						},
						"7.0417": {
							"post": [6.29, 0, 0],
							"lerp_mode": "catmullrom"
						},
						"7.625": {
							"post": [20.00846, -6.9428, -2.52504],
							"lerp_mode": "catmullrom"
						},
						"8.0": {
							"post": [0.08, -9.99, -2.49],
							"lerp_mode": "catmullrom"
						}
					},
					"position": {
						"0.0": {
							"post": [0, 5.83, 1.75],
							"lerp_mode": "catmullrom"
						},
						"0.0417": {
							"post": [0, 5.77, 1.59],
							"lerp_mode": "catmullrom"
						},
						"0.5833": [0, 4.37, -2.02],
						"0.6667": [0, 1.2, -3.25],
						"1.2917": {
							"pre": [0, 5.02, 0.49],
							"post": [0, 5.02, 0.49],
							"lerp_mode": "catmullrom"
						},
						"2.0": {
							"post": [0, 4.4, 4.6],
							"lerp_mode": "catmullrom"
						},
						"2.7083": {
							"post": [0, 5.83, 1.75],
							"lerp_mode": "catmullrom"
						},
						"3.25": [0, 4.37, -2.02],
						"3.3333": [0, 1.2, -3.25],
						"3.9583": {
							"pre": [0, 5.02, 0.49],
							"post": [0, 5.02, 0.49],
							"lerp_mode": "catmullrom"
						},
						"4.6667": {
							"post": [0, 4.4, 4.6],
							"lerp_mode": "catmullrom"
						},
						"5.375": {
							"post": [0, 5.83, 1.75],
							"lerp_mode": "catmullrom"
						},
						"5.9167": [0, 4.37, -2.02],
						"6.0": [0, 1.2, -3.25],
						"6.625": {
							"pre": [0, 5.02, 0.49],
							"post": [0, 5.02, 0.49],
							"lerp_mode": "catmullrom"
						},
						"7.3333": {
							"post": [0, 4.4, 4.6],
							"lerp_mode": "catmullrom"
						},
						"8.0": {
							"post": [0, 5.83, 1.75],
							"lerp_mode": "catmullrom"
						}
					}
				},
				"foot_back_left": {
					"rotation": {
						"0.0": {
							"post": [-23.45, -5, 0.32],
							"lerp_mode": "catmullrom"
						},
						"0.1667": {
							"post": [-28.46702, -5.00732, 0.75342],
							"lerp_mode": "catmullrom"
						},
						"0.625": {
							"post": [-31.26038, -4.93798, 0.84653],
							"lerp_mode": "catmullrom"
						},
						"0.6667": {
							"post": [-17.49046, -4.99523, -0.21865],
							"lerp_mode": "catmullrom"
						},
						"1.0833": {
							"post": [-12.66382, -4.77675, 0.8567],
							"lerp_mode": "catmullrom"
						},
						"1.4167": {
							"post": [-20.51058, -4.7046, 1.5883],
							"lerp_mode": "catmullrom"
						},
						"2.0": {
							"post": [-25.019, -4.98092, 0.43688],
							"lerp_mode": "catmullrom"
						},
						"2.2917": {
							"post": [-12.01533, -4.97357, -0.69258],
							"lerp_mode": "catmullrom"
						},
						"2.8333": {
							"post": [-28.46702, -5.00732, 0.75342],
							"lerp_mode": "catmullrom"
						},
						"3.2917": {
							"post": [-31.26038, -4.93798, 0.84653],
							"lerp_mode": "catmullrom"
						},
						"3.3333": {
							"post": [-17.49046, -4.99523, -0.21865],
							"lerp_mode": "catmullrom"
						},
						"3.75": {
							"post": [-12.66382, -4.77675, 0.8567],
							"lerp_mode": "catmullrom"
						},
						"4.0833": {
							"post": [-20.51058, -4.7046, 1.5883],
							"lerp_mode": "catmullrom"
						},
						"4.6667": {
							"post": [-25.019, -4.98092, 0.43688],
							"lerp_mode": "catmullrom"
						},
						"4.9583": {
							"post": [-12.01533, -4.97357, -0.69258],
							"lerp_mode": "catmullrom"
						},
						"5.5": {
							"post": [-28.46702, -5.00732, 0.75342],
							"lerp_mode": "catmullrom"
						},
						"5.9583": {
							"post": [-31.26038, -4.93798, 0.84653],
							"lerp_mode": "catmullrom"
						},
						"6.0": {
							"post": [-17.49046, -4.99523, -0.21865],
							"lerp_mode": "catmullrom"
						},
						"6.4167": {
							"post": [-12.66382, -4.77675, 0.8567],
							"lerp_mode": "catmullrom"
						},
						"6.75": {
							"post": [-20.51058, -4.7046, 1.5883],
							"lerp_mode": "catmullrom"
						},
						"7.3333": {
							"post": [-25.019, -4.98092, 0.43688],
							"lerp_mode": "catmullrom"
						},
						"7.625": {
							"post": [-12.01533, -4.97357, -0.69258],
							"lerp_mode": "catmullrom"
						},
						"8.0": {
							"post": [-23.45, -5, 0.32],
							"lerp_mode": "catmullrom"
						}
					},
					"position": {
						"0.0": {
							"post": [0, 2.58, -0.03],
							"lerp_mode": "catmullrom"
						},
						"0.6667": {
							"post": [0, 2, 0],
							"lerp_mode": "catmullrom"
						},
						"0.7917": {
							"post": [0.00002, 2.018, 0.48081],
							"lerp_mode": "catmullrom"
						},
						"0.875": {
							"post": [0.00006, 2.14742, 0.70287],
							"lerp_mode": "catmullrom"
						},
						"1.0833": {
							"post": [0.00028, 2.23061, 0.93971],
							"lerp_mode": "catmullrom"
						},
						"1.4167": {
							"post": [0.00062, 2.64381, 0.44076],
							"lerp_mode": "catmullrom"
						},
						"2.0": {
							"post": [0, 3.1, 0],
							"lerp_mode": "catmullrom"
						},
						"3.3333": {
							"post": [0, 2, 0],
							"lerp_mode": "catmullrom"
						},
						"3.4583": {
							"post": [0.00002, 2.018, 0.48081],
							"lerp_mode": "catmullrom"
						},
						"3.5417": {
							"post": [0.00006, 2.14742, 0.70287],
							"lerp_mode": "catmullrom"
						},
						"3.75": {
							"post": [0.00028, 2.23061, 0.93971],
							"lerp_mode": "catmullrom"
						},
						"4.0833": {
							"post": [0.00062, 2.64381, 0.44076],
							"lerp_mode": "catmullrom"
						},
						"4.6667": {
							"post": [0, 3.1, 0],
							"lerp_mode": "catmullrom"
						},
						"6.0": {
							"post": [0, 2, 0],
							"lerp_mode": "catmullrom"
						},
						"6.125": {
							"post": [0.00002, 2.018, 0.48081],
							"lerp_mode": "catmullrom"
						},
						"6.2083": {
							"post": [0.00006, 2.14742, 0.70287],
							"lerp_mode": "catmullrom"
						},
						"6.4167": {
							"post": [0.00028, 2.23061, 0.93971],
							"lerp_mode": "catmullrom"
						},
						"6.75": {
							"post": [0.00062, 2.64381, 0.44076],
							"lerp_mode": "catmullrom"
						},
						"7.3333": {
							"post": [0, 3.1, 0],
							"lerp_mode": "catmullrom"
						},
						"8.0": {
							"post": [0, 2.58, -0.03],
							"lerp_mode": "catmullrom"
						}
					}
				},
				"leg_back_right": {
					"rotation": {
						"0.0": {
							"post": [-6.92, -0.66, -0.33],
							"lerp_mode": "catmullrom"
						},
						"0.375": {
							"post": [6.29, 0, 0],
							"lerp_mode": "catmullrom"
						},
						"0.9583": {
							"post": [20.00846, 6.9428, 2.52504],
							"lerp_mode": "catmullrom"
						},
						"1.3333": {
							"post": [0.08, 9.99, 2.49],
							"lerp_mode": "catmullrom"
						},
						"1.4583": {
							"post": [-8.60175, 9.98863, 2.49931],
							"lerp_mode": "catmullrom"
						},
						"1.875": {
							"post": [-44.89078, 3.53329, 3.54002],
							"lerp_mode": "catmullrom"
						},
						"2.0": {
							"post": [-32.5, 0, -0.00001],
							"lerp_mode": "catmullrom"
						},
						"3.0417": {
							"post": [6.29, 0, 0],
							"lerp_mode": "catmullrom"
						},
						"3.625": {
							"post": [20.00846, 6.9428, 2.52504],
							"lerp_mode": "catmullrom"
						},
						"4.125": {
							"post": [-8.60175, 9.98863, 2.49931],
							"lerp_mode": "catmullrom"
						},
						"4.5417": {
							"post": [-44.89078, 3.53329, 3.54002],
							"lerp_mode": "catmullrom"
						},
						"4.6667": {
							"post": [-32.5, 0, -0.00001],
							"lerp_mode": "catmullrom"
						},
						"5.7083": {
							"post": [6.29, 0, 0],
							"lerp_mode": "catmullrom"
						},
						"6.0": {
							"post": [17.36, 3.28, 1.26],
							"lerp_mode": "catmullrom"
						},
						"6.2917": {
							"post": [20.00846, 6.9428, 2.52504],
							"lerp_mode": "catmullrom"
						},
						"6.7917": {
							"post": [-8.60175, 9.98863, 2.49931],
							"lerp_mode": "catmullrom"
						},
						"7.2083": {
							"post": [-44.89078, 3.53329, 3.54002],
							"lerp_mode": "catmullrom"
						},
						"7.3333": {
							"post": [-32.5, 0, -0.00001],
							"lerp_mode": "catmullrom"
						},
						"8.0": {
							"post": [-6.92, -0.66, -0.33],
							"lerp_mode": "catmullrom"
						}
					},
					"position": {
						"0.0": {
							"post": [0, 5.02, 0.49],
							"lerp_mode": "catmullrom"
						},
						"0.6667": {
							"post": [0, 4.4, 4.6],
							"lerp_mode": "catmullrom"
						},
						"1.3333": {
							"post": [0, 5.83, 1.75],
							"lerp_mode": "catmullrom"
						},
						"1.9167": [0, 4.37, -2.02],
						"2.0": [0, 1.2, -3.25],
						"2.625": {
							"pre": [0, 5.02, 0.49],
							"post": [0, 5.02, 0.49],
							"lerp_mode": "catmullrom"
						},
						"3.3333": {
							"post": [0, 4.4, 4.6],
							"lerp_mode": "catmullrom"
						},
						"4.0417": {
							"post": [0, 5.83, 1.75],
							"lerp_mode": "catmullrom"
						},
						"4.5833": [0, 4.37, -2.02],
						"4.6667": [0, 1.2, -3.25],
						"5.2917": {
							"pre": [0, 5.02, 0.49],
							"post": [0, 5.02, 0.49],
							"lerp_mode": "catmullrom"
						},
						"6.0": {
							"post": [0, 4.4, 4.6],
							"lerp_mode": "catmullrom"
						},
						"6.7083": {
							"post": [0, 5.83, 1.75],
							"lerp_mode": "catmullrom"
						},
						"7.25": [0, 4.37, -2.02],
						"7.3333": [0, 1.2, -3.25],
						"8.0": {
							"pre": [0, 5.02, 0.49],
							"post": [0, 5.02, 0.49],
							"lerp_mode": "catmullrom"
						},
						"8.6667": {
							"post": [0, 4.4, 4.6],
							"lerp_mode": "catmullrom"
						}
					}
				},
				"foot_back_right": {
					"rotation": {
						"0.0": {
							"post": [-18.49, 4.69, -1.55],
							"lerp_mode": "catmullrom"
						},
						"0.0833": {
							"post": [-20.51058, 4.7046, -1.5883],
							"lerp_mode": "catmullrom"
						},
						"0.6667": {
							"post": [-25.019, 4.98092, -0.43688],
							"lerp_mode": "catmullrom"
						},
						"0.9583": {
							"post": [-12.01533, 4.97357, 0.69258],
							"lerp_mode": "catmullrom"
						},
						"1.3333": {
							"post": [-23.45, 5, -0.32],
							"lerp_mode": "catmullrom"
						},
						"1.5": {
							"post": [-28.46702, 5.00732, -0.75342],
							"lerp_mode": "catmullrom"
						},
						"1.9583": {
							"post": [-31.26038, 4.93798, -0.84653],
							"lerp_mode": "catmullrom"
						},
						"2.0": {
							"post": [-17.49046, 4.99523, 0.21865],
							"lerp_mode": "catmullrom"
						},
						"2.4167": {
							"post": [-12.66382, 4.77675, -0.8567],
							"lerp_mode": "catmullrom"
						},
						"2.75": {
							"post": [-20.51058, 4.7046, -1.5883],
							"lerp_mode": "catmullrom"
						},
						"3.3333": {
							"post": [-25.019, 4.98092, -0.43688],
							"lerp_mode": "catmullrom"
						},
						"3.625": {
							"post": [-12.01533, 4.97357, 0.69258],
							"lerp_mode": "catmullrom"
						},
						"4.1667": {
							"post": [-28.46702, 5.00732, -0.75342],
							"lerp_mode": "catmullrom"
						},
						"4.625": {
							"post": [-31.26038, 4.93798, -0.84653],
							"lerp_mode": "catmullrom"
						},
						"4.6667": {
							"post": [-17.49046, 4.99523, 0.21865],
							"lerp_mode": "catmullrom"
						},
						"5.0833": {
							"post": [-12.66382, 4.77675, -0.8567],
							"lerp_mode": "catmullrom"
						},
						"5.4167": {
							"post": [-20.51058, 4.7046, -1.5883],
							"lerp_mode": "catmullrom"
						},
						"6.0": {
							"post": [-25.019, 4.98092, -0.43688],
							"lerp_mode": "catmullrom"
						},
						"6.2917": {
							"post": [-12.01533, 4.97357, 0.69258],
							"lerp_mode": "catmullrom"
						},
						"6.8333": {
							"post": [-28.46702, 5.00732, -0.75342],
							"lerp_mode": "catmullrom"
						},
						"7.2917": {
							"post": [-31.26038, 4.93798, -0.84653],
							"lerp_mode": "catmullrom"
						},
						"7.3333": {
							"post": [-17.49046, 4.99523, 0.21865],
							"lerp_mode": "catmullrom"
						},
						"7.75": {
							"post": [-12.66382, 4.77675, -0.8567],
							"lerp_mode": "catmullrom"
						},
						"8.0": {
							"post": [-18.49, 4.69, -1.55],
							"lerp_mode": "catmullrom"
						}
					},
					"position": {
						"0.0": {
							"post": [0, 2.53, 0.58],
							"lerp_mode": "catmullrom"
						},
						"0.0833": {
							"post": [-0.00062, 2.64381, 0.44076],
							"lerp_mode": "catmullrom"
						},
						"0.6667": {
							"post": [0, 3.1, 0],
							"lerp_mode": "catmullrom"
						},
						"1.3333": {
							"post": [0, 2.58, -0.03],
							"lerp_mode": "catmullrom"
						},
						"2.0": {
							"post": [0, 2, 0],
							"lerp_mode": "catmullrom"
						},
						"2.125": {
							"post": [-0.00002, 2.018, 0.48081],
							"lerp_mode": "catmullrom"
						},
						"2.2083": {
							"post": [-0.00006, 2.14742, 0.70287],
							"lerp_mode": "catmullrom"
						},
						"2.4167": {
							"post": [-0.00028, 2.23061, 0.93971],
							"lerp_mode": "catmullrom"
						},
						"2.75": {
							"post": [-0.00062, 2.64381, 0.44076],
							"lerp_mode": "catmullrom"
						},
						"3.3333": {
							"post": [0, 3.1, 0],
							"lerp_mode": "catmullrom"
						},
						"4.6667": {
							"post": [0, 2, 0],
							"lerp_mode": "catmullrom"
						},
						"4.7917": {
							"post": [-0.00002, 2.018, 0.48081],
							"lerp_mode": "catmullrom"
						},
						"4.875": {
							"post": [-0.00006, 2.14742, 0.70287],
							"lerp_mode": "catmullrom"
						},
						"5.0833": {
							"post": [-0.00028, 2.23061, 0.93971],
							"lerp_mode": "catmullrom"
						},
						"5.4167": {
							"post": [-0.00062, 2.64381, 0.44076],
							"lerp_mode": "catmullrom"
						},
						"6.0": {
							"post": [0, 3.1, 0],
							"lerp_mode": "catmullrom"
						},
						"7.3333": {
							"post": [0, 2, 0],
							"lerp_mode": "catmullrom"
						},
						"7.4583": {
							"post": [-0.00002, 2.018, 0.48081],
							"lerp_mode": "catmullrom"
						},
						"7.5417": {
							"post": [-0.00006, 2.14742, 0.70287],
							"lerp_mode": "catmullrom"
						},
						"7.75": {
							"post": [-0.00028, 2.23061, 0.93971],
							"lerp_mode": "catmullrom"
						},
						"8.0": {
							"post": [0, 2.53, 0.58],
							"lerp_mode": "catmullrom"
						}
					}
				},
				"leg_back_left2": {
					"rotation": {
						"0.0": {
							"post": [72.5, 0, 0],
							"lerp_mode": "catmullrom"
						},
						"0.4167": {
							"post": [72.5, 0, 0],
							"lerp_mode": "catmullrom"
						},
						"0.6667": {
							"post": [50, 0, 0],
							"lerp_mode": "catmullrom"
						},
						"1.3333": {
							"post": [24.481, -0.00504, -0.0444],
							"lerp_mode": "catmullrom"
						},
						"2.0": {
							"post": [30.40582, -0.00907, -0.08001],
							"lerp_mode": "catmullrom"
						},
						"2.6667": {
							"post": [72.5, 0, 0],
							"lerp_mode": "catmullrom"
						},
						"3.0833": {
							"post": [72.5, 0, 0],
							"lerp_mode": "catmullrom"
						},
						"3.3333": {
							"post": [50, 0, 0],
							"lerp_mode": "catmullrom"
						},
						"4.0": {
							"post": [24.481, -0.00504, -0.0444],
							"lerp_mode": "catmullrom"
						},
						"4.6667": {
							"post": [30.40582, -0.00907, -0.08001],
							"lerp_mode": "catmullrom"
						},
						"5.3333": {
							"post": [72.5, 0, 0],
							"lerp_mode": "catmullrom"
						},
						"5.75": {
							"post": [72.5, 0, 0],
							"lerp_mode": "catmullrom"
						},
						"6.0": {
							"post": [50, 0, 0],
							"lerp_mode": "catmullrom"
						},
						"6.6667": {
							"post": [24.481, -0.00504, -0.0444],
							"lerp_mode": "catmullrom"
						},
						"7.3333": {
							"post": [30.40582, -0.00907, -0.08001],
							"lerp_mode": "catmullrom"
						},
						"8.0": {
							"post": [72.5, 0, 0],
							"lerp_mode": "catmullrom"
						}
					}
				},
				"leg_back_right2": {
					"rotation": {
						"0.0": {
							"post": [24.481, 0.00504, 0.0444],
							"lerp_mode": "catmullrom"
						},
						"0.6667": {
							"post": [30.40582, 0.00907, 0.08001],
							"lerp_mode": "catmullrom"
						},
						"1.3333": {
							"post": [72.5, 0, 0],
							"lerp_mode": "catmullrom"
						},
						"1.75": {
							"post": [72.5, 0, 0],
							"lerp_mode": "catmullrom"
						},
						"2.0": {
							"post": [50, 0, 0],
							"lerp_mode": "catmullrom"
						},
						"2.6667": {
							"post": [24.481, 0.00504, 0.0444],
							"lerp_mode": "catmullrom"
						},
						"3.3333": {
							"post": [30.40582, 0.00907, 0.08001],
							"lerp_mode": "catmullrom"
						},
						"4.0": {
							"post": [72.5, 0, 0],
							"lerp_mode": "catmullrom"
						},
						"4.4167": {
							"post": [72.5, 0, 0],
							"lerp_mode": "catmullrom"
						},
						"4.6667": {
							"post": [50, 0, 0],
							"lerp_mode": "catmullrom"
						},
						"5.3333": {
							"post": [24.481, 0.00504, 0.0444],
							"lerp_mode": "catmullrom"
						},
						"6.0": {
							"post": [30.40582, 0.00907, 0.08001],
							"lerp_mode": "catmullrom"
						},
						"6.6667": {
							"post": [72.5, 0, 0],
							"lerp_mode": "catmullrom"
						},
						"7.0833": {
							"post": [72.5, 0, 0],
							"lerp_mode": "catmullrom"
						},
						"7.3333": {
							"post": [50, 0, 0],
							"lerp_mode": "catmullrom"
						},
						"8.0": {
							"post": [24.481, 0.00504, 0.0444],
							"lerp_mode": "catmullrom"
						}
					}
				},
				"body": {
					"position": {
						"0.0": [0, 0, -3],
						"0.6667": [0, 0, -3],
						"0.7083": [0, -0.5, -3],
						"0.75": [0, 0.6, -3],
						"0.8333": [0, 0.1, -3],
						"0.9583": [0, 0.4, -3],
						"1.2083": [0, 0.2, -3],
						"1.6667": [0, 0, -3],
						"2.0": [0, 0, -3],
						"2.0417": [0, -0.5, -3],
						"2.0833": [0, 0.6, -3],
						"2.1667": [0, 0.1, -3],
						"2.2917": [0, 0.4, -3],
						"2.5417": [0, 0.2, -3],
						"3.0": [0, 0, -3],
						"3.3333": [0, 0, -3],
						"3.375": [0, -0.5, -3],
						"3.4167": [0, 0.6, -3],
						"3.5": [0, 0.1, -3],
						"3.625": [0, 0.4, -3],
						"3.875": [0, 0.2, -3],
						"4.3333": [0, 0, -3],
						"4.6667": [0, 0, -3],
						"4.7083": [0, -0.5, -3],
						"4.75": [0, 0.6, -3],
						"4.8333": [0, 0.1, -3],
						"4.9583": [0, 0.4, -3],
						"5.2083": [0, 0.2, -3],
						"5.6667": [0, 0, -3],
						"6.0": [0, 0, -3],
						"6.0417": [0, -0.5, -3],
						"6.0833": [0, 0.6, -3],
						"6.1667": [0, 0.1, -3],
						"6.2917": [0, 0.4, -3],
						"6.5417": [0, 0.2, -3],
						"7.0": [0, 0, -3],
						"7.3333": [0, 0, -3],
						"7.375": [0, -0.5, -3],
						"7.4167": [0, 0.6, -3],
						"7.5": [0, 0.1, -3],
						"7.625": [0, 0.4, -3],
						"7.875": [0, 0.2, -3],
						"8.0": [0, 0, -3]
					}
				},
				"toes_back_left": {
					"rotation": {
						"0.0": {
							"post": [0.85, 0, -0.15],
							"lerp_mode": "catmullrom"
						},
						"0.0417": {
							"post": [0.82, 0, -0.14],
							"lerp_mode": "catmullrom"
						},
						"0.6667": [0, 0, 0],
						"1.5": {
							"pre": [0, 0, 0],
							"post": [0, 0, 0],
							"lerp_mode": "catmullrom"
						},
						"2.0": {
							"post": [-19.37893, -0.0032, 3.37125],
							"lerp_mode": "catmullrom"
						},
						"2.5833": {
							"post": [0, 0, 0],
							"lerp_mode": "catmullrom"
						},
						"3.3333": [0, 0, 0],
						"4.1667": {
							"pre": [0, 0, 0],
							"post": [0, 0, 0],
							"lerp_mode": "catmullrom"
						},
						"4.6667": {
							"post": [-19.37893, -0.0032, 3.37125],
							"lerp_mode": "catmullrom"
						},
						"5.25": {
							"post": [0, 0, 0],
							"lerp_mode": "catmullrom"
						},
						"6.0": [0, 0, 0],
						"6.8333": {
							"pre": [0, 0, 0],
							"post": [0, 0, 0],
							"lerp_mode": "catmullrom"
						},
						"7.3333": {
							"post": [-19.37893, -0.0032, 3.37125],
							"lerp_mode": "catmullrom"
						},
						"7.9167": {
							"post": [0, 0, 0],
							"lerp_mode": "catmullrom"
						},
						"8.0": {
							"post": [0.85, 0, -0.15],
							"lerp_mode": "catmullrom"
						}
					}
				},
				"toe_back_inner_left": {
					"rotation": {
						"0.0": [0, 0, 0],
						"0.4583": [0, 0, 0],
						"0.6667": [0, 12.5, 0],
						"2.0": [0, 0, 0],
						"3.125": [0, 0, 0],
						"3.3333": [0, 12.5, 0],
						"4.6667": [0, 0, 0],
						"5.7917": [0, 0, 0],
						"6.0": [0, 12.5, 0],
						"7.3333": [0, 0, 0],
						"8.0": [0, 0, 0]
					}
				},
				"toe_back_outer_left": {
					"rotation": {
						"0.0": [0, 0, 0],
						"0.4583": [0, 0, 0],
						"0.6667": [0, -12.5, 0],
						"2.0": [0, 0, 0],
						"3.125": [0, 0, 0],
						"3.3333": [0, -12.5, 0],
						"4.6667": [0, 0, 0],
						"5.7917": [0, 0, 0],
						"6.0": [0, -12.5, 0],
						"7.3333": [0, 0, 0],
						"8.0": [0, 0, 0]
					}
				},
				"toes_back_right": {
					"rotation": {
						"0.0": {
							"post": [1.24, 0, 0.22],
							"lerp_mode": "catmullrom"
						},
						"0.1667": {
							"post": [0, 0, 0],
							"lerp_mode": "catmullrom"
						},
						"0.6667": {
							"post": [-19.37893, 0.0032, -3.37125],
							"lerp_mode": "catmullrom"
						},
						"1.25": {
							"post": [0, 0, 0],
							"lerp_mode": "catmullrom"
						},
						"1.3333": {
							"post": [0.85, 0, 0.15],
							"lerp_mode": "catmullrom"
						},
						"2.0": [0, 0, 0],
						"2.8333": {
							"pre": [0, 0, 0],
							"post": [0, 0, 0],
							"lerp_mode": "catmullrom"
						},
						"3.3333": {
							"post": [-19.37893, 0.0032, -3.37125],
							"lerp_mode": "catmullrom"
						},
						"3.9167": {
							"post": [0, 0, 0],
							"lerp_mode": "catmullrom"
						},
						"4.6667": [0, 0, 0],
						"5.5": {
							"pre": [0, 0, 0],
							"post": [0, 0, 0],
							"lerp_mode": "catmullrom"
						},
						"6.0": {
							"post": [-19.37893, 0.0032, -3.37125],
							"lerp_mode": "catmullrom"
						},
						"6.5833": {
							"post": [0, 0, 0],
							"lerp_mode": "catmullrom"
						},
						"7.3333": [0, 0, 0],
						"8.0": {
							"pre": [1.24, 0, 0.22],
							"post": [1.24, 0, 0.22],
							"lerp_mode": "catmullrom"
						},
						"8.1667": {
							"post": [0, 0, 0],
							"lerp_mode": "catmullrom"
						}
					}
				},
				"toe_back_inner_right": {
					"rotation": {
						"0.0": [0, -6.25, 0],
						"0.6667": [0, 0, 0],
						"1.3333": [0, 0, 0],
						"1.7917": [0, 0, 0],
						"2.0": [0, -12.5, 0],
						"3.3333": [0, 0, 0],
						"4.4583": [0, 0, 0],
						"4.6667": [0, -12.5, 0],
						"6.0": [0, 0, 0],
						"7.125": [0, 0, 0],
						"7.3333": [0, -12.5, 0],
						"8.0": [0, -6.25, 0]
					}
				},
				"toe_back_outer_right": {
					"rotation": {
						"0.0": [0, 6.25, 0],
						"0.6667": [0, 0, 0],
						"1.3333": [0, 0, 0],
						"1.7917": [0, 0, 0],
						"2.0": [0, 12.5, 0],
						"3.3333": [0, 0, 0],
						"4.4583": [0, 0, 0],
						"4.6667": [0, 12.5, 0],
						"6.0": [0, 0, 0],
						"7.125": [0, 0, 0],
						"7.3333": [0, 12.5, 0],
						"8.0": [0, 6.25, 0]
					}
				},
				"chest": {
					"rotation": ["7.5+math.sin(q.anim_time*90*3-80)*2", "math.sin(q.anim_time*90*1.5)*5", "math.sin(q.anim_time*90*1.5-80)*8"],
					"position": [0, "1.7+math.sin(q.anim_time*90*3)*1+math.clamp(math.sin(q.anim_time*90*3-40)*1.5,0,2)", 0]
				},
				"head": {
					"rotation": {
						"0.0": [0, 0, 0],
						"0.5": [-5, 0, 0],
						"1.0": [0, 0, 0],
						"1.5": [-5, 0, 0],
						"2.0": [0, 0, 0],
						"2.5": [-5, 0, 0],
						"3.0": [0, 0, 0],
						"3.5": [-5, 0, 0],
						"4.0": [0, 0, 0],
						"4.5": [-5, 0, 0],
						"5.0": [0, 0, 0],
						"5.5": [-5, 0, 0],
						"6.0": [0, 0, 0],
						"6.5": [-5, 0, 0],
						"7.0": [0, 0, 0],
						"7.5": [-5, 0, 0],
						"8.0": [0, 0, 0]
					},
					"position": {
						"0.0": [0, 0, 0],
						"0.5": [0, 0, 1],
						"1.0": [0, 0, 0],
						"1.5": [0, 0, 1],
						"2.0": [0, 0, 0],
						"2.5": [0, 0, 1],
						"3.0": [0, 0, 0],
						"3.5": [0, 0, 1],
						"4.0": [0, 0, 0],
						"4.5": [0, 0, 1],
						"5.0": [0, 0, 0],
						"5.5": [0, 0, 1],
						"6.0": [0, 0, 0],
						"6.5": [0, 0, 1],
						"7.0": [0, 0, 0],
						"7.5": [0, 0, 1],
						"8.0": [0, 0, 0]
					}
				},
				"leg_front_right": {
					"rotation": {
						"0.0": {
							"post": [-6.92, -0.66, -0.33],
							"lerp_mode": "catmullrom"
						},
						"0.375": {
							"post": [6.29, 0, 0],
							"lerp_mode": "catmullrom"
						},
						"0.9583": {
							"post": [20.00846, 6.9428, 2.52504],
							"lerp_mode": "catmullrom"
						},
						"1.3333": {
							"post": [0.08, 9.99, 2.49],
							"lerp_mode": "catmullrom"
						},
						"1.4583": {
							"post": [-8.60175, 9.98863, 2.49931],
							"lerp_mode": "catmullrom"
						},
						"1.875": {
							"post": [-44.89078, 3.53329, 3.54002],
							"lerp_mode": "catmullrom"
						},
						"2.0": {
							"post": [-32.5, 0, -0.00001],
							"lerp_mode": "catmullrom"
						},
						"3.0417": {
							"post": [6.29, 0, 0],
							"lerp_mode": "catmullrom"
						},
						"3.625": {
							"post": [20.00846, 6.9428, 2.52504],
							"lerp_mode": "catmullrom"
						},
						"4.125": {
							"post": [-8.60175, 9.98863, 2.49931],
							"lerp_mode": "catmullrom"
						},
						"4.5417": {
							"post": [-44.89078, 3.53329, 3.54002],
							"lerp_mode": "catmullrom"
						},
						"4.6667": {
							"post": [-32.5, 0, -0.00001],
							"lerp_mode": "catmullrom"
						},
						"5.7083": {
							"post": [6.29, 0, 0],
							"lerp_mode": "catmullrom"
						},
						"6.0": {
							"post": [17.36, 3.28, 1.26],
							"lerp_mode": "catmullrom"
						},
						"6.2917": {
							"post": [20.00846, 6.9428, 2.52504],
							"lerp_mode": "catmullrom"
						},
						"6.7917": {
							"post": [-8.60175, 9.98863, 2.49931],
							"lerp_mode": "catmullrom"
						},
						"7.2083": {
							"post": [-44.89078, 3.53329, 3.54002],
							"lerp_mode": "catmullrom"
						},
						"7.3333": {
							"post": [-32.5, 0, -0.00001],
							"lerp_mode": "catmullrom"
						},
						"8.0": {
							"post": [-6.92, -0.66, -0.33],
							"lerp_mode": "catmullrom"
						}
					},
					"position": {
						"0.0": {
							"post": [0, 5.02, 0.49],
							"lerp_mode": "catmullrom"
						},
						"0.6667": {
							"post": [0, 4.4, 4.6],
							"lerp_mode": "catmullrom"
						},
						"1.3333": {
							"post": [0, 5.83, 1.75],
							"lerp_mode": "catmullrom"
						},
						"1.9167": [0, 4.37, -2.02],
						"2.0": [0, 1.2, -3.25],
						"2.625": {
							"pre": [0, 5.02, 0.49],
							"post": [0, 5.02, 0.49],
							"lerp_mode": "catmullrom"
						},
						"3.3333": {
							"post": [0, 4.4, 4.6],
							"lerp_mode": "catmullrom"
						},
						"4.0417": {
							"post": [0, 5.83, 1.75],
							"lerp_mode": "catmullrom"
						},
						"4.5833": [0, 4.37, -2.02],
						"4.6667": [0, 1.2, -3.25],
						"5.2917": {
							"pre": [0, 5.02, 0.49],
							"post": [0, 5.02, 0.49],
							"lerp_mode": "catmullrom"
						},
						"6.0": {
							"post": [0, 4.4, 4.6],
							"lerp_mode": "catmullrom"
						},
						"6.7083": {
							"post": [0, 5.83, 1.75],
							"lerp_mode": "catmullrom"
						},
						"7.25": [0, 4.37, -2.02],
						"7.3333": [0, 1.2, -3.25],
						"8.0": {
							"pre": [0, 5.02, 0.49],
							"post": [0, 5.02, 0.49],
							"lerp_mode": "catmullrom"
						},
						"8.6667": {
							"post": [0, 4.4, 4.6],
							"lerp_mode": "catmullrom"
						}
					}
				},
				"leg_front_right2": {
					"rotation": {
						"0.0": {
							"post": [24.481, 0.00504, 0.0444],
							"lerp_mode": "catmullrom"
						},
						"0.6667": {
							"post": [30.40582, 0.00907, 0.08001],
							"lerp_mode": "catmullrom"
						},
						"1.3333": {
							"post": [72.5, 0, 0],
							"lerp_mode": "catmullrom"
						},
						"1.75": {
							"post": [72.5, 0, 0],
							"lerp_mode": "catmullrom"
						},
						"2.0": {
							"post": [50, 0, 0],
							"lerp_mode": "catmullrom"
						},
						"2.6667": {
							"post": [24.481, 0.00504, 0.0444],
							"lerp_mode": "catmullrom"
						},
						"3.3333": {
							"post": [30.40582, 0.00907, 0.08001],
							"lerp_mode": "catmullrom"
						},
						"4.0": {
							"post": [72.5, 0, 0],
							"lerp_mode": "catmullrom"
						},
						"4.4167": {
							"post": [72.5, 0, 0],
							"lerp_mode": "catmullrom"
						},
						"4.6667": {
							"post": [50, 0, 0],
							"lerp_mode": "catmullrom"
						},
						"5.3333": {
							"post": [24.481, 0.00504, 0.0444],
							"lerp_mode": "catmullrom"
						},
						"6.0": {
							"post": [30.40582, 0.00907, 0.08001],
							"lerp_mode": "catmullrom"
						},
						"6.6667": {
							"post": [72.5, 0, 0],
							"lerp_mode": "catmullrom"
						},
						"7.0833": {
							"post": [72.5, 0, 0],
							"lerp_mode": "catmullrom"
						},
						"7.3333": {
							"post": [50, 0, 0],
							"lerp_mode": "catmullrom"
						},
						"8.0": {
							"post": [24.481, 0.00504, 0.0444],
							"lerp_mode": "catmullrom"
						}
					}
				},
				"foot_front_right2": {
					"rotation": {
						"0.0": {
							"post": [-18.49, 4.69, -1.55],
							"lerp_mode": "catmullrom"
						},
						"0.0833": {
							"post": [-20.51058, 4.7046, -1.5883],
							"lerp_mode": "catmullrom"
						},
						"0.6667": {
							"post": [-25.019, 4.98092, -0.43688],
							"lerp_mode": "catmullrom"
						},
						"0.9583": {
							"post": [-12.01533, 4.97357, 0.69258],
							"lerp_mode": "catmullrom"
						},
						"1.3333": {
							"post": [-23.45, 5, -0.32],
							"lerp_mode": "catmullrom"
						},
						"1.5": {
							"post": [-28.46702, 5.00732, -0.75342],
							"lerp_mode": "catmullrom"
						},
						"1.9583": {
							"post": [-31.26038, 4.93798, -0.84653],
							"lerp_mode": "catmullrom"
						},
						"2.0": {
							"post": [-17.49046, 4.99523, 0.21865],
							"lerp_mode": "catmullrom"
						},
						"2.4167": {
							"post": [-12.66382, 4.77675, -0.8567],
							"lerp_mode": "catmullrom"
						},
						"2.75": {
							"post": [-20.51058, 4.7046, -1.5883],
							"lerp_mode": "catmullrom"
						},
						"3.3333": {
							"post": [-25.019, 4.98092, -0.43688],
							"lerp_mode": "catmullrom"
						},
						"3.625": {
							"post": [-12.01533, 4.97357, 0.69258],
							"lerp_mode": "catmullrom"
						},
						"4.1667": {
							"post": [-28.46702, 5.00732, -0.75342],
							"lerp_mode": "catmullrom"
						},
						"4.625": {
							"post": [-31.26038, 4.93798, -0.84653],
							"lerp_mode": "catmullrom"
						},
						"4.6667": {
							"post": [-17.49046, 4.99523, 0.21865],
							"lerp_mode": "catmullrom"
						},
						"5.0833": {
							"post": [-12.66382, 4.77675, -0.8567],
							"lerp_mode": "catmullrom"
						},
						"5.4167": {
							"post": [-20.51058, 4.7046, -1.5883],
							"lerp_mode": "catmullrom"
						},
						"6.0": {
							"post": [-25.019, 4.98092, -0.43688],
							"lerp_mode": "catmullrom"
						},
						"6.2917": {
							"post": [-12.01533, 4.97357, 0.69258],
							"lerp_mode": "catmullrom"
						},
						"6.8333": {
							"post": [-28.46702, 5.00732, -0.75342],
							"lerp_mode": "catmullrom"
						},
						"7.2917": {
							"post": [-31.26038, 4.93798, -0.84653],
							"lerp_mode": "catmullrom"
						},
						"7.3333": {
							"post": [-17.49046, 4.99523, 0.21865],
							"lerp_mode": "catmullrom"
						},
						"7.75": {
							"post": [-12.66382, 4.77675, -0.8567],
							"lerp_mode": "catmullrom"
						},
						"8.0": {
							"post": [-18.49, 4.69, -1.55],
							"lerp_mode": "catmullrom"
						}
					},
					"position": {
						"0.0": {
							"post": [0, 2.53, 0.58],
							"lerp_mode": "catmullrom"
						},
						"0.0833": {
							"post": [-0.00062, 2.64381, 0.44076],
							"lerp_mode": "catmullrom"
						},
						"0.6667": {
							"post": [0, 3.1, 0],
							"lerp_mode": "catmullrom"
						},
						"1.3333": {
							"post": [0, 2.58, -0.03],
							"lerp_mode": "catmullrom"
						},
						"2.0": {
							"post": [0, 2, 0],
							"lerp_mode": "catmullrom"
						},
						"2.125": {
							"post": [-0.00002, 2.018, 0.48081],
							"lerp_mode": "catmullrom"
						},
						"2.2083": {
							"post": [-0.00006, 2.14742, 0.70287],
							"lerp_mode": "catmullrom"
						},
						"2.4167": {
							"post": [-0.00028, 2.23061, 0.93971],
							"lerp_mode": "catmullrom"
						},
						"2.75": {
							"post": [-0.00062, 2.64381, 0.44076],
							"lerp_mode": "catmullrom"
						},
						"3.3333": {
							"post": [0, 3.1, 0],
							"lerp_mode": "catmullrom"
						},
						"4.6667": {
							"post": [0, 2, 0],
							"lerp_mode": "catmullrom"
						},
						"4.7917": {
							"post": [-0.00002, 2.018, 0.48081],
							"lerp_mode": "catmullrom"
						},
						"4.875": {
							"post": [-0.00006, 2.14742, 0.70287],
							"lerp_mode": "catmullrom"
						},
						"5.0833": {
							"post": [-0.00028, 2.23061, 0.93971],
							"lerp_mode": "catmullrom"
						},
						"5.4167": {
							"post": [-0.00062, 2.64381, 0.44076],
							"lerp_mode": "catmullrom"
						},
						"6.0": {
							"post": [0, 3.1, 0],
							"lerp_mode": "catmullrom"
						},
						"7.3333": {
							"post": [0, 2, 0],
							"lerp_mode": "catmullrom"
						},
						"7.4583": {
							"post": [-0.00002, 2.018, 0.48081],
							"lerp_mode": "catmullrom"
						},
						"7.5417": {
							"post": [-0.00006, 2.14742, 0.70287],
							"lerp_mode": "catmullrom"
						},
						"7.75": {
							"post": [-0.00028, 2.23061, 0.93971],
							"lerp_mode": "catmullrom"
						},
						"8.0": {
							"post": [0, 2.53, 0.58],
							"lerp_mode": "catmullrom"
						}
					}
				},
				"toe_front_inner_right": {
					"rotation": {
						"0.0": [0, -6.25, 0],
						"0.6667": [0, 0, 0],
						"1.3333": [0, 0, 0],
						"1.7917": [0, 0, 0],
						"2.0": [0, -12.5, 0],
						"3.3333": [0, 0, 0],
						"4.4583": [0, 0, 0],
						"4.6667": [0, -12.5, 0],
						"6.0": [0, 0, 0],
						"7.125": [0, 0, 0],
						"7.3333": [0, -12.5, 0],
						"8.0": [0, -6.25, 0]
					}
				},
				"toe_front_outer_right": {
					"rotation": {
						"0.0": [0, 6.25, 0],
						"0.6667": [0, 0, 0],
						"1.3333": [0, 0, 0],
						"1.7917": [0, 0, 0],
						"2.0": [0, 12.5, 0],
						"3.3333": [0, 0, 0],
						"4.4583": [0, 0, 0],
						"4.6667": [0, 12.5, 0],
						"6.0": [0, 0, 0],
						"7.125": [0, 0, 0],
						"7.3333": [0, 12.5, 0],
						"8.0": [0, 6.25, 0]
					}
				},
				"leg_front_left": {
					"rotation": {
						"0.0": {
							"post": [0.08, -9.99, -2.49],
							"lerp_mode": "catmullrom"
						},
						"0.125": {
							"post": [-8.60175, -9.98863, -2.49931],
							"lerp_mode": "catmullrom"
						},
						"0.5417": {
							"post": [-44.89078, -3.53329, -3.54002],
							"lerp_mode": "catmullrom"
						},
						"0.6667": {
							"post": [-32.5, 0, 0.00001],
							"lerp_mode": "catmullrom"
						},
						"1.7083": {
							"post": [6.29, 0, 0],
							"lerp_mode": "catmullrom"
						},
						"2.2917": {
							"post": [20.00846, -6.9428, -2.52504],
							"lerp_mode": "catmullrom"
						},
						"2.7917": {
							"post": [-8.60175, -9.98863, -2.49931],
							"lerp_mode": "catmullrom"
						},
						"3.2083": {
							"post": [-44.89078, -3.53329, -3.54002],
							"lerp_mode": "catmullrom"
						},
						"3.3333": {
							"post": [-32.5, 0, 0.00001],
							"lerp_mode": "catmullrom"
						},
						"4.375": {
							"post": [6.29, 0, 0],
							"lerp_mode": "catmullrom"
						},
						"4.9583": {
							"post": [20.00846, -6.9428, -2.52504],
							"lerp_mode": "catmullrom"
						},
						"5.4583": {
							"post": [-8.60175, -9.98863, -2.49931],
							"lerp_mode": "catmullrom"
						},
						"5.875": {
							"post": [-44.89078, -3.53329, -3.54002],
							"lerp_mode": "catmullrom"
						},
						"6.0": {
							"post": [-32.5, 0, 0.00001],
							"lerp_mode": "catmullrom"
						},
						"7.0417": {
							"post": [6.29, 0, 0],
							"lerp_mode": "catmullrom"
						},
						"7.625": {
							"post": [20.00846, -6.9428, -2.52504],
							"lerp_mode": "catmullrom"
						},
						"8.0": {
							"post": [0.08, -9.99, -2.49],
							"lerp_mode": "catmullrom"
						}
					},
					"position": {
						"0.0": {
							"post": [0, 5.83, 1.75],
							"lerp_mode": "catmullrom"
						},
						"0.0417": {
							"post": [0, 5.77, 1.59],
							"lerp_mode": "catmullrom"
						},
						"0.5833": [0, 4.37, -2.02],
						"0.6667": [0, 1.2, -3.25],
						"1.2917": {
							"pre": [0, 5.02, 0.49],
							"post": [0, 5.02, 0.49],
							"lerp_mode": "catmullrom"
						},
						"2.0": {
							"post": [0, 4.4, 4.6],
							"lerp_mode": "catmullrom"
						},
						"2.7083": {
							"post": [0, 5.83, 1.75],
							"lerp_mode": "catmullrom"
						},
						"3.25": [0, 4.37, -2.02],
						"3.3333": [0, 1.2, -3.25],
						"3.9583": {
							"pre": [0, 5.02, 0.49],
							"post": [0, 5.02, 0.49],
							"lerp_mode": "catmullrom"
						},
						"4.6667": {
							"post": [0, 4.4, 4.6],
							"lerp_mode": "catmullrom"
						},
						"5.375": {
							"post": [0, 5.83, 1.75],
							"lerp_mode": "catmullrom"
						},
						"5.9167": [0, 4.37, -2.02],
						"6.0": [0, 1.2, -3.25],
						"6.625": {
							"pre": [0, 5.02, 0.49],
							"post": [0, 5.02, 0.49],
							"lerp_mode": "catmullrom"
						},
						"7.3333": {
							"post": [0, 4.4, 4.6],
							"lerp_mode": "catmullrom"
						},
						"8.0": {
							"post": [0, 5.83, 1.75],
							"lerp_mode": "catmullrom"
						}
					}
				},
				"leg_front_left2": {
					"rotation": {
						"0.0": {
							"post": [72.5, 0, 0],
							"lerp_mode": "catmullrom"
						},
						"0.4167": {
							"post": [72.5, 0, 0],
							"lerp_mode": "catmullrom"
						},
						"0.6667": {
							"post": [50, 0, 0],
							"lerp_mode": "catmullrom"
						},
						"1.3333": {
							"post": [24.481, -0.00504, -0.0444],
							"lerp_mode": "catmullrom"
						},
						"2.0": {
							"post": [30.40582, -0.00907, -0.08001],
							"lerp_mode": "catmullrom"
						},
						"2.6667": {
							"post": [72.5, 0, 0],
							"lerp_mode": "catmullrom"
						},
						"3.0833": {
							"post": [72.5, 0, 0],
							"lerp_mode": "catmullrom"
						},
						"3.3333": {
							"post": [50, 0, 0],
							"lerp_mode": "catmullrom"
						},
						"4.0": {
							"post": [24.481, -0.00504, -0.0444],
							"lerp_mode": "catmullrom"
						},
						"4.6667": {
							"post": [30.40582, -0.00907, -0.08001],
							"lerp_mode": "catmullrom"
						},
						"5.3333": {
							"post": [72.5, 0, 0],
							"lerp_mode": "catmullrom"
						},
						"5.75": {
							"post": [72.5, 0, 0],
							"lerp_mode": "catmullrom"
						},
						"6.0": {
							"post": [50, 0, 0],
							"lerp_mode": "catmullrom"
						},
						"6.6667": {
							"post": [24.481, -0.00504, -0.0444],
							"lerp_mode": "catmullrom"
						},
						"7.3333": {
							"post": [30.40582, -0.00907, -0.08001],
							"lerp_mode": "catmullrom"
						},
						"8.0": {
							"post": [72.5, 0, 0],
							"lerp_mode": "catmullrom"
						}
					}
				},
				"foot_front_left": {
					"rotation": {
						"0.0": {
							"post": [-23.45, -5, 0.32],
							"lerp_mode": "catmullrom"
						},
						"0.1667": {
							"post": [-28.46702, -5.00732, 0.75342],
							"lerp_mode": "catmullrom"
						},
						"0.625": {
							"post": [-31.26038, -4.93798, 0.84653],
							"lerp_mode": "catmullrom"
						},
						"0.6667": {
							"post": [-17.49046, -4.99523, -0.21865],
							"lerp_mode": "catmullrom"
						},
						"1.0833": {
							"post": [-12.66382, -4.77675, 0.8567],
							"lerp_mode": "catmullrom"
						},
						"1.4167": {
							"post": [-20.51058, -4.7046, 1.5883],
							"lerp_mode": "catmullrom"
						},
						"2.0": {
							"post": [-25.019, -4.98092, 0.43688],
							"lerp_mode": "catmullrom"
						},
						"2.2917": {
							"post": [-12.01533, -4.97357, -0.69258],
							"lerp_mode": "catmullrom"
						},
						"2.8333": {
							"post": [-28.46702, -5.00732, 0.75342],
							"lerp_mode": "catmullrom"
						},
						"3.2917": {
							"post": [-31.26038, -4.93798, 0.84653],
							"lerp_mode": "catmullrom"
						},
						"3.3333": {
							"post": [-17.49046, -4.99523, -0.21865],
							"lerp_mode": "catmullrom"
						},
						"3.75": {
							"post": [-12.66382, -4.77675, 0.8567],
							"lerp_mode": "catmullrom"
						},
						"4.0833": {
							"post": [-20.51058, -4.7046, 1.5883],
							"lerp_mode": "catmullrom"
						},
						"4.6667": {
							"post": [-25.019, -4.98092, 0.43688],
							"lerp_mode": "catmullrom"
						},
						"4.9583": {
							"post": [-12.01533, -4.97357, -0.69258],
							"lerp_mode": "catmullrom"
						},
						"5.5": {
							"post": [-28.46702, -5.00732, 0.75342],
							"lerp_mode": "catmullrom"
						},
						"5.9583": {
							"post": [-31.26038, -4.93798, 0.84653],
							"lerp_mode": "catmullrom"
						},
						"6.0": {
							"post": [-17.49046, -4.99523, -0.21865],
							"lerp_mode": "catmullrom"
						},
						"6.4167": {
							"post": [-12.66382, -4.77675, 0.8567],
							"lerp_mode": "catmullrom"
						},
						"6.75": {
							"post": [-20.51058, -4.7046, 1.5883],
							"lerp_mode": "catmullrom"
						},
						"7.3333": {
							"post": [-25.019, -4.98092, 0.43688],
							"lerp_mode": "catmullrom"
						},
						"7.625": {
							"post": [-12.01533, -4.97357, -0.69258],
							"lerp_mode": "catmullrom"
						},
						"8.0": {
							"post": [-23.45, -5, 0.32],
							"lerp_mode": "catmullrom"
						}
					},
					"position": {
						"0.0": {
							"post": [0, 2.58, -0.03],
							"lerp_mode": "catmullrom"
						},
						"0.6667": {
							"post": [0, 2, 0],
							"lerp_mode": "catmullrom"
						},
						"0.7917": {
							"post": [0.00002, 2.018, 0.48081],
							"lerp_mode": "catmullrom"
						},
						"0.875": {
							"post": [0.00006, 2.14742, 0.70287],
							"lerp_mode": "catmullrom"
						},
						"1.0833": {
							"post": [0.00028, 2.23061, 0.93971],
							"lerp_mode": "catmullrom"
						},
						"1.4167": {
							"post": [0.00062, 2.64381, 0.44076],
							"lerp_mode": "catmullrom"
						},
						"2.0": {
							"post": [0, 3.1, 0],
							"lerp_mode": "catmullrom"
						},
						"3.3333": {
							"post": [0, 2, 0],
							"lerp_mode": "catmullrom"
						},
						"3.4583": {
							"post": [0.00002, 2.018, 0.48081],
							"lerp_mode": "catmullrom"
						},
						"3.5417": {
							"post": [0.00006, 2.14742, 0.70287],
							"lerp_mode": "catmullrom"
						},
						"3.75": {
							"post": [0.00028, 2.23061, 0.93971],
							"lerp_mode": "catmullrom"
						},
						"4.0833": {
							"post": [0.00062, 2.64381, 0.44076],
							"lerp_mode": "catmullrom"
						},
						"4.6667": {
							"post": [0, 3.1, 0],
							"lerp_mode": "catmullrom"
						},
						"6.0": {
							"post": [0, 2, 0],
							"lerp_mode": "catmullrom"
						},
						"6.125": {
							"post": [0.00002, 2.018, 0.48081],
							"lerp_mode": "catmullrom"
						},
						"6.2083": {
							"post": [0.00006, 2.14742, 0.70287],
							"lerp_mode": "catmullrom"
						},
						"6.4167": {
							"post": [0.00028, 2.23061, 0.93971],
							"lerp_mode": "catmullrom"
						},
						"6.75": {
							"post": [0.00062, 2.64381, 0.44076],
							"lerp_mode": "catmullrom"
						},
						"7.3333": {
							"post": [0, 3.1, 0],
							"lerp_mode": "catmullrom"
						},
						"8.0": {
							"post": [0, 2.58, -0.03],
							"lerp_mode": "catmullrom"
						}
					}
				},
				"toe_front_inner_left": {
					"rotation": {
						"0.0": [0, 0, 0],
						"0.4583": [0, 0, 0],
						"0.6667": [0, 12.5, 0],
						"2.0": [0, 0, 0],
						"3.125": [0, 0, 0],
						"3.3333": [0, 12.5, 0],
						"4.6667": [0, 0, 0],
						"5.7917": [0, 0, 0],
						"6.0": [0, 12.5, 0],
						"7.3333": [0, 0, 0],
						"8.0": [0, 0, 0]
					}
				},
				"toe_front_outer_left": {
					"rotation": {
						"0.0": [0, 0, 0],
						"0.4583": [0, 0, 0],
						"0.6667": [0, -12.5, 0],
						"2.0": [0, 0, 0],
						"3.125": [0, 0, 0],
						"3.3333": [0, -12.5, 0],
						"4.6667": [0, 0, 0],
						"5.7917": [0, 0, 0],
						"6.0": [0, -12.5, 0],
						"7.3333": [0, 0, 0],
						"8.0": [0, 0, 0]
					}
				}
			}
		},
		"animation.dracodacentro.battle_idle": {
			"loop": true,
			"animation_length": 8,
			"bones": {
				"torso": {
					"rotation": ["17.4996+math.sin(q.anim_time*90*2-80)*2", 0.0855, "0.0075+math.sin(q.anim_time*90*1-80)*1"],
					"position": [0, "math.sin(q.anim_time*90*2)*0.2", "math.sin(q.anim_time*90*4)*0.1"]
				},
				"tail": {
					"rotation": [-7.5, "math.sin(q.anim_time*90*1)*4", 0]
				},
				"tail2": {
					"rotation": [-2.49762, "0.0239+math.sin(q.anim_time*90*1-40)*4", -0.11289]
				},
				"tail3": {
					"rotation": [-2.4992, "0.1404+math.sin(q.anim_time*90*1-80)*3", -0.71138]
				},
				"tail4": {
					"rotation": [-5, "math.sin(q.anim_time*90*1-120)*9", 0]
				},
				"tail5": {
					"rotation": [-7.5, "math.sin(q.anim_time*90*1-160)*13", 0]
				},
				"tail6": {
					"rotation": [-7.5, "math.sin(q.anim_time*90*1-200)*16", 0]
				},
				"tail7": {
					"rotation": [-10, "math.sin(q.anim_time*90*1-240)*20", 0]
				},
				"leg_back_left": {
					"rotation": ["-37.5+math.sin(q.anim_time*90*2)*0.6", -30, 0.00001],
					"position": [0, "math.sin(q.anim_time*90*2)*0.2", 0]
				},
				"foot_back_left": {
					"rotation": ["-7.5+math.sin(q.anim_time*90*2)*0.5", -5, 0],
					"position": [0, 2, 0]
				},
				"leg_back_right": {
					"rotation": ["-37.5+math.sin(q.anim_time*90*2)*0.6", 30, -0.00001],
					"position": [0, "math.sin(q.anim_time*90*2)*0.2", 0]
				},
				"foot_back_right": {
					"rotation": ["-7.5+math.sin(q.anim_time*90*2)*0.5", 5, 0],
					"position": [0, 2, 0]
				},
				"leg_back_left2": {
					"rotation": ["45-math.sin(q.anim_time*90*2)*1", 0, 0]
				},
				"leg_back_right2": {
					"rotation": ["45-math.sin(q.anim_time*90*2)*1", 0, 0]
				},
				"body": {
					"position": [0, 1.25, -3]
				},
				"toe_back_inner_left": {
					"rotation": [0, 22.5, 0]
				},
				"toe_back_outer_left": {
					"rotation": [0, -22.5, 0]
				},
				"toe_back_inner_right": {
					"rotation": [0, -22.5, 0]
				},
				"toe_back_outer_right": {
					"rotation": [0, 22.5, 0]
				},
				"chest": {
					"rotation": ["17.4996+math.sin(q.anim_time*90*2-80)*2", 0.0855, "0.0075+math.sin(q.anim_time*90*1-80)*1"],
					"position": [0, "math.sin(q.anim_time*90*2)*0.2", "math.sin(q.anim_time*90*4)*0.1"]
				},
				"neck1": {
					"rotation": {
						"0.0": [0, 0, 0],
						"1.0": [-7.5, 0, 0],
						"2.0": [0, 0, 0],
						"3.0": [-7.5, 0, 0],
						"4.0": [0, 0, 0],
						"5.0": [-7.5, 0, 0],
						"6.0": [0, 0, 0],
						"7.0": [-7.5, 0, 0],
						"8.0": [0, 0, 0]
					},
					"position": {
						"0.0": [0, 0, 0],
						"2.0": [0, 0, 0],
						"4.0": [0, 0, 0],
						"6.0": [0, 0, 0],
						"8.0": [0, 0, 0]
					}
				},
				"head": {
					"rotation": {
						"0.0": [0, 0, 0],
						"1.0": [-10, 0, 0],
						"2.0": [0, 0, 0],
						"3.0": [-10, 0, 0],
						"4.0": [0, 0, 0],
						"5.0": [-10, 0, 0],
						"6.0": [0, 0, 0],
						"7.0": [-10, 0, 0],
						"8.0": [0, 0, 0]
					},
					"position": {
						"0.0": [0, 0, 0],
						"1.0": [0, 0, 1],
						"2.0": [0, 0, 0],
						"3.0": [0, 0, 1],
						"4.0": [0, 0, 0],
						"5.0": [0, 0, 1],
						"6.0": [0, 0, 0],
						"7.0": [0, 0, 1],
						"8.0": [0, 0, 0]
					}
				},
				"jaw": {
					"rotation": {
						"0.0": [0, 0, 0],
						"1.0": [17.5, 0, 0],
						"2.0": [0, 0, 0],
						"3.0": [17.5, 0, 0],
						"4.0": [0, 0, 0],
						"5.0": [17.5, 0, 0],
						"6.0": [0, 0, 0],
						"7.0": [17.5, 0, 0],
						"8.0": [0, 0, 0]
					},
					"position": {
						"0.0": [0, 0, 0],
						"1.0": [0, -1, 1],
						"2.0": [0, 0, 0],
						"3.0": [0, -1, 1],
						"4.0": [0, 0, 0],
						"5.0": [0, -1, 1],
						"6.0": [0, 0, 0],
						"7.0": [0, -1, 1],
						"8.0": [0, 0, 0]
					}
				},
				"leg_front_right": {
					"rotation": ["-37.5+math.sin(q.anim_time*90*2)*0.6", 30, -0.00001],
					"position": [0, "math.sin(q.anim_time*90*2)*0.2", 0]
				},
				"leg_front_right2": {
					"rotation": ["45-math.sin(q.anim_time*90*2)*1", 0, 0]
				},
				"foot_front_right2": {
					"rotation": ["-7.5+math.sin(q.anim_time*90*2)*0.5", 5, 0],
					"position": [0, 2, 0]
				},
				"toe_front_inner_right": {
					"rotation": [0, -22.5, 0]
				},
				"toe_front_outer_right": {
					"rotation": [0, 22.5, 0]
				},
				"leg_front_left": {
					"rotation": ["-37.5+math.sin(q.anim_time*90*2)*0.6", -30, 0.00001],
					"position": [0, "math.sin(q.anim_time*90*2)*0.2", 0]
				},
				"leg_front_left2": {
					"rotation": ["45-math.sin(q.anim_time*90*2)*1", 0, 0]
				},
				"foot_front_left": {
					"rotation": ["-7.5+math.sin(q.anim_time*90*2)*0.5", -5, 0],
					"position": [0, 2, 0]
				},
				"toe_front_inner_left": {
					"rotation": [0, 22.5, 0]
				},
				"toe_front_outer_left": {
					"rotation": [0, -22.5, 0]
				}
			}
		},
		"animation.dracodacentro.blink": {
			"animation_length": 0.1667,
			"bones": {
				"eyelid_right": {
					"position": {
						"0.0": [-0.1, 0, 0],
						"0.125": {
							"pre": [-0.1, 0, 0],
							"post": [-0.1, 0, 0]
						},
						"0.1667": {
							"pre": [-0.1, 0, 0],
							"post": [0, 0, 0]
						}
					}
				},
				"eyelid_left": {
					"position": {
						"0.0": [0.1, 0, 0],
						"0.125": {
							"pre": [0.1, 0, 0],
							"post": [0.1, 0, 0]
						},
						"0.1667": {
							"pre": [0.1, 0, 0],
							"post": [0, 0, 0]
						}
					}
				}
			}
		},
		"animation.dracodacentro.sleep": {
			"loop": true,
			"animation_length": 8,
			"bones": {
				"torso": {
					"rotation": [7.5, 0, 0],
					"position": [0, 0, 0]
				},
				"tail": {
					"rotation": [-10, "-math.sin(q.anim_time*90*1-80)*0.5", 0]
				},
				"tail2": {
					"rotation": [-12.5, -5, 0]
				},
				"tail3": {
					"rotation": [-11.99587, -2.41491, -0.64683]
				},
				"tail4": {
					"rotation": [0.68811, -10.08543, -2.07571]
				},
				"tail5": {
					"rotation": [18.31989, -16.4182, -6.14226]
				},
				"tail6": {
					"rotation": [0.11469, "-22.4782+math.sin(q.anim_time*90*1-60)*2", -1.01323]
				},
				"tail7": {
					"rotation": [-2.38531, "-22.4782+math.sin(q.anim_time*90*1-150)*2", -1.01323]
				},
				"leg_back_left": {
					"rotation": [-105.39885, -19.32534, 1.36976],
					"position": [0, -1.9, 0]
				},
				"foot_back_left": {
					"rotation": [-7.923, -22.41008, 1.40487],
					"position": [0, 2, 0]
				},
				"leg_back_right": {
					"rotation": [-105.39885, 19.32534, -1.36976],
					"position": [0, -1.9, 0]
				},
				"foot_back_right": {
					"rotation": [-7.923, 22.41008, -1.40487],
					"position": [0, 2, 0]
				},
				"leg_back_left2": {
					"rotation": [67.5, 0, 0]
				},
				"leg_back_right2": {
					"rotation": [67.5, 0, 0]
				},
				"body": {
					"position": [0, -8.8, 0.8]
				},
				"toe_back_inner_left": {
					"rotation": [7.5, 0, 0]
				},
				"toe_back_outer_left": {
					"rotation": [7.5, 0, 0]
				},
				"toe_back_inner_right": {
					"rotation": [7.5, 0, 0]
				},
				"toe_back_outer_right": {
					"rotation": [7.5, 0, 0]
				},
				"toe_back_inner_left2": {
					"rotation": [12.5, 0, 0]
				},
				"toe_back_center_left": {
					"rotation": [7.5, 0, 0]
				},
				"toe_back_center_left2": {
					"rotation": [12.5, 0, 0]
				},
				"toe_back_outer_left2": {
					"rotation": [12.5, 0, 0]
				},
				"toe_back_inner_right2": {
					"rotation": [12.5, 0, 0]
				},
				"toe_back_center_right": {
					"rotation": [7.5, 0, 0]
				},
				"toe_back_center_right2": {
					"rotation": [12.5, 0, 0]
				},
				"toe_back_outer_right2": {
					"rotation": [12.5, 0, 0]
				},
				"chest": {
					"rotation": [7.5, 0, 0],
					"position": [0, 0, 0]
				},
				"neck2": {
					"rotation": [-5, 0, 0]
				},
				"head": {
					"rotation": {
						"0.0": [-7.5, 0, 0],
						"2.0": [-12.5, 0, 0],
						"4.0": [-7.5, 0, 0],
						"6.0": [-12.5, 0, 0],
						"8.0": [-7.5, 0, 0]
					},
					"position": {
						"0.0": [0, 0, 0],
						"2.0": [0, 0, 1],
						"4.0": [0, 0, 0],
						"6.0": [0, 0, 1],
						"8.0": [0, 0, 0]
					}
				},
				"jaw": {
					"rotation": {
						"0.0": [0, 0, 0],
						"2.0": [12.5, 0, 0],
						"4.0": [0, 0, 0],
						"6.0": [12.5, 0, 0],
						"8.0": [0, 0, 0]
					},
					"position": {
						"0.0": [0, 0, 0],
						"2.0": [0, -1, 0],
						"4.0": [0, 0, 0],
						"6.0": [0, -1, 0],
						"8.0": [0, 0, 0]
					}
				},
				"eyelid_right": {
					"position": [-0.1, 0, 0]
				},
				"eyelid_left": {
					"position": [0.1, 0, 0]
				},
				"leg_front_right": {
					"rotation": [-105, 14.5, -0.00001],
					"position": [0, -1.9, 0]
				},
				"leg_front_right2": {
					"rotation": [67.5, 0, 0]
				},
				"foot_front_right2": {
					"rotation": [-7.4353, 10.0212, 0.33127],
					"position": [0, 2, 0]
				},
				"leg_front_left": {
					"rotation": [-105, -14.5, 0.00001],
					"position": [0, -1.9, 0]
				},
				"leg_front_left2": {
					"rotation": [67.5, 0, 0]
				},
				"foot_front_left": {
					"rotation": [-7.4353, -10.0212, -0.33127],
					"position": [0, 2, 0]
				}
			}
		},
		"animation.dracodacentro.movespeedtest": {
			"loop": true,
			"bones": {
				"dracodacentro": {
					"position": [0, 0, "-q.anim_time*90*0.17"]
				}
			}
		}
	}
}