{
    "species": "cobblemon:rubink",
    "order": 0,
    "variations": [
      {
        "aspects": [],
        "poser": "cobblemon:rubink",
        "model": "cobblemon:rubink.geo",
        "texture": "cobblemon:textures/pokemon/rubink/rubink.png",
        "layers": [
            {
                "name": "emissive",
                "texture": "cobblemon:textures/pokemon/rubink/rubink_emissive.png",
                "emissive": true
            }
        ]
      },
      {
        "aspects": [
          "shiny"
        ],
        "texture": "cobblemon:textures/pokemon/rubink/rubink_shiny.png",
        "layers": [
            {
                "name": "emissive",
                "texture": "cobblemon:textures/pokemon/rubink/rubink_shiny_emissive.png",
                "emissive": true
            }
        ]
      }
    ]
   }