{
	"format_version": "1.8.0",
	"animations": {
		"animation.arctoplesio.ground_idle": {
			"loop": true,
			"animation_length": 16,
			"bones": {
				"body": {
					"position": [0, "-13.8+math.sin(q.anim_time*90*1+90)*0.2", 0]
				},
				"torso": {
					"rotation": ["-7.5+math.sin(q.anim_time*90*1)*1", 0, 0]
				},
				"tail": {
					"rotation": ["5+math.sin(q.anim_time*90*1-100)*2", 0, "math.sin(q.anim_time*90*0.5-110)*-4"],
					"position": [0, 1.5, 0]
				},
				"tail2": {
					"rotation": ["7.5+math.sin(q.anim_time*90*1-130)*5", "math.sin(q.anim_time*90*0.5-150)*7", 0]
				},
				"tail3": {
					"rotation": ["7.5+math.sin(q.anim_time*90*1-160)*6", "math.sin(q.anim_time*90*0.5-190)*10", 0]
				},
				"tail4": {
					"rotation": ["5+math.sin(q.anim_time*90*1-190)*10", "math.sin(q.anim_time*90*0.5-210)*13", 0]
				},
				"tail5": {
					"rotation": ["10+math.sin(q.anim_time*90*1-210)*14", "math.sin(q.anim_time*90*0.5-240)*17", 0]
				},
				"leg_back_left": {
					"rotation": ["28+math.sin(q.anim_time*90*1+90)*-2", -55, "-70+math.sin(q.anim_time*90*1+90)*2"]
				},
				"leg_back_left2_rot": {
					"rotation": [0, 0, "-14+math.sin(q.anim_time*90*1+90)*-1"],
					"position": [0, -1, 0]
				},
				"leg_back_right": {
					"rotation": ["28+math.sin(q.anim_time*90*1+90)*-2", 55, "70+math.sin(q.anim_time*90*1+90)*-2"]
				},
				"leg_back_right2_rot": {
					"rotation": [0, 0, "14+math.sin(q.anim_time*90*1+90)*1"],
					"position": [0, -1, 0]
				},
				"chest": {
					"rotation": ["-1+math.sin(q.anim_time*90*1-50)*-1", 0, 0]
				},
				"tail_fin": {
					"rotation": ["2.5+math.sin(q.anim_time*90*1-170)*4", "math.sin(q.anim_time*90*0.5-200)*2", "math.sin(q.anim_time*90*0.5-200)*4"]
				},
				"neck1": {
					"rotation": ["12.5+0.5*math.cos(q.anim_time*90*1-60)*1", 0, "0-1*math.sin(q.anim_time*90*0.5)*1"]
				},
				"neck2": {
					"rotation": ["-2.5+0.25*math.cos(q.anim_time*90*1-80)*1", 0, 0]
				},
				"neck3": {
					"rotation": ["-2.5+0.75*math.cos(q.anim_time*90*1-100)*1", 0, 0]
				},
				"neck4": {
					"rotation": ["-2.5+1*math.cos(q.anim_time*90*1-120)*1", 0, 0]
				},
				"neck5": {
					"rotation": ["1*math.cos(q.anim_time*90*1-140)*1", 0, 0]
				},
				"leg_front_left": {
					"rotation": ["28+math.sin(q.anim_time*90*1+90)*-2", -55, "-70+math.sin(q.anim_time*90*1+90)*2"],
					"position": [3, 6, 8]
				},
				"leg_front_left2_rot": {
					"rotation": [0, 0, "-14+math.sin(q.anim_time*90*1+90)*-1"],
					"position": [0, -1, 0]
				},
				"leg_front_right": {
					"rotation": ["28+math.sin(q.anim_time*90*1+90)*-2", 55, "70+math.sin(q.anim_time*90*1+90)*-2"],
					"position": [-3, 6, 8]
				},
				"leg_front_right2_rot": {
					"rotation": [0, 0, "14+math.sin(q.anim_time*90*1+90)*1"],
					"position": [0, -1, 0]
				},
				"head": {
					"position": [0, 0, 0]
				}
			}
		},
		"animation.arctoplesio.battle_idle": {
			"loop": true,
			"animation_length": 16,
			"bones": {
				"body": {
					"position": [0, "-13.8+math.sin(q.anim_time*90*1+90)*0.2", 0]
				},
				"torso": {
					"rotation": ["-7.5+math.sin(q.anim_time*90*1)*1", 0, 0]
				},
				"tail": {
					"rotation": ["5+math.sin(q.anim_time*90*1-100)*2", 0, "math.sin(q.anim_time*90*0.5-110)*-4"],
					"position": [0, 1.5, 0]
				},
				"tail2": {
					"rotation": ["7.5+math.sin(q.anim_time*90*1-130)*5", "math.sin(q.anim_time*90*0.5-150)*7", 0]
				},
				"tail3": {
					"rotation": ["7.5+math.sin(q.anim_time*90*1-160)*6", "math.sin(q.anim_time*90*0.5-190)*10", 0]
				},
				"tail4": {
					"rotation": ["5+math.sin(q.anim_time*90*1-190)*10", "math.sin(q.anim_time*90*0.5-210)*13", 0]
				},
				"tail5": {
					"rotation": ["10+math.sin(q.anim_time*90*1-210)*14", "math.sin(q.anim_time*90*0.5-240)*17", 0]
				},
				"leg_back_left": {
					"rotation": ["28+math.sin(q.anim_time*90*1+90)*-2", -55, "-70+math.sin(q.anim_time*90*1+90)*2"]
				},
				"leg_back_left2_rot": {
					"rotation": [0, 0, "-14+math.sin(q.anim_time*90*1+90)*-1"],
					"position": [0, -1, 0]
				},
				"leg_back_right": {
					"rotation": ["28+math.sin(q.anim_time*90*1+90)*-2", 55, "70+math.sin(q.anim_time*90*1+90)*-2"]
				},
				"leg_back_right2_rot": {
					"rotation": [0, 0, "14+math.sin(q.anim_time*90*1+90)*1"],
					"position": [0, -1, 0]
				},
				"chest": {
					"rotation": ["-1+math.sin(q.anim_time*90*1-50)*-1", 0, 0]
				},
				"tail_fin": {
					"rotation": ["2.5+math.sin(q.anim_time*90*1-170)*4", "math.sin(q.anim_time*90*0.5-200)*2", "math.sin(q.anim_time*90*0.5-200)*4"]
				},
				"neck1": {
					"rotation": ["30+0.5*math.cos(q.anim_time*90*1-60)*1", 0, "-1*math.sin(q.anim_time*90*0.5)*1"]
				},
				"neck2": {
					"rotation": ["-2.5+0.25*math.cos(q.anim_time*90*1-80)*1", 0, 0]
				},
				"neck3": {
					"rotation": ["-2.5+0.75*math.cos(q.anim_time*90*1-100)*1", 0, 0]
				},
				"neck4": {
					"rotation": ["-2.5+1*math.cos(q.anim_time*90*1-120)*1", 0, 0]
				},
				"neck5": {
					"rotation": ["1*math.cos(q.anim_time*90*1-140)*1", 0, 0]
				},
				"leg_front_left": {
					"rotation": ["28+math.sin(q.anim_time*90*1+90)*-2", -55, "-70+math.sin(q.anim_time*90*1+90)*2"],
					"position": [3, 6, 8]
				},
				"leg_front_left2_rot": {
					"rotation": [0, 0, "-14+math.sin(q.anim_time*90*1+90)*-1"],
					"position": [0, -1, 0]
				},
				"leg_front_right": {
					"rotation": ["28+math.sin(q.anim_time*90*1+90)*-2", 55, "70+math.sin(q.anim_time*90*1+90)*-2"],
					"position": [-3, 6, 8]
				},
				"leg_front_right2_rot": {
					"rotation": [0, 0, "14+math.sin(q.anim_time*90*1+90)*1"],
					"position": [0, -1, 0]
				},
				"head": {
					"position": [0, 0, 0]
				},
				"jaw": {
					"rotation": {
						"0.0": [0, 0, 0],
						"1.0": [20, 0, 0],
						"2.0": [0, 0, 0],
						"3.0": [20, 0, 0],
						"4.0": [0, 0, 0],
						"5.0": [20, 0, 0],
						"6.0": [0, 0, 0],
						"7.0": [20, 0, 0],
						"8.0": [0, 0, 0],
						"9.0": [20, 0, 0],
						"10.0": [0, 0, 0],
						"11.0": [20, 0, 0],
						"12.0": [0, 0, 0],
						"13.0": [20, 0, 0],
						"14.0": [0, 0, 0],
						"15.0": [20, 0, 0],
						"16.0": [0, 0, 0]
					}
				}
			}
		},
		"animation.arctoplesio.ground_walk": {
			"loop": true,
			"animation_length": 8,
			"bones": {
				"body": {
					"position": [0, "-13.8+math.sin(q.anim_time*90*1+90)*0.2", "math.sin(q.anim_time*90*1-150)*-6"]
				},
				"torso": {
					"rotation": ["-7.5+math.sin(q.anim_time*90*1)*1+math.cos(q.anim_time*90*1-150)*2", 0, 0]
				},
				"tail": {
					"rotation": ["5+math.sin(q.anim_time*90*1-100)*-2", 0, "math.sin(q.anim_time*90*0.5-110)*-4"],
					"position": [0, 1.5, 0]
				},
				"tail2": {
					"rotation": ["7.5+math.sin(q.anim_time*90*1-130)*-5", "math.sin(q.anim_time*90*0.5-150)*7", 0]
				},
				"tail3": {
					"rotation": ["7.5+math.sin(q.anim_time*90*1-160)*-6", "math.sin(q.anim_time*90*0.5-190)*10", 0]
				},
				"tail4": {
					"rotation": ["5+math.sin(q.anim_time*90*1-190)*-10", "math.sin(q.anim_time*90*0.5-210)*13", 0]
				},
				"tail5": {
					"rotation": ["10+math.sin(q.anim_time*90*1-210)*-14", "math.sin(q.anim_time*90*0.5-240)*17", 0]
				},
				"leg_back_left": {
					"rotation": ["20+math.cos(q.anim_time*90*1)*-35", "-45+math.cos(q.anim_time*90*1-30)*5", "-80+math.cos(q.anim_time*90*1-250)*-18"],
					"position": [0, "math.sin(q.anim_time*90*1-90)*-1", "math.sin(q.anim_time*90*1-90)*1"]
				},
				"leg_back_left2_rot": {
					"rotation": [0, 0, -14],
					"position": [0, -1, 0]
				},
				"leg_back_right": {
					"rotation": ["20+math.cos(q.anim_time*90*1)*-35", "45+math.cos(q.anim_time*90*1-30)*-5", "80+math.cos(q.anim_time*90*1-250)*18"],
					"position": [0, "math.sin(q.anim_time*90*1-90)*-1", "math.sin(q.anim_time*90*1-90)*1"]
				},
				"leg_back_right2_rot": {
					"rotation": [0, 0, 14],
					"position": [0, -1, 0]
				},
				"chest": {
					"rotation": ["-1+math.sin(q.anim_time*90*1-50)*-1", 0, 0]
				},
				"tail_fin": {
					"rotation": ["2.5+math.sin(q.anim_time*90*1-170)*-4", "math.sin(q.anim_time*90*0.5-200)*2", "math.sin(q.anim_time*90*0.5-200)*4"]
				},
				"leg_back_right2": {
					"rotation": {
						"0.0": {
							"post": [-3, 2.5, -3.5],
							"lerp_mode": "catmullrom"
						},
						"0.5": {
							"post": [-2.68, 4.79, 4.92],
							"lerp_mode": "catmullrom"
						},
						"0.9167": {
							"post": [0, 6, 2.5],
							"lerp_mode": "catmullrom"
						},
						"1.5833": {
							"post": [20, 1, -13.5],
							"lerp_mode": "catmullrom"
						},
						"2.2917": {
							"post": [18.61, 0.92, -16.93],
							"lerp_mode": "catmullrom"
						},
						"3.2917": {
							"post": [10.3, 1.58, -21.16],
							"lerp_mode": "catmullrom"
						},
						"4.0": {
							"post": [-3, 2.5, -3.5],
							"lerp_mode": "catmullrom"
						},
						"4.5": {
							"post": [-2.68, 4.79, 4.92],
							"lerp_mode": "catmullrom"
						},
						"4.9167": {
							"post": [0, 6, 2.5],
							"lerp_mode": "catmullrom"
						},
						"5.5833": {
							"post": [20, 1, -13.5],
							"lerp_mode": "catmullrom"
						},
						"6.2917": {
							"post": [18.61, 0.92, -16.93],
							"lerp_mode": "catmullrom"
						},
						"7.2917": {
							"post": [10.3, 1.58, -21.16],
							"lerp_mode": "catmullrom"
						},
						"8.0": {
							"post": [-3, 2.5, -3.5],
							"lerp_mode": "catmullrom"
						},
						"8.5": {
							"post": [-2.68, 4.79, 4.92],
							"lerp_mode": "catmullrom"
						}
					}
				},
				"leg_back_right3": {
					"rotation": {
						"0.0": {
							"post": [-2.5, 0, 0],
							"lerp_mode": "catmullrom"
						},
						"1.0417": {
							"post": [-8.72, 0, 0.49],
							"lerp_mode": "catmullrom"
						},
						"2.0": {
							"post": [5, 0, 0],
							"lerp_mode": "catmullrom"
						},
						"2.875": {
							"post": [7.5, 0, -7.5],
							"lerp_mode": "catmullrom"
						},
						"4.0": {
							"post": [-2.5, 0, 0],
							"lerp_mode": "catmullrom"
						},
						"5.0417": {
							"post": [-8.72, 0, 0.49],
							"lerp_mode": "catmullrom"
						},
						"6.0": {
							"post": [5, 0, 0],
							"lerp_mode": "catmullrom"
						},
						"6.875": {
							"post": [7.5, 0, -7.5],
							"lerp_mode": "catmullrom"
						},
						"8.0": {
							"post": [-2.5, 0, 0],
							"lerp_mode": "catmullrom"
						},
						"9.0417": {
							"post": [-8.72, 0, 0.49],
							"lerp_mode": "catmullrom"
						}
					}
				},
				"leg_back_left2": {
					"rotation": {
						"0.0": {
							"post": [-3, -2.5, 3.5],
							"lerp_mode": "catmullrom"
						},
						"0.5": {
							"post": [-2.68, -4.79, -4.92],
							"lerp_mode": "catmullrom"
						},
						"0.9167": {
							"post": [0, -6, -2.5],
							"lerp_mode": "catmullrom"
						},
						"1.5833": {
							"post": [20, -1, 13.5],
							"lerp_mode": "catmullrom"
						},
						"2.2917": {
							"post": [18.61, -0.92, 16.93],
							"lerp_mode": "catmullrom"
						},
						"3.2917": {
							"post": [10.3, -1.58, 21.16],
							"lerp_mode": "catmullrom"
						},
						"4.0": {
							"post": [-3, -2.5, 3.5],
							"lerp_mode": "catmullrom"
						},
						"4.5": {
							"post": [-2.68, -4.79, -4.92],
							"lerp_mode": "catmullrom"
						},
						"4.9167": {
							"post": [0, -6, -2.5],
							"lerp_mode": "catmullrom"
						},
						"5.5833": {
							"post": [20, -1, 13.5],
							"lerp_mode": "catmullrom"
						},
						"6.2917": {
							"post": [18.61, -0.92, 16.93],
							"lerp_mode": "catmullrom"
						},
						"7.2917": {
							"post": [10.3, -1.58, 21.16],
							"lerp_mode": "catmullrom"
						},
						"8.0": {
							"post": [-3, -2.5, 3.5],
							"lerp_mode": "catmullrom"
						},
						"8.5": {
							"post": [-2.68, -4.79, -4.92],
							"lerp_mode": "catmullrom"
						}
					}
				},
				"leg_back_left3": {
					"rotation": {
						"0.0": {
							"post": [-2.5, 0, 0],
							"lerp_mode": "catmullrom"
						},
						"1.0417": {
							"post": [-8.72, 0, -0.49],
							"lerp_mode": "catmullrom"
						},
						"2.0": {
							"post": [5, 0, 0],
							"lerp_mode": "catmullrom"
						},
						"2.875": {
							"post": [7.5, 0, 7.5],
							"lerp_mode": "catmullrom"
						},
						"4.0": {
							"post": [-2.5, 0, 0],
							"lerp_mode": "catmullrom"
						},
						"5.0417": {
							"post": [-8.72, 0, -0.49],
							"lerp_mode": "catmullrom"
						},
						"6.0": {
							"post": [5, 0, 0],
							"lerp_mode": "catmullrom"
						},
						"6.875": {
							"post": [7.5, 0, 7.5],
							"lerp_mode": "catmullrom"
						},
						"8.0": {
							"post": [-2.5, 0, 0],
							"lerp_mode": "catmullrom"
						},
						"9.0417": {
							"post": [-8.72, 0, -0.49],
							"lerp_mode": "catmullrom"
						}
					}
				},
				"neck1": {
					"rotation": ["12.5+0.25*math.cos(q.anim_time*90*4-150)*1", "-0.5*math.cos(q.anim_time*90*2)*1", 0]
				},
				"neck2": {
					"rotation": ["-2.5+1*math.cos(q.anim_time*90*4-180)*1", 0, 0]
				},
				"neck3": {
					"rotation": ["-2.5+1*math.cos(q.anim_time*90*4-210)*1", 0, 0]
				},
				"neck4": {
					"rotation": ["-2.5+1*math.cos(q.anim_time*90*4-240)*1", 0, 0]
				},
				"neck5": {
					"rotation": ["0+1*math.cos(q.anim_time*90*4-270)*1", 0, 0]
				},
				"head": {
					"rotation": [5, 0, 0]
				},
				"leg_front_left": {
					"rotation": ["20+math.cos(q.anim_time*90*1)*-35", "-45+math.cos(q.anim_time*90*1-30)*5", "-80+math.cos(q.anim_time*90*1-250)*-18"],
					"position": [3, "math.sin(q.anim_time*90*1-90)*+4", "5+math.sin(q.anim_time*90*1-90)*1"]
				},
				"leg_front_left2": {
					"rotation": {
						"0.0": {
							"post": [-3, 2.5, -3.5],
							"lerp_mode": "catmullrom"
						},
						"0.5": {
							"post": [-2.68, 4.79, 4.92],
							"lerp_mode": "catmullrom"
						},
						"0.9167": {
							"post": [0, 6, 2.5],
							"lerp_mode": "catmullrom"
						},
						"1.5833": {
							"post": [20, 1, -13.5],
							"lerp_mode": "catmullrom"
						},
						"2.2917": {
							"post": [18.61, 0.92, -16.93],
							"lerp_mode": "catmullrom"
						},
						"3.2917": {
							"post": [10.3, 1.58, -21.16],
							"lerp_mode": "catmullrom"
						},
						"4.0": {
							"post": [-3, 2.5, -3.5],
							"lerp_mode": "catmullrom"
						},
						"4.5": {
							"post": [-2.68, 4.79, 4.92],
							"lerp_mode": "catmullrom"
						},
						"4.9167": {
							"post": [0, 6, 2.5],
							"lerp_mode": "catmullrom"
						},
						"5.5833": {
							"post": [20, 1, -13.5],
							"lerp_mode": "catmullrom"
						},
						"6.2917": {
							"post": [18.61, 0.92, -16.93],
							"lerp_mode": "catmullrom"
						},
						"7.2917": {
							"post": [10.3, 1.58, -21.16],
							"lerp_mode": "catmullrom"
						},
						"8.0": {
							"post": [-3, 2.5, -3.5],
							"lerp_mode": "catmullrom"
						},
						"8.5": {
							"post": [-2.68, 4.79, 4.92],
							"lerp_mode": "catmullrom"
						}
					}
				},
				"leg_front_left2_rot": {
					"rotation": [0, 0, -14],
					"position": [0, -1, 0]
				},
				"leg_front_left3": {
					"rotation": {
						"0.0": {
							"post": [-2.5, 0, 0],
							"lerp_mode": "catmullrom"
						},
						"1.0417": {
							"post": [-8.72, 0, -0.49],
							"lerp_mode": "catmullrom"
						},
						"2.0": {
							"post": [5, 0, 0],
							"lerp_mode": "catmullrom"
						},
						"2.875": {
							"post": [7.5, 0, 7.5],
							"lerp_mode": "catmullrom"
						},
						"4.0": {
							"post": [-2.5, 0, 0],
							"lerp_mode": "catmullrom"
						},
						"5.0417": {
							"post": [-8.72, 0, -0.49],
							"lerp_mode": "catmullrom"
						},
						"6.0": {
							"post": [5, 0, 0],
							"lerp_mode": "catmullrom"
						},
						"6.875": {
							"post": [7.5, 0, 7.5],
							"lerp_mode": "catmullrom"
						},
						"8.0": {
							"post": [-2.5, 0, 0],
							"lerp_mode": "catmullrom"
						},
						"9.0417": {
							"post": [-8.72, 0, -0.49],
							"lerp_mode": "catmullrom"
						}
					}
				},
				"leg_front_right": {
					"rotation": ["20+math.cos(q.anim_time*90*1)*-35", "45+math.cos(q.anim_time*90*1-30)*-5", "80+math.cos(q.anim_time*90*1-250)*18"],
					"position": [-3, "math.sin(q.anim_time*90*1-90)*+4", "5+math.sin(q.anim_time*90*1-90)*1"]
				},
				"leg_front_right2_rot": {
					"rotation": [0, 0, 14],
					"position": [0, -1, 0]
				},
				"leg_front_right3": {
					"rotation": {
						"0.0": {
							"post": [-2.5, 0, 0],
							"lerp_mode": "catmullrom"
						},
						"1.0417": {
							"post": [-8.72, 0, 0.49],
							"lerp_mode": "catmullrom"
						},
						"2.0": {
							"post": [5, 0, 0],
							"lerp_mode": "catmullrom"
						},
						"2.875": {
							"post": [7.5, 0, -7.5],
							"lerp_mode": "catmullrom"
						},
						"4.0": {
							"post": [-2.5, 0, 0],
							"lerp_mode": "catmullrom"
						},
						"5.0417": {
							"post": [-8.72, 0, 0.49],
							"lerp_mode": "catmullrom"
						},
						"6.0": {
							"post": [5, 0, 0],
							"lerp_mode": "catmullrom"
						},
						"6.875": {
							"post": [7.5, 0, -7.5],
							"lerp_mode": "catmullrom"
						},
						"8.0": {
							"post": [-2.5, 0, 0],
							"lerp_mode": "catmullrom"
						},
						"9.0417": {
							"post": [-8.72, 0, 0.49],
							"lerp_mode": "catmullrom"
						}
					}
				}
			}
		},
		"animation.arctoplesio.sleep": {
			"loop": true,
			"bones": {
				"body": {
					"position": [0, "-14+math.sin(q.anim_time*90*1+90)*0.2", 0]
				},
				"torso": {
					"rotation": ["-7.5+math.sin(q.anim_time*90*1)*1", 0, 0]
				},
				"tail": {
					"rotation": ["-2.5+math.sin(q.anim_time*90*1-60)*-1", 0, 5]
				},
				"tail2": {
					"rotation": ["-2+math.sin(q.anim_time*90*1-130)*-3", -10, -1],
					"position": [0, -0.5, 0]
				},
				"tail3": {
					"rotation": ["-5+math.sin(q.anim_time*90*1-180)*-5", -8, -3],
					"position": [0, -1.25, 0]
				},
				"tail4": {
					"rotation": ["5+math.sin(q.anim_time*90*1-280)*-8", -27, -4],
					"position": [0, -0.75, 0]
				},
				"tail5": {
					"rotation": ["-8+math.sin(q.anim_time*90*1-310)*-10", -22, 2]
				},
				"leg_back_left": {
					"rotation": ["28+math.sin(q.anim_time*90*1+90)*-2", -55, "-70+math.sin(q.anim_time*90*1+90)*2"]
				},
				"leg_back_left2_rot": {
					"rotation": [0, 0, "-14+math.sin(q.anim_time*90*1+90)*-1"],
					"position": [0, -1, 0]
				},
				"leg_back_right": {
					"rotation": ["28+math.sin(q.anim_time*90*1+90)*-2", 55, "70+math.sin(q.anim_time*90*1+90)*-2"]
				},
				"leg_back_right2_rot": {
					"rotation": [0, 0, "14+math.sin(q.anim_time*90*1+90)*1"],
					"position": [0, -1, 0]
				},
				"chest": {
					"rotation": ["math.sin(q.anim_time*90*1-50)*-1", 0, 0]
				},
				"tail_fin": {
					"rotation": ["-7.5+math.sin(q.anim_time*90*1-90)*4", -7.5, 0],
					"position": [-1, 0, 0]
				},
				"neck1": {
					"rotation": ["6.78380-1*math.cos(q.anim_time*90*1-60)*1", -6.02218, 0.13859]
				},
				"neck2": {
					"rotation": ["3.4761-1*math.cos(q.anim_time*90*1-90)*1", -0.96392, 2.84106]
				},
				"neck3": {
					"rotation": ["3.7488-1*math.cos(q.anim_time*90*1-120)*1", -0.10894, 1.24524]
				},
				"neck4": {
					"rotation": ["13.4809-1*math.cos(q.anim_time*90*1-150)*1", -0.68922, 3.17615]
				},
				"neck5": {
					"rotation": ["17.2741-1*math.cos(q.anim_time*90*1-180)*1", -0.35329, -1.79313]
				},
				"head": {
					"rotation": [24.2014, -5.73534, 1.95662]
				},
				"eyelid_right": {
					"position": [-0.1, 0, 0]
				},
				"eyelid_left": {
					"position": [0.1, 0, 0]
				},
				"leg_front_left": {
					"rotation": ["28+math.sin(q.anim_time*90*1+90)*-2", -55, "-70+math.sin(q.anim_time*90*1+90)*2"],
					"position": [3, 5, 5]
				},
				"leg_front_left2_rot": {
					"rotation": [0, 0, "-14+math.sin(q.anim_time*90*1+90)*-1"],
					"position": [0, -1, 0]
				},
				"leg_front_right": {
					"rotation": ["28+math.sin(q.anim_time*90*1+90)*-2", 55, "70+math.sin(q.anim_time*90*1+90)*-2"],
					"position": [-3, 5, 5]
				},
				"leg_front_right2_rot": {
					"rotation": [0, 0, "14+math.sin(q.anim_time*90*1+90)*1"],
					"position": [0, -1, 0]
				}
			}
		},
		"animation.arctoplesio.water_idle": {
			"loop": true,
			"animation_length": 16,
			"bones": {
				"body": {
					"rotation": ["-10.5+math.sin(q.anim_time*90*1-70)*4", "math.sin(q.anim_time*90*0.25-80)*1", "math.sin(q.anim_time*90*0.25-100)*-3"],
					"position": ["math.sin(q.anim_time*90*0.5)*2", "math.sin(q.anim_time*90*1)*3", "math.sin(q.anim_time*90*1-160)*1"]
				},
				"torso": {
					"rotation": [0, 0, 0]
				},
				"chest": {
					"rotation": ["-2+math.sin(q.anim_time*90*1-100)*-2", 0, 0]
				},
				"tail": {
					"rotation": ["5+math.sin(q.anim_time*90*1-100)*5", 0, "math.sin(q.anim_time*90*0.5-110)*-6"]
				},
				"tail2": {
					"rotation": ["7.5+math.sin(q.anim_time*90*1-130)*8", "math.sin(q.anim_time*90*0.5-150)*9", 0]
				},
				"tail3": {
					"rotation": ["7.5+math.sin(q.anim_time*90*1-160)*10", "math.sin(q.anim_time*90*0.5-190)*12", 0]
				},
				"tail_fin": {
					"rotation": ["2.5+math.sin(q.anim_time*90*1-170)*4", "math.sin(q.anim_time*90*0.5-200)*2", "math.sin(q.anim_time*90*0.5-200)*4"]
				},
				"tail4": {
					"rotation": ["5+math.sin(q.anim_time*90*1-190)*12", "math.sin(q.anim_time*90*0.5-210)*15", 0]
				},
				"tail5": {
					"rotation": ["10+math.sin(q.anim_time*90*1-210)*16", "math.sin(q.anim_time*90*0.5-240)*18", 0]
				},
				"leg_back_left": {
					"rotation": [0, 0, "-20+math.sin(q.anim_time*90*1-100)*-12"]
				},
				"leg_back_left2": {
					"rotation": [5, 0, "-(math.sin(q.anim_time*90*1-150)*16)"]
				},
				"leg_back_left3": {
					"rotation": [0, 0, "-(math.sin(q.anim_time*90*1-180)*12)"],
					"position": [0.5, 0.5, 0]
				},
				"leg_back_right": {
					"rotation": [0, 0, "20+math.sin(q.anim_time*90*1-100)*12"]
				},
				"leg_back_right2": {
					"rotation": [5, 0, "math.sin(q.anim_time*90*1-150)*16"]
				},
				"leg_back_right3": {
					"rotation": [0, 0, "math.sin(q.anim_time*90*1-180)*12"],
					"position": [-0.5, 0.5, 0]
				},
				"neck1": {
					"rotation": ["12.5+0.5*math.cos(q.anim_time*90*1-60)*1", 0, "0-1*math.sin(q.anim_time*90*0.5)*1"]
				},
				"neck2": {
					"rotation": ["-2.5+0.25*math.cos(q.anim_time*90*1-80)*1", 0, 0]
				},
				"neck3": {
					"rotation": ["-2.5+0.75*math.cos(q.anim_time*90*1-100)*1", 0, 0]
				},
				"neck4": {
					"rotation": ["-2.5+1*math.cos(q.anim_time*90*1-120)*1", 0, 0]
				},
				"neck5": {
					"rotation": ["1*math.cos(q.anim_time*90*1-140)*1", 0, 0]
				},
				"head": {
					"rotation": [12.5, 0, 0],
					"position": [0, -1, 0]
				},
				"leg_front_left": {
					"rotation": [0, 0, "-20+math.sin(q.anim_time*90*1-100)*-12"]
				},
				"leg_front_left2": {
					"rotation": [5, 0, "-(math.sin(q.anim_time*90*1-150)*16)"]
				},
				"leg_front_left3": {
					"rotation": [0, 0, "-(math.sin(q.anim_time*90*1-180)*12)"],
					"position": [0.5, 0.5, 0]
				},
				"leg_front_right": {
					"rotation": [0, 0, "20+math.sin(q.anim_time*90*1-100)*12"]
				},
				"leg_front_right2": {
					"rotation": [5, 0, "math.sin(q.anim_time*90*1-150)*16"]
				},
				"leg_front_right3": {
					"rotation": [0, 0, "math.sin(q.anim_time*90*1-180)*12"],
					"position": [-0.5, 0.5, 0]
				}
			}
		},
		"animation.arctoplesio.water_battle_idle": {
			"loop": true,
			"animation_length": 16,
			"bones": {
				"body": {
					"rotation": ["-10.5+math.sin(q.anim_time*90*1-70)*4", "math.sin(q.anim_time*90*0.25-80)*1", "math.sin(q.anim_time*90*0.25-100)*-3"],
					"position": ["math.sin(q.anim_time*90*0.5)*2", "math.sin(q.anim_time*90*1)*3", "math.sin(q.anim_time*90*1-160)*1"]
				},
				"torso": {
					"rotation": [0, 0, 0]
				},
				"chest": {
					"rotation": ["-2+math.sin(q.anim_time*90*1-100)*-2", 0, 0]
				},
				"tail": {
					"rotation": ["5+math.sin(q.anim_time*90*1-100)*5", 0, "math.sin(q.anim_time*90*0.5-110)*-6"]
				},
				"tail2": {
					"rotation": ["7.5+math.sin(q.anim_time*90*1-130)*8", "math.sin(q.anim_time*90*0.5-150)*9", 0]
				},
				"tail3": {
					"rotation": ["7.5+math.sin(q.anim_time*90*1-160)*10", "math.sin(q.anim_time*90*0.5-190)*12", 0]
				},
				"tail_fin": {
					"rotation": ["2.5+math.sin(q.anim_time*90*1-170)*4", "math.sin(q.anim_time*90*0.5-200)*2", "math.sin(q.anim_time*90*0.5-200)*4"]
				},
				"tail4": {
					"rotation": ["5+math.sin(q.anim_time*90*1-190)*12", "math.sin(q.anim_time*90*0.5-210)*15", 0]
				},
				"tail5": {
					"rotation": ["10+math.sin(q.anim_time*90*1-210)*16", "math.sin(q.anim_time*90*0.5-240)*18", 0]
				},
				"leg_back_left": {
					"rotation": [0, 0, "-20+math.sin(q.anim_time*90*1-100)*-12"]
				},
				"leg_back_left2": {
					"rotation": [5, 0, "-(math.sin(q.anim_time*90*1-150)*16)"]
				},
				"leg_back_left3": {
					"rotation": [0, 0, "-(math.sin(q.anim_time*90*1-180)*12)"],
					"position": [0.5, 0.5, 0]
				},
				"leg_back_right": {
					"rotation": [0, 0, "20+math.sin(q.anim_time*90*1-100)*12"]
				},
				"leg_back_right2": {
					"rotation": [5, 0, "math.sin(q.anim_time*90*1-150)*16"]
				},
				"leg_back_right3": {
					"rotation": [0, 0, "math.sin(q.anim_time*90*1-180)*12"],
					"position": [-0.5, 0.5, 0]
				},
				"neck1": {
					"rotation": ["32.5+0.5*math.cos(q.anim_time*90*1-60)*1", 0, "-1*math.sin(q.anim_time*90*0.5)*1"]
				},
				"neck2": {
					"rotation": ["-2.5+0.25*math.cos(q.anim_time*90*1-80)*1", 0, 0]
				},
				"neck3": {
					"rotation": ["-2.5+0.75*math.cos(q.anim_time*90*1-100)*1", 0, 0]
				},
				"neck4": {
					"rotation": ["-2.5+1*math.cos(q.anim_time*90*1-120)*1", 0, 0]
				},
				"neck5": {
					"rotation": ["1*math.cos(q.anim_time*90*1-140)*1", 0, 0]
				},
				"head": {
					"rotation": [-7.5, 0, 0],
					"position": [0, 0, 0]
				},
				"leg_front_left": {
					"rotation": [0, 0, "-20+math.sin(q.anim_time*90*1-100)*-12"]
				},
				"leg_front_left2": {
					"rotation": [5, 0, "-(math.sin(q.anim_time*90*1-150)*16)"]
				},
				"leg_front_left3": {
					"rotation": [0, 0, "-(math.sin(q.anim_time*90*1-180)*12)"],
					"position": [0.5, 0.5, 0]
				},
				"leg_front_right": {
					"rotation": [0, 0, "20+math.sin(q.anim_time*90*1-100)*12"]
				},
				"leg_front_right2": {
					"rotation": [5, 0, "math.sin(q.anim_time*90*1-150)*16"]
				},
				"leg_front_right3": {
					"rotation": [0, 0, "math.sin(q.anim_time*90*1-180)*12"],
					"position": [-0.5, 0.5, 0]
				},
				"jaw": {
					"rotation": {
						"0.0": [0, 0, 0],
						"1.0": [20, 0, 0],
						"2.0": [0, 0, 0],
						"3.0": [20, 0, 0],
						"4.0": [0, 0, 0],
						"5.0": [20, 0, 0],
						"6.0": [0, 0, 0],
						"7.0": [20, 0, 0],
						"8.0": [0, 0, 0],
						"9.0": [20, 0, 0],
						"10.0": [0, 0, 0],
						"11.0": [20, 0, 0],
						"12.0": [0, 0, 0],
						"13.0": [20, 0, 0],
						"14.0": [0, 0, 0],
						"15.0": [20, 0, 0],
						"16.0": [0, 0, 0]
					}
				}
			}
		},
		"animation.arctoplesio.water_swim": {
			"loop": true,
			"bones": {
				"body": {
					"rotation": ["math.sin(q.anim_time*90*2-70)*5", "math.sin(q.anim_time*90*1-80)*3", "math.sin(q.anim_time*90*1-100)*-6"],
					"position": ["math.sin(q.anim_time*90*1)*4", "math.sin(q.anim_time*90*2)*2", "-6+math.sin(q.anim_time*90*2-160)*2"]
				},
				"torso": {
					"rotation": [0, 0, 0]
				},
				"chest": {
					"rotation": ["-2+math.sin(q.anim_time*90*2-100)*-3", 0, 0]
				},
				"tail": {
					"rotation": ["-2.5527+math.sin(q.anim_time*90*2-100)*2", -0.51075, "math.sin(q.anim_time*90*1-110)*-9.0138"],
					"position": [0, 1.25, 0]
				},
				"tail2": {
					"rotation": ["2.5+math.sin(q.anim_time*90*2-130)*4", "math.sin(q.anim_time*90*1-150)*14", 0]
				},
				"tail3": {
					"rotation": ["math.sin(q.anim_time*90*2-160)*6", "math.sin(q.anim_time*90*1-190)*17", 0]
				},
				"tail_fin": {
					"rotation": ["-5+math.sin(q.anim_time*90*2-170)*4", "math.sin(q.anim_time*90*1-200)*2", "math.sin(q.anim_time*90*1-200)*7"]
				},
				"tail4": {
					"rotation": ["-5+math.sin(q.anim_time*90*2-190)*8", "math.sin(q.anim_time*90*1-210)*15", 0]
				},
				"tail5": {
					"rotation": ["math.sin(q.anim_time*90*2-210)*10", "math.sin(q.anim_time*90*1-240)*20", 0]
				},
				"leg_back_left": {
					"rotation": [0, 0, "-20+math.sin(q.anim_time*90*2-100)*-12"]
				},
				"leg_back_left2": {
					"rotation": [5, 0, "-(math.sin(q.anim_time*90*2-150)*16)"]
				},
				"leg_back_left3": {
					"rotation": [0, 0, "-(math.sin(q.anim_time*90*2-180)*12)"],
					"position": [0.5, 0.5, 0]
				},
				"leg_back_right": {
					"rotation": [0, 0, "20+math.sin(q.anim_time*90*2-100)*12"]
				},
				"leg_back_right2": {
					"rotation": [5, 0, "math.sin(q.anim_time*90*2-150)*16"]
				},
				"leg_back_right3": {
					"rotation": [0, 0, "math.sin(q.anim_time*90*2-180)*12"],
					"position": [-0.5, 0.5, 0]
				},
				"neck1": {
					"rotation": ["12.5+0.25*math.cos(q.anim_time*90*4-150)*1", "-0.5*math.cos(q.anim_time*90*2)*1", 0]
				},
				"neck2": {
					"rotation": ["-2.5+1*math.cos(q.anim_time*90*4-180)*1", 0, 0]
				},
				"neck3": {
					"rotation": ["-2.5+1*math.cos(q.anim_time*90*4-210)*1", 0, 0]
				},
				"neck4": {
					"rotation": ["-2.5+1*math.cos(q.anim_time*90*4-240)*1", 0, 0]
				},
				"neck5": {
					"rotation": ["0+1*math.cos(q.anim_time*90*4-270)*1", 0, 0]
				},
				"head": {
					"rotation": [5, 0, 0]
				},
				"leg_front_left": {
					"rotation": [0, 0, "-20+math.sin(q.anim_time*90*2-100)*-12"]
				},
				"leg_front_left2": {
					"rotation": [5, 0, "-(math.sin(q.anim_time*90*2-150)*16)"]
				},
				"leg_front_left3": {
					"rotation": [0, 0, "-(math.sin(q.anim_time*90*2-180)*12)"],
					"position": [0.5, 0.5, 0]
				},
				"leg_front_right": {
					"rotation": [0, 0, "20+math.sin(q.anim_time*90*2-100)*12"]
				},
				"leg_front_right2": {
					"rotation": [5, 0, "math.sin(q.anim_time*90*2-150)*16"]
				},
				"leg_front_right3": {
					"rotation": [0, 0, "math.sin(q.anim_time*90*2-180)*12"],
					"position": [-0.5, 0.5, 0]
				}
			}
		},
		"animation.arctoplesio.water_sleep": {
			"loop": true,
			"animation_length": 16,
			"bones": {
				"body": {
					"rotation": ["-0.5+math.sin(q.anim_time*90*0.5-70)*4", "0+math.sin(q.anim_time*90*0.25-80)*1", "math.sin(q.anim_time*90*0.25-100)*-3"],
					"position": ["math.sin(q.anim_time*90*0.25)*2", "-4+math.sin(q.anim_time*90*0.5)*3", "math.sin(q.anim_time*90*0.5-160)*1"]
				},
				"torso": {
					"rotation": [0, 0, 0]
				},
				"chest": {
					"rotation": ["3+math.sin(q.anim_time*90*0.5-100)*-2", 0, 0],
					"position": [0, 0, -1.5]
				},
				"tail": {
					"rotation": ["-5+math.sin(q.anim_time*90*0.5-100)*5", 0, "math.sin(q.anim_time*90*0.25-110)*-6"],
					"position": [0, 1.75, 0]
				},
				"tail2": {
					"rotation": ["-5+math.sin(q.anim_time*90*0.5-130)*8", "0+math.sin(q.anim_time*90*0.25-150)*9", 0]
				},
				"tail3": {
					"rotation": ["-5+math.sin(q.anim_time*90*0.5-160)*10", "math.sin(q.anim_time*90*0.25-190)*12", 0]
				},
				"tail_fin": {
					"rotation": ["-5+math.sin(q.anim_time*90*0.5-170)*4", "0+math.sin(q.anim_time*90*0.25-200)*2", "0+math.sin(q.anim_time*90*0.25-200)*4"]
				},
				"tail4": {
					"rotation": ["-12.5+math.sin(q.anim_time*90*0.5-190)*12", "math.sin(q.anim_time*90*0.25-210)*15", 0]
				},
				"tail5": {
					"rotation": ["math.sin(q.anim_time*90*0.5-210)*16", "math.sin(q.anim_time*90*0.25-240)*18", 0]
				},
				"leg_back_left": {
					"rotation": [-45.68718, -8.80348, "-11.0908+math.sin(q.anim_time*90*0.5-100)*-12"]
				},
				"leg_back_left2": {
					"rotation": [5, 0, "-(math.sin(q.anim_time*90*0.5-150)*16)"]
				},
				"leg_back_left3": {
					"rotation": [0, 0, "-(math.sin(q.anim_time*90*0.5-180)*12)"],
					"position": [0.5, 0.5, 0]
				},
				"leg_back_right": {
					"rotation": [-45.68718, 8.80348, "11.0908+math.sin(q.anim_time*90*0.5-100)*12"]
				},
				"leg_back_right2": {
					"rotation": [5, 0, "math.sin(q.anim_time*90*0.5-150)*16"]
				},
				"leg_back_right3": {
					"rotation": [0, 0, "math.sin(q.anim_time*90*0.5-180)*12"],
					"position": [-0.5, 0.5, 0]
				},
				"neck1": {
					"rotation": ["6.78380-1*math.cos(q.anim_time*90*1-60)*1", -6.02218, 0.13859]
				},
				"neck2": {
					"rotation": ["3.4761-1*math.cos(q.anim_time*90*1-90)*1", -0.96392, 2.84106]
				},
				"neck3": {
					"rotation": ["3.7488-1*math.cos(q.anim_time*90*1-120)*1", -0.10894, 1.24524]
				},
				"neck4": {
					"rotation": ["13.4809-1*math.cos(q.anim_time*90*1-150)*1", -0.68922, 3.17615]
				},
				"neck5": {
					"rotation": ["17.2741-1*math.cos(q.anim_time*90*1-180)*1", -0.35329, -1.79313]
				},
				"head": {
					"rotation": [24.2014, -5.73534, 1.95662]
				},
				"eyelid_right": {
					"position": [-0.1, 0, 0]
				},
				"eyelid_left": {
					"position": [0.1, 0, 0]
				},
				"leg_front_left": {
					"rotation": [-25.68718, -8.80348, "-11.0908+math.sin(q.anim_time*90*0.5-100)*-12"]
				},
				"leg_front_left2": {
					"rotation": [5, 0, "-(math.sin(q.anim_time*90*0.5-150)*16)"]
				},
				"leg_front_left3": {
					"rotation": [0, 0, "-(math.sin(q.anim_time*90*0.5-180)*12)"],
					"position": [0.5, 0.5, 0]
				},
				"leg_front_right": {
					"rotation": [-20.68718, 8.80348, "11.0908+math.sin(q.anim_time*90*0.5-100)*12"]
				},
				"leg_front_right2": {
					"rotation": [5, 0, "math.sin(q.anim_time*90*0.5-150)*16"]
				},
				"leg_front_right3": {
					"rotation": [0, 0, "math.sin(q.anim_time*90*0.5-180)*12"],
					"position": [-0.5, 0.5, 0]
				}
			}
		},
		"animation.arctoplesio.blink": {
			"animation_length": 0.1667,
			"bones": {
				"eyelid_right": {
					"position": {
						"0.0": [-0.1, 0, 0],
						"0.125": [-0.1, 0, 0],
						"0.1667": [0, 0, 0]
					}
				},
				"eyelid_left": {
					"position": {
						"0.0": [0.1, 0, 0],
						"0.125": [0.1, 0, 0],
						"0.1667": [0, 0, 0]
					}
				}
			}
		},
		"animation.arctoplesio.walkspeedtest": {
			"loop": true,
			"bones": {
				"body": {
					"position": [0, 0, "-q.anim_time*90*0.1"]
				}
			}
		},
		"animation.arctoplesio.swimspeedtest": {
			"loop": true,
			"bones": {
				"body": {
					"position": [0, 0, "-q.anim_time*90*0.3"]
				}
			}
		}
	}
}