{
	"format_version": "1.8.0",
	"animations": {
		"animation.arctoplesio_fetus.sleep": {
			"loop": true,
			"bones": {
				"body": {
					"rotation": ["5+math.sin(q.anim_time*90*0.5-180)*3", "math.sin(q.anim_time*90*0.75-60)*-2", "math.sin(q.anim_time*90*1)*1"],
					"position": ["math.sin(q.anim_time*90*0.25)*0.2", "math.sin(q.anim_time*90*0.5-45)*0.8", "0.5+math.sin(q.anim_time*90*0.25-90)*0.1"]
				},
				"leg_back_right": {
					"rotation": ["20+math.sin(q.anim_time*90*0.5+60)*5", "30+math.sin(q.anim_time*90*0.5-90)*2", 0]
				},
				"tail": {
					"rotation": ["15+math.sin(q.anim_time*90*0.5-210)*3", 0, 0]
				},
				"tail2": {
					"rotation": ["10+math.sin(q.anim_time*90*0.5-250)*3", 0, 0]
				},
				"leg_back_left": {
					"rotation": ["20+math.sin(q.anim_time*90*0.5+60)*5", "-30+math.sin(q.anim_time*90*0.5-90)*2", 0]
				},
				"leg_front_right": {
					"rotation": ["20+math.sin(q.anim_time*90*0.5+60)*5", "30+math.sin(q.anim_time*90*0.5-90)*2", 0],
					"position": [0, 0, 1]
				},
				"leg_front_left": {
					"rotation": ["20+math.sin(q.anim_time*90*0.5+60)*5", "-30+math.sin(q.anim_time*90*0.5-90)*2", 0],
					"position": [0, 0, 1]
				},
				"neck": {
					"rotation": ["7+math.sin(q.anim_time*90*0.5-210)*4", -17, 3.5]
				},
				"neck2": {
					"rotation": ["30+math.sin(q.anim_time*90*0.5-260)*5", 0, 2]
				},
				"neck3": {
					"rotation": ["40+math.sin(q.anim_time*90*0.5-310)*6", -4, 4]
				},
				"head": {
					"rotation": ["60+math.sin(q.anim_time*90*0.5-20)*5", 0, 5]
				}
			}
		},
		"animation.arctoplesio_fetus.quirk1": {
			"animation_length": 1.1667,
			"bones": {
				"body": {
					"rotation": {
						"0.0": {
							"post": [0, 0, 0],
							"lerp_mode": "catmullrom"
						},
						"0.125": {
							"post": [-1.75, 0, 0],
							"lerp_mode": "catmullrom"
						},
						"0.25": {
							"post": [-1.85, 0, 0],
							"lerp_mode": "catmullrom"
						},
						"0.4167": {
							"post": [1.35, 0, 0],
							"lerp_mode": "catmullrom"
						},
						"0.5833": {
							"post": [-1.05, 0, 0],
							"lerp_mode": "catmullrom"
						},
						"0.75": {
							"post": [0.35, 0, 0],
							"lerp_mode": "catmullrom"
						},
						"1.0833": {
							"post": [0, 0, 0],
							"lerp_mode": "catmullrom"
						}
					}
				},
				"leg_back_right": {
					"rotation": {
						"0.0": {
							"post": [0, 0, 0],
							"lerp_mode": "catmullrom"
						},
						"0.125": {
							"post": [1.9, 0, 0],
							"lerp_mode": "catmullrom"
						},
						"0.25": {
							"post": [1.7, 0, 0],
							"lerp_mode": "catmullrom"
						},
						"0.4583": {
							"post": [-0.3, 0, 0],
							"lerp_mode": "catmullrom"
						},
						"0.625": {
							"post": [0.8, 0, 0],
							"lerp_mode": "catmullrom"
						},
						"0.7917": {
							"post": [-0.2, 0, 0],
							"lerp_mode": "catmullrom"
						},
						"1.0833": {
							"post": [0, 0, 0],
							"lerp_mode": "catmullrom"
						}
					}
				},
				"leg_back_left": {
					"rotation": {
						"0.0": {
							"post": [0, 0, 0],
							"lerp_mode": "catmullrom"
						},
						"0.125": {
							"post": [1.9, 0, 0],
							"lerp_mode": "catmullrom"
						},
						"0.25": {
							"post": [1.7, 0, 0],
							"lerp_mode": "catmullrom"
						},
						"0.4583": {
							"post": [-0.3, 0, 0],
							"lerp_mode": "catmullrom"
						},
						"0.625": {
							"post": [0.8, 0, 0],
							"lerp_mode": "catmullrom"
						},
						"0.7917": {
							"post": [-0.2, 0, 0],
							"lerp_mode": "catmullrom"
						},
						"1.0833": {
							"post": [0, 0, 0],
							"lerp_mode": "catmullrom"
						}
					}
				},
				"tail": {
					"rotation": {
						"0.0": {
							"post": [0, 0, 0],
							"lerp_mode": "catmullrom"
						},
						"0.0833": {
							"post": [0, 0, 0],
							"lerp_mode": "catmullrom"
						},
						"0.2917": {
							"post": [-1.1, 0, 0],
							"lerp_mode": "catmullrom"
						},
						"0.4583": {
							"post": [0.6, 0, 0],
							"lerp_mode": "catmullrom"
						},
						"0.625": {
							"post": [-0.3, 0, 0],
							"lerp_mode": "catmullrom"
						},
						"0.8333": {
							"post": [0.1, 0, 0],
							"lerp_mode": "catmullrom"
						},
						"1.125": {
							"post": [0, 0, 0],
							"lerp_mode": "catmullrom"
						}
					}
				},
				"tail2": {
					"rotation": {
						"0.0": {
							"post": [0, 0, 0],
							"lerp_mode": "catmullrom"
						},
						"0.1667": {
							"post": [0, 0, 0],
							"lerp_mode": "catmullrom"
						},
						"0.3333": {
							"post": [-1.1, 0, 0],
							"lerp_mode": "catmullrom"
						},
						"0.5": {
							"post": [0.6, 0, 0],
							"lerp_mode": "catmullrom"
						},
						"0.6667": {
							"post": [-0.3, 0, 0],
							"lerp_mode": "catmullrom"
						},
						"0.875": {
							"post": [0.1, 0, 0],
							"lerp_mode": "catmullrom"
						},
						"1.1667": {
							"post": [0, 0, 0],
							"lerp_mode": "catmullrom"
						}
					}
				}
			}
		},
		"animation.arctoplesio_fetus.quirk2": {
			"animation_length": 1.5,
			"bones": {
				"body": {
					"rotation": {
						"0.0": {
							"post": [0, 0, 0],
							"lerp_mode": "catmullrom"
						},
						"0.1667": {
							"post": [0, 0, -2.2],
							"lerp_mode": "catmullrom"
						},
						"0.375": {
							"post": [0, 0, -2],
							"lerp_mode": "catmullrom"
						},
						"0.5417": {
							"post": [0, 0, 1.46],
							"lerp_mode": "catmullrom"
						},
						"0.7083": {
							"post": [0, 0, -0.84],
							"lerp_mode": "catmullrom"
						},
						"0.875": {
							"post": [0, 0, 0.36],
							"lerp_mode": "catmullrom"
						},
						"1.0417": {
							"post": [0, 0, -0.24],
							"lerp_mode": "catmullrom"
						},
						"1.4583": {
							"post": [0, 0, 0],
							"lerp_mode": "catmullrom"
						}
					}
				},
				"leg_back_right": {
					"rotation": {
						"0.0": {
							"post": [0, 0, 0],
							"lerp_mode": "catmullrom"
						},
						"0.0833": {
							"post": [0, 1.36, 0],
							"lerp_mode": "catmullrom"
						},
						"0.2083": {
							"post": [0, 10, 0],
							"lerp_mode": "catmullrom"
						},
						"0.375": {
							"post": [0, 12, 0],
							"lerp_mode": "catmullrom"
						},
						"0.5": {
							"post": [0, 0.12, 0],
							"lerp_mode": "catmullrom"
						},
						"0.7083": {
							"post": [0, 5.02, 0],
							"lerp_mode": "catmullrom"
						},
						"0.9167": {
							"post": [0, -0.57, 0],
							"lerp_mode": "catmullrom"
						},
						"1.1667": {
							"post": [0, 1.48, 0],
							"lerp_mode": "catmullrom"
						},
						"1.5": {
							"post": [0, 0, 0],
							"lerp_mode": "catmullrom"
						}
					}
				},
				"leg_back_left": {
					"rotation": {
						"0.0": {
							"post": [0, 0, 0],
							"lerp_mode": "catmullrom"
						},
						"0.0833": {
							"post": [0, -1.36, 0],
							"lerp_mode": "catmullrom"
						},
						"0.2083": {
							"post": [0, -10, 0],
							"lerp_mode": "catmullrom"
						},
						"0.375": {
							"post": [0, -12, 0],
							"lerp_mode": "catmullrom"
						},
						"0.5": {
							"post": [0, -0.12, 0],
							"lerp_mode": "catmullrom"
						},
						"0.7083": {
							"post": [0, -5.02, 0],
							"lerp_mode": "catmullrom"
						},
						"0.9167": {
							"post": [0, 0.57, 0],
							"lerp_mode": "catmullrom"
						},
						"1.1667": {
							"post": [0, -1.48, 0],
							"lerp_mode": "catmullrom"
						},
						"1.5": {
							"post": [0, 0, 0],
							"lerp_mode": "catmullrom"
						}
					}
				},
				"tail": {
					"rotation": {
						"0.0": {
							"post": [0, 0, 0],
							"lerp_mode": "catmullrom"
						},
						"0.125": {
							"post": [0, 0, 5],
							"lerp_mode": "catmullrom"
						},
						"0.2917": {
							"post": [0, 0, 4],
							"lerp_mode": "catmullrom"
						},
						"0.4167": {
							"post": [0, 0, -4.78],
							"lerp_mode": "catmullrom"
						},
						"0.625": {
							"post": [0, 0, 3.25],
							"lerp_mode": "catmullrom"
						},
						"0.8333": {
							"post": [0, 0, -1.71],
							"lerp_mode": "catmullrom"
						},
						"1.0833": {
							"post": [0, 0, 1.35],
							"lerp_mode": "catmullrom"
						},
						"1.4583": {
							"post": [0, 0, 0],
							"lerp_mode": "catmullrom"
						}
					}
				},
				"tail2": {
					"rotation": {
						"0.0": {
							"post": [0, 0, 0],
							"lerp_mode": "catmullrom"
						},
						"0.0833": {
							"post": [0, 0, -2.5],
							"lerp_mode": "catmullrom"
						},
						"0.1667": {
							"post": [0, 0, 6.5],
							"lerp_mode": "catmullrom"
						},
						"0.3333": {
							"post": [0, 0, 13],
							"lerp_mode": "catmullrom"
						},
						"0.5": {
							"post": [0, 0, -7.5],
							"lerp_mode": "catmullrom"
						},
						"0.6667": {
							"post": [0, 0, 5],
							"lerp_mode": "catmullrom"
						},
						"0.8333": {
							"post": [0, 0, -2.53],
							"lerp_mode": "catmullrom"
						},
						"1.0": {
							"post": [0, 0, 1.23],
							"lerp_mode": "catmullrom"
						},
						"1.4167": {
							"post": [0, 0, 0],
							"lerp_mode": "catmullrom"
						}
					}
				}
			}
		}
	}
}