{
	"format_version": "1.8.0",
	"animations": {
		"animation.dracodacentro_fetus.sleep": {
			"loop": true,
			"bones": {
				"body": {
					"rotation": ["-10+math.sin(q.anim_time*90*0.5-180)*3", "math.sin(q.anim_time*90*0.75-60)*-2", "math.sin(q.anim_time*90*1)*1"],
					"position": ["math.sin(q.anim_time*90*0.25)*0.2", "math.sin(q.anim_time*90*0.5-45)*0.8", "1+math.sin(q.anim_time*90*0.25-90)*0.1"]
				},
				"tail": {
					"rotation": ["-25+math.sin(q.anim_time*90*0.5-60)*6", 0, 0]
				},
				"tail2": {
					"rotation": ["-25+math.sin(q.anim_time*90*0.5-90)*9", 0, 0]
				},
				"leg_back_right": {
					"rotation": ["-40+math.sin(q.anim_time*90*0.75-90)*-7", 10, 5]
				},
				"leg_back_right2": {
					"rotation": ["40+math.sin(q.anim_time*90*0.75-30)*7", 0, 0]
				},
				"foot_back_right": {
					"rotation": ["15+math.sin(q.anim_time*90*0.75-60)*4", 0, 0]
				},
				"leg_back_left": {
					"rotation": ["-40+math.sin(q.anim_time*90*0.75-90+180)*-7", -10, -5]
				},
				"leg_back_left2": {
					"rotation": ["40+math.sin(q.anim_time*90*0.75-30+180)*7", 0, 0]
				},
				"foot_back_left": {
					"rotation": ["15+math.sin(q.anim_time*90*0.75-60+180)*4", 0, 0]
				},
				"leg_front_right": {
					"rotation": [35, 0, 0]
				},
				"foot_front_right": {
					"rotation": [25, 0, 0]
				},
				"leg_front_left": {
					"rotation": [15, 0, 0]
				},
				"leg_front_left2": {
					"rotation": [30, 0, 0]
				},
				"foot_front_left": {
					"rotation": [22.5, 0, 0]
				},
				"neck": {
					"rotation": [50, 0, 0],
					"position": [0, -1, 0]
				},
				"head": {
					"rotation": [45, 0, 0],
					"position": [0, 0, 1]
				}
			}
		},
		"animation.dracodacentro_fetus.quirk1": {
			"animation_length": 3.5,
			"bones": {
				"neck": {
					"rotation": {
						"0.0": {
							"post": [0, 0, 0],
							"lerp_mode": "catmullrom"
						},
						"0.6667": {
							"post": [4, 0, 0],
							"lerp_mode": "catmullrom"
						},
						"0.9583": {
							"post": [-3, 0, 0],
							"lerp_mode": "catmullrom"
						},
						"1.375": {
							"post": [-2, 0, 0],
							"lerp_mode": "catmullrom"
						},
						"1.9167": {
							"post": [-13, 0, 0],
							"lerp_mode": "catmullrom"
						},
						"2.5833": {
							"post": [-1, 0, 0],
							"lerp_mode": "catmullrom"
						},
						"3.375": {
							"post": [0, 0, 0],
							"lerp_mode": "catmullrom"
						}
					}
				}
			}
		},
		"animation.dracodacentro_fetus.quirk2": {
			"animation_length": 4,
			"bones": {
				"body": {
					"rotation": {
						"0.0": {
							"post": [0, 0, 0],
							"lerp_mode": "catmullrom"
						},
						"0.2083": {
							"post": [0, 0, 0],
							"lerp_mode": "catmullrom"
						},
						"0.7917": {
							"post": [2, 0, 0],
							"lerp_mode": "catmullrom"
						},
						"1.375": {
							"post": [2, 0, 0],
							"lerp_mode": "catmullrom"
						},
						"1.6667": {
							"post": [-5, 0, 0],
							"lerp_mode": "catmullrom"
						},
						"1.9583": {
							"post": [-5, 0, 0],
							"lerp_mode": "catmullrom"
						},
						"2.25": {
							"post": [1, 0, 0],
							"lerp_mode": "catmullrom"
						},
						"2.5833": {
							"post": [2, 0, 0],
							"lerp_mode": "catmullrom"
						},
						"3.125": {
							"post": [-1, 0, 0],
							"lerp_mode": "catmullrom"
						},
						"4.0": {
							"post": [0, 0, 0],
							"lerp_mode": "catmullrom"
						}
					}
				},
				"tail": {
					"rotation": {
						"0.0": {
							"post": [0, 0, 0],
							"lerp_mode": "catmullrom"
						},
						"1.4167": {
							"post": [0, 0, 0],
							"lerp_mode": "catmullrom"
						},
						"1.8333": {
							"post": [7.5, 0, 0],
							"lerp_mode": "catmullrom"
						},
						"2.6667": {
							"post": [-6, 0, 0],
							"lerp_mode": "catmullrom"
						},
						"3.2083": {
							"post": [-1.7, 0, 0],
							"lerp_mode": "catmullrom"
						},
						"4.0": {
							"post": [0, 0, 0],
							"lerp_mode": "catmullrom"
						}
					}
				},
				"tail2": {
					"rotation": {
						"1.625": {
							"pre": [0, 0, 0],
							"post": [0, 0, 0],
							"lerp_mode": "catmullrom"
						},
						"2.1667": {
							"post": [12.5, 0, 0],
							"lerp_mode": "catmullrom"
						},
						"2.9583": {
							"post": [-3.86, 0, 0],
							"lerp_mode": "catmullrom"
						},
						"4.0": {
							"post": [0, 0, 0],
							"lerp_mode": "catmullrom"
						}
					}
				},
				"leg_back_right": {
					"rotation": {
						"0.0": {
							"post": [0, 0, 0],
							"lerp_mode": "catmullrom"
						},
						"0.4583": {
							"post": [-23, 0, 0],
							"lerp_mode": "catmullrom"
						},
						"0.9167": {
							"post": [-32.5, 0, 0],
							"lerp_mode": "catmullrom"
						},
						"1.25": {
							"post": [-30.5, 0, 0],
							"lerp_mode": "catmullrom"
						},
						"1.5": {
							"post": [10, 0, 0],
							"lerp_mode": "catmullrom"
						},
						"1.9583": {
							"post": [0, 0, 0],
							"lerp_mode": "catmullrom"
						}
					}
				},
				"leg_back_right2": {
					"rotation": {
						"0.0": {
							"post": [0, 0, 0],
							"lerp_mode": "catmullrom"
						},
						"0.5833": {
							"post": [16, 0, 0],
							"lerp_mode": "catmullrom"
						},
						"1.0833": {
							"post": [16, 0, 0],
							"lerp_mode": "catmullrom"
						},
						"1.4583": {
							"post": [-10, 0, 0],
							"lerp_mode": "catmullrom"
						},
						"1.7083": {
							"post": [11.77, 0, 0],
							"lerp_mode": "catmullrom"
						},
						"1.9167": {
							"post": [15, 0, 0],
							"lerp_mode": "catmullrom"
						},
						"2.1667": {
							"post": [5, 0, 0],
							"lerp_mode": "catmullrom"
						},
						"2.6667": {
							"post": [0, 0, 0],
							"lerp_mode": "catmullrom"
						}
					}
				},
				"foot_back_right": {
					"rotation": {
						"0.0": {
							"post": [0, 0, 0],
							"lerp_mode": "catmullrom"
						},
						"0.3333": {
							"post": [18.5, 0, 0],
							"lerp_mode": "catmullrom"
						},
						"0.5": {
							"post": [18.5, 0, 0],
							"lerp_mode": "catmullrom"
						},
						"0.8333": {
							"post": [2, 0, 0],
							"lerp_mode": "catmullrom"
						},
						"1.0417": {
							"post": [-5, 0, 0],
							"lerp_mode": "catmullrom"
						},
						"1.4583": {
							"post": [-19.38, 0, 0],
							"lerp_mode": "catmullrom"
						},
						"1.875": {
							"post": [7, 0, 0],
							"lerp_mode": "catmullrom"
						},
						"2.25": {
							"post": [-16, 0, 0],
							"lerp_mode": "catmullrom"
						},
						"2.7083": {
							"post": [0, 0, 0],
							"lerp_mode": "catmullrom"
						}
					}
				}
			}
		},
		"animation.dracodacentro_fetus.quirk3": {
			"animation_length": 4,
			"bones": {
				"body": {
					"rotation": {
						"0.0": {
							"post": [0, 0, 0],
							"lerp_mode": "catmullrom"
						},
						"0.2083": {
							"post": [0, 0, 0],
							"lerp_mode": "catmullrom"
						},
						"0.7917": {
							"post": [2, 0, 0],
							"lerp_mode": "catmullrom"
						},
						"1.375": {
							"post": [2, 0, 0],
							"lerp_mode": "catmullrom"
						},
						"1.6667": {
							"post": [-5, 0, 0],
							"lerp_mode": "catmullrom"
						},
						"1.9583": {
							"post": [-5, 0, 0],
							"lerp_mode": "catmullrom"
						},
						"2.25": {
							"post": [1, 0, 0],
							"lerp_mode": "catmullrom"
						},
						"2.5833": {
							"post": [2, 0, 0],
							"lerp_mode": "catmullrom"
						},
						"3.125": {
							"post": [-1, 0, 0],
							"lerp_mode": "catmullrom"
						},
						"4.0": {
							"post": [0, 0, 0],
							"lerp_mode": "catmullrom"
						}
					}
				},
				"tail": {
					"rotation": {
						"0.0": {
							"post": [0, 0, 0],
							"lerp_mode": "catmullrom"
						},
						"1.4167": {
							"post": [0, 0, 0],
							"lerp_mode": "catmullrom"
						},
						"1.8333": {
							"post": [7.5, 0, 0],
							"lerp_mode": "catmullrom"
						},
						"2.6667": {
							"post": [-6, 0, 0],
							"lerp_mode": "catmullrom"
						},
						"3.2083": {
							"post": [-1.7, 0, 0],
							"lerp_mode": "catmullrom"
						},
						"4.0": {
							"post": [0, 0, 0],
							"lerp_mode": "catmullrom"
						}
					}
				},
				"tail2": {
					"rotation": {
						"1.625": {
							"pre": [0, 0, 0],
							"post": [0, 0, 0],
							"lerp_mode": "catmullrom"
						},
						"2.1667": {
							"post": [12.5, 0, 0],
							"lerp_mode": "catmullrom"
						},
						"2.9583": {
							"post": [-3.86, 0, 0],
							"lerp_mode": "catmullrom"
						},
						"4.0": {
							"post": [0, 0, 0],
							"lerp_mode": "catmullrom"
						}
					}
				},
				"foot_back_right": {
					"rotation": {
						"0.0": {
							"post": [0, 0, 0],
							"lerp_mode": "catmullrom"
						}
					}
				},
				"leg_back_left": {
					"rotation": {
						"0.0": {
							"post": [0, 0, 0],
							"lerp_mode": "catmullrom"
						},
						"0.4583": {
							"post": [-23, 0, 0],
							"lerp_mode": "catmullrom"
						},
						"0.9167": {
							"post": [-32.5, 0, 0],
							"lerp_mode": "catmullrom"
						},
						"1.25": {
							"post": [-30.5, 0, 0],
							"lerp_mode": "catmullrom"
						},
						"1.5": {
							"post": [10, 0, 0],
							"lerp_mode": "catmullrom"
						},
						"1.9583": {
							"post": [0, 0, 0],
							"lerp_mode": "catmullrom"
						}
					}
				},
				"leg_back_left2": {
					"rotation": {
						"0.0": {
							"post": [0, 0, 0],
							"lerp_mode": "catmullrom"
						},
						"0.5833": {
							"post": [16, 0, 0],
							"lerp_mode": "catmullrom"
						},
						"1.0833": {
							"post": [16, 0, 0],
							"lerp_mode": "catmullrom"
						},
						"1.4583": {
							"post": [-10, 0, 0],
							"lerp_mode": "catmullrom"
						},
						"1.7083": {
							"post": [11.77, 0, 0],
							"lerp_mode": "catmullrom"
						},
						"1.9167": {
							"post": [15, 0, 0],
							"lerp_mode": "catmullrom"
						},
						"2.1667": {
							"post": [5, 0, 0],
							"lerp_mode": "catmullrom"
						},
						"2.6667": {
							"post": [0, 0, 0],
							"lerp_mode": "catmullrom"
						}
					}
				},
				"foot_back_left": {
					"rotation": {
						"0.0": {
							"post": [0, 0, 0],
							"lerp_mode": "catmullrom"
						},
						"0.3333": {
							"post": [18.5, 0, 0],
							"lerp_mode": "catmullrom"
						},
						"0.5": {
							"post": [18.5, 0, 0],
							"lerp_mode": "catmullrom"
						},
						"0.8333": {
							"post": [2, 0, 0],
							"lerp_mode": "catmullrom"
						},
						"1.0417": {
							"post": [-5, 0, 0],
							"lerp_mode": "catmullrom"
						},
						"1.4583": {
							"post": [-19.38, 0, 0],
							"lerp_mode": "catmullrom"
						},
						"1.875": {
							"post": [7, 0, 0],
							"lerp_mode": "catmullrom"
						},
						"2.25": {
							"post": [-16, 0, 0],
							"lerp_mode": "catmullrom"
						},
						"2.7083": {
							"post": [0, 0, 0],
							"lerp_mode": "catmullrom"
						}
					}
				}
			}
		}
	}
}