{
	"format_version": "1.8.0",
	"animations": {
		"animation.dunkleovish_fetus.sleep": {
			"loop": true,
			"bones": {
				"body": {
					"rotation": ["-55+math.sin(q.anim_time*90*0.5-180)*3", "math.sin(q.anim_time*90*0.75-60)*-2", "math.sin(q.anim_time*90*1)*1"],
					"position": ["math.sin(q.anim_time*90*0.25)*0.2", "-4.5+math.sin(q.anim_time*90*0.5-45)*0.8", 5.1]
				},
				"head": {
					"rotation": ["-85+math.sin(q.anim_time*90*0.5-240)*3", 0, 0]
				},
				"jaw": {
					"rotation": ["-12.5+math.sin(q.anim_time*90*0.75-170)*5", 0, 0]
				},
				"fin_right": {
					"rotation": [0, 0, "60+math.sin(q.anim_time*90*0.75-210)*12"]
				},
				"fin_left": {
					"rotation": [0, 0, "-60+math.sin(q.anim_time*90*0.75-210)*-12"]
				},
				"fin_right2": {
					"rotation": [0, 0, -40]
				},
				"fin_left2": {
					"rotation": [0, 0, 40]
				},
				"tail": {
					"rotation": [-57.5, 0, 0],
					"position": [0, 1, -5]
				},
				"tail2": {
					"rotation": [-70, 0, 0],
					"position": [0, 3, 2]
				}
			}
		},
		"animation.dunkleovish_fetus.quirk1": {
			"animation_length": 3,
			"bones": {
				"head": {
					"rotation": {
						"0.0": {
							"post": [0, 0, 0],
							"lerp_mode": "catmullrom"
						},
						"0.25": {
							"post": [0, 0, 1],
							"lerp_mode": "catmullrom"
						},
						"0.5833": {
							"post": [0, 0, -8],
							"lerp_mode": "catmullrom"
						},
						"0.8333": {
							"post": [0, 0, 8.5],
							"lerp_mode": "catmullrom"
						},
						"1.1667": {
							"post": [0, 0, -2.5],
							"lerp_mode": "catmullrom"
						},
						"1.625": {
							"post": [0, 0, 3],
							"lerp_mode": "catmullrom"
						},
						"3.0": {
							"post": [0, 0, 0],
							"lerp_mode": "catmullrom"
						}
					}
				},
				"fin_right": {
					"rotation": {
						"0.0": {
							"post": [0, 0, 0],
							"lerp_mode": "catmullrom"
						},
						"0.2083": {
							"post": [0, 0, 0],
							"lerp_mode": "catmullrom"
						},
						"0.4167": {
							"post": [0, 0, 7.5],
							"lerp_mode": "catmullrom"
						},
						"0.7917": {
							"post": [0, 0, -7.86],
							"lerp_mode": "catmullrom"
						},
						"1.2083": {
							"post": [0, 0, 12.29],
							"lerp_mode": "catmullrom"
						},
						"1.5833": {
							"post": [0, 0, -2.87],
							"lerp_mode": "catmullrom"
						},
						"2.2083": {
							"post": [0, 0, -1],
							"lerp_mode": "catmullrom"
						},
						"3.0": {
							"post": [0, 0, 0],
							"lerp_mode": "catmullrom"
						}
					}
				},
				"fin_left": {
					"rotation": {
						"0.0": {
							"post": [0, 0, 0],
							"lerp_mode": "catmullrom"
						},
						"0.2083": {
							"post": [0, 0, 0],
							"lerp_mode": "catmullrom"
						},
						"0.4167": {
							"post": [0, 0, 7.5],
							"lerp_mode": "catmullrom"
						},
						"0.7917": {
							"post": [0, 0, -7.86],
							"lerp_mode": "catmullrom"
						},
						"1.2083": {
							"post": [0, 0, 12.29],
							"lerp_mode": "catmullrom"
						},
						"1.5833": {
							"post": [0, 0, -2.87],
							"lerp_mode": "catmullrom"
						},
						"2.2083": {
							"post": [0, 0, -1],
							"lerp_mode": "catmullrom"
						},
						"3.0": {
							"post": [0, 0, 0],
							"lerp_mode": "catmullrom"
						}
					}
				}
			}
		},
		"animation.dunkleovish_fetus.quirk2": {
			"animation_length": 4,
			"bones": {
				"body": {
					"rotation": {
						"0.0": {
							"post": [0, 0, 0],
							"lerp_mode": "catmullrom"
						},
						"0.2083": {
							"post": [0, 0, 0],
							"lerp_mode": "catmullrom"
						},
						"0.7917": {
							"post": [-2, 0, 0],
							"lerp_mode": "catmullrom"
						},
						"1.375": {
							"post": [-2, 0, 0],
							"lerp_mode": "catmullrom"
						},
						"1.6667": {
							"post": [5, 0, 0],
							"lerp_mode": "catmullrom"
						},
						"1.9583": {
							"post": [5, 0, 0],
							"lerp_mode": "catmullrom"
						},
						"2.25": {
							"post": [-1, 0, 0],
							"lerp_mode": "catmullrom"
						},
						"2.5833": {
							"post": [-2, 0, 0],
							"lerp_mode": "catmullrom"
						},
						"3.125": {
							"post": [1, 0, 0],
							"lerp_mode": "catmullrom"
						},
						"4.0": {
							"post": [0, 0, 0],
							"lerp_mode": "catmullrom"
						}
					}
				},
				"head": {
					"rotation": {
						"0.0": {
							"post": [0, 0, 0],
							"lerp_mode": "catmullrom"
						},
						"1.3333": {
							"post": [11.5, 0, 0],
							"lerp_mode": "catmullrom"
						},
						"1.7917": {
							"post": [-0.5, 0, 0],
							"lerp_mode": "catmullrom"
						},
						"2.375": {
							"post": [7, 0, 0],
							"lerp_mode": "catmullrom"
						},
						"3.7917": {
							"post": [0, 0, 0],
							"lerp_mode": "catmullrom"
						}
					}
				}
			}
		}
	}
}