{
	"format_version": "1.8.0",
	"animations": {
		"animation.raptorzolt_fetus.sleep": {
			"loop": true,
			"bones": {
				"body": {
					"rotation": ["-10+math.sin(q.anim_time*90*0.5-180)*3", "math.sin(q.anim_time*90*0.75-60)*-2", "math.sin(q.anim_time*90*1)*1"],
					"position": ["math.sin(q.anim_time*90*0.25)*0.2", "math.sin(q.anim_time*90*0.5-45)*0.8", "1+math.sin(q.anim_time*90*0.25-90)*0.1"]
				},
				"torso": {
					"rotation": ["5+math.sin(q.anim_time*90*1)*2", 0, "math.sin(q.anim_time*90*1.5)*1"]
				},
				"arm_right": {
					"rotation": ["46+math.sin(q.anim_time*90*1-30)*-6", -1, 12]
				},
				"arm_right2": {
					"rotation": ["-45+math.sin(q.anim_time*90*1-60)*4", 0, 0]
				},
				"arm_fin_right": {
					"rotation": [0, 0, "27.5+math.sin(q.anim_time*90*0.5-90)*8"]
				},
				"arm_right3": {
					"rotation": ["50+math.sin(q.anim_time*90*1-30)*8", 0, 0]
				},
				"neck": {
					"rotation": ["7+math.sin(q.anim_time*90*1-60)*1", 0, "math.sin(q.anim_time*90*1.5+90)*3"]
				},
				"neck2": {
					"rotation": ["67.5+math.sin(q.anim_time*90*1-90)*1", 0, "math.sin(q.anim_time*90*1.5+90)*3"]
				},
				"head": {
					"rotation": ["60+math.sin(q.anim_time*90*1-120)*3", "math.sin(q.anim_time*90*1.5+30)*-5", "math.sin(q.anim_time*90*1.5+100)*2"]
				},
				"head_feather_right": {
					"rotation": ["math.sin(q.anim_time*90*1-150)*5", 0, "math.sin(q.anim_time*90*1.5+150)*5"]
				},
				"head_feather_right2": {
					"rotation": ["math.sin(q.anim_time*90*1-150)*5", 0, "math.sin(q.anim_time*90*1.5+150)*5"]
				},
				"head_feather_left": {
					"rotation": ["math.sin(q.anim_time*90*1-150)*5", 0, "math.sin(q.anim_time*90*1.5+150)*5"]
				},
				"head_feather_left2": {
					"rotation": ["math.sin(q.anim_time*90*1-150)*5", 0, "math.sin(q.anim_time*90*1.5+150)*5"]
				},
				"head_feather": {
					"rotation": ["math.sin(q.anim_time*90*1-150)*5", 0, "math.sin(q.anim_time*90*1.5+150)*5"]
				},
				"jaw": {
					"rotation": ["6+math.sin(q.anim_time*90*1+90)*4", 0, 0]
				},
				"arm_left": {
					"rotation": ["46+math.sin(q.anim_time*90*1-30)*-6", 1, -12]
				},
				"arm_left2": {
					"rotation": ["-45+math.sin(q.anim_time*90*1-60)*4", 0, 0]
				},
				"arm_fin_left": {
					"rotation": [0, 0, "-27.5+math.sin(q.anim_time*90*0.5-90)*8"]
				},
				"arm_left3": {
					"rotation": ["50+math.sin(q.anim_time*90*1-30)*8", 0, 0]
				},
				"leg_right": {
					"rotation": ["-70.6623+math.sin(q.anim_time*90*0.5+60)*3", 16.06073, 10.74582]
				},
				"leg_right2": {
					"rotation": ["-39.9365+math.sin(q.anim_time*90*0.5)*6", 12.20398, -19.48458]
				},
				"foot_right": {
					"rotation": ["75+math.sin(q.anim_time*90*0.5-60)*8", 0, 0]
				},
				"leg_left": {
					"rotation": ["-75+math.sin(q.anim_time*90*0.5+60)*3", -25, 0]
				},
				"leg_left2": {
					"rotation": ["-39.9365+math.sin(q.anim_time*90*0.5)*6", -12.20398, 19.48458]
				},
				"foot_left": {
					"rotation": ["75+math.sin(q.anim_time*90*0.5-60)*8", 0, 0]
				},
				"tail": {
					"rotation": ["-30+math.sin(q.anim_time*90*0.5)*8", 0, "math.sin(q.anim_time*90*0.75)*10"],
					"position": [0, 1, -1]
				},
				"tail2": {
					"rotation": ["-40+math.sin(q.anim_time*90*0.5-30)*12", 0, "math.sin(q.anim_time*90*0.75-60)*12"]
				}
			}
		},
		"animation.raptorzolt_fetus.quirk1": {
			"animation_length": 3.5,
			"bones": {
				"torso": {
					"rotation": {
						"0.0": {
							"post": [0, 0, 0],
							"lerp_mode": "catmullrom"
						},
						"0.625": {
							"post": [3, 0, 0],
							"lerp_mode": "catmullrom"
						},
						"0.9583": {
							"post": [0, 0, 0],
							"lerp_mode": "catmullrom"
						},
						"1.5417": {
							"post": [0, 0, 0],
							"lerp_mode": "catmullrom"
						},
						"1.8333": {
							"post": [-5, 0, 0],
							"lerp_mode": "catmullrom"
						},
						"2.5": {
							"post": [-1, 0, 0],
							"lerp_mode": "catmullrom"
						},
						"3.3333": {
							"post": [0, 0, 0],
							"lerp_mode": "catmullrom"
						}
					}
				},
				"arm_right2": {
					"rotation": {
						"0.0": {
							"post": [0, 0, 0],
							"lerp_mode": "catmullrom"
						},
						"0.625": {
							"post": [-7, 0, 0],
							"lerp_mode": "catmullrom"
						},
						"0.9583": {
							"post": [1.18, 0, 0],
							"lerp_mode": "catmullrom"
						},
						"1.5417": {
							"post": [-1.15, 0, 0],
							"lerp_mode": "catmullrom"
						},
						"1.8333": {
							"post": [10.43, 0, 0],
							"lerp_mode": "catmullrom"
						},
						"2.5": {
							"post": [0.87, 0, 0],
							"lerp_mode": "catmullrom"
						},
						"3.3333": {
							"post": [0, 0, 0],
							"lerp_mode": "catmullrom"
						}
					}
				},
				"arm_right3": {
					"rotation": {
						"0.0": {
							"post": [0, 0, 0],
							"lerp_mode": "catmullrom"
						},
						"0.625": {
							"post": [5, 0, 0],
							"lerp_mode": "catmullrom"
						},
						"0.9583": {
							"post": [-1.01, 0, 0],
							"lerp_mode": "catmullrom"
						},
						"1.5417": {
							"post": [-0.04, 0, 0],
							"lerp_mode": "catmullrom"
						},
						"1.8333": {
							"post": [-7.03, 0, 0],
							"lerp_mode": "catmullrom"
						},
						"2.5": {
							"post": [-0.44, 0, 0],
							"lerp_mode": "catmullrom"
						},
						"3.3333": {
							"post": [0, 0, 0],
							"lerp_mode": "catmullrom"
						}
					}
				},
				"arm_left": {
					"rotation": {
						"0.0": {
							"post": [0, 0, 0],
							"lerp_mode": "catmullrom"
						}
					}
				},
				"arm_left2": {
					"rotation": {
						"0.0": {
							"post": [0, 0, 0],
							"lerp_mode": "catmullrom"
						},
						"0.625": {
							"post": [-7, 0, 0],
							"lerp_mode": "catmullrom"
						},
						"0.9583": {
							"post": [1.18, 0, 0],
							"lerp_mode": "catmullrom"
						},
						"1.5417": {
							"post": [-1.15, 0, 0],
							"lerp_mode": "catmullrom"
						},
						"1.8333": {
							"post": [10.43, 0, 0],
							"lerp_mode": "catmullrom"
						},
						"2.5": {
							"post": [0.87, 0, 0],
							"lerp_mode": "catmullrom"
						},
						"3.3333": {
							"post": [0, 0, 0],
							"lerp_mode": "catmullrom"
						}
					}
				},
				"arm_left3": {
					"rotation": {
						"0.0": {
							"post": [0, 0, 0],
							"lerp_mode": "catmullrom"
						},
						"0.625": {
							"post": [5, 0, 0],
							"lerp_mode": "catmullrom"
						},
						"0.9583": {
							"post": [-1.01, 0, 0],
							"lerp_mode": "catmullrom"
						},
						"1.5417": {
							"post": [-0.04, 0, 0],
							"lerp_mode": "catmullrom"
						},
						"1.8333": {
							"post": [-7.03, 0, 0],
							"lerp_mode": "catmullrom"
						},
						"2.5": {
							"post": [-0.44, 0, 0],
							"lerp_mode": "catmullrom"
						},
						"3.3333": {
							"post": [0, 0, 0],
							"lerp_mode": "catmullrom"
						}
					}
				},
				"neck": {
					"rotation": {
						"0.0": {
							"post": [0, 0, 0],
							"lerp_mode": "catmullrom"
						},
						"0.6667": {
							"post": [4, 0, 0],
							"lerp_mode": "catmullrom"
						},
						"0.9583": {
							"post": [-3, 0, 0],
							"lerp_mode": "catmullrom"
						},
						"1.375": {
							"post": [-2, 0, 0],
							"lerp_mode": "catmullrom"
						},
						"1.9167": {
							"post": [-13, 0, 0],
							"lerp_mode": "catmullrom"
						},
						"2.5833": {
							"post": [-1, 0, 0],
							"lerp_mode": "catmullrom"
						},
						"3.375": {
							"post": [0, 0, 0],
							"lerp_mode": "catmullrom"
						}
					}
				},
				"neck2": {
					"rotation": {
						"0.0": {
							"post": [0, 0, 0],
							"lerp_mode": "catmullrom"
						},
						"0.7083": {
							"post": [-5, 0, 0],
							"lerp_mode": "catmullrom"
						},
						"1.0417": {
							"post": [-12, 0, 0],
							"lerp_mode": "catmullrom"
						},
						"1.625": {
							"post": [-12, 0, 0],
							"lerp_mode": "catmullrom"
						},
						"1.875": {
							"post": [-21.73, 0, 0],
							"lerp_mode": "catmullrom"
						},
						"2.2917": {
							"post": [-24.53, 0, 0],
							"lerp_mode": "catmullrom"
						},
						"3.0": {
							"post": [-3.7, 0, 0],
							"lerp_mode": "catmullrom"
						},
						"3.5": {
							"post": [0, 0, 0],
							"lerp_mode": "catmullrom"
						}
					}
				},
				"head": {
					"rotation": {
						"0.0": {
							"post": [0, 0, 0],
							"lerp_mode": "catmullrom"
						},
						"0.75": {
							"post": [6, 0, 0],
							"lerp_mode": "catmullrom"
						},
						"1.125": {
							"post": [-4, 0, 0],
							"lerp_mode": "catmullrom"
						},
						"1.5833": {
							"post": [2, 0, 0],
							"lerp_mode": "catmullrom"
						},
						"1.8333": {
							"post": [-18, 0, 0],
							"lerp_mode": "catmullrom"
						},
						"2.3333": {
							"post": [-18, 0, 0],
							"lerp_mode": "catmullrom"
						},
						"2.75": {
							"post": [-3.9, 0, 0],
							"lerp_mode": "catmullrom"
						},
						"3.5": {
							"post": [0, 0, 0],
							"lerp_mode": "catmullrom"
						}
					}
				},
				"head_feather_right": {
					"rotation": {
						"0.0": {
							"post": [0, 0, 0],
							"lerp_mode": "catmullrom"
						},
						"0.4167": {
							"post": [-2, 0, 0],
							"lerp_mode": "catmullrom"
						},
						"0.875": {
							"post": [4.33, 0, 0],
							"lerp_mode": "catmullrom"
						},
						"1.3333": {
							"post": [-1.67, 0, 0],
							"lerp_mode": "catmullrom"
						},
						"1.7917": {
							"post": [19.59, 0, 0],
							"lerp_mode": "catmullrom"
						},
						"2.5417": {
							"post": [-4.41, 0, 0],
							"lerp_mode": "catmullrom"
						},
						"2.9583": {
							"post": [-1.41, 0, 0],
							"lerp_mode": "catmullrom"
						},
						"3.5": {
							"post": [0, 0, 0],
							"lerp_mode": "catmullrom"
						}
					}
				},
				"head_feather_right2": {
					"rotation": {
						"0.0": {
							"post": [0, 0, 0],
							"lerp_mode": "catmullrom"
						},
						"0.4167": {
							"post": [-2, 0, 0],
							"lerp_mode": "catmullrom"
						},
						"0.875": {
							"post": [4.33, 0, 0],
							"lerp_mode": "catmullrom"
						},
						"1.3333": {
							"post": [-1.67, 0, 0],
							"lerp_mode": "catmullrom"
						},
						"1.7917": {
							"post": [19.59, 0, 0],
							"lerp_mode": "catmullrom"
						},
						"2.5417": {
							"post": [-4.41, 0, 0],
							"lerp_mode": "catmullrom"
						},
						"2.9583": {
							"post": [-1.41, 0, 0],
							"lerp_mode": "catmullrom"
						},
						"3.5": {
							"post": [0, 0, 0],
							"lerp_mode": "catmullrom"
						}
					}
				},
				"head_feather_left": {
					"rotation": {
						"0.0": {
							"post": [0, 0, 0],
							"lerp_mode": "catmullrom"
						},
						"0.4167": {
							"post": [-2, 0, 0],
							"lerp_mode": "catmullrom"
						},
						"0.875": {
							"post": [4.33, 0, 0],
							"lerp_mode": "catmullrom"
						},
						"1.3333": {
							"post": [-1.67, 0, 0],
							"lerp_mode": "catmullrom"
						},
						"1.7917": {
							"post": [19.59, 0, 0],
							"lerp_mode": "catmullrom"
						},
						"2.5417": {
							"post": [-4.41, 0, 0],
							"lerp_mode": "catmullrom"
						},
						"2.9583": {
							"post": [-1.41, 0, 0],
							"lerp_mode": "catmullrom"
						},
						"3.5": {
							"post": [0, 0, 0],
							"lerp_mode": "catmullrom"
						}
					}
				},
				"head_feather_left2": {
					"rotation": {
						"0.0": {
							"post": [0, 0, 0],
							"lerp_mode": "catmullrom"
						},
						"0.4167": {
							"post": [-2, 0, 0],
							"lerp_mode": "catmullrom"
						},
						"0.875": {
							"post": [4.33, 0, 0],
							"lerp_mode": "catmullrom"
						},
						"1.3333": {
							"post": [-1.67, 0, 0],
							"lerp_mode": "catmullrom"
						},
						"1.7917": {
							"post": [19.59, 0, 0],
							"lerp_mode": "catmullrom"
						},
						"2.5417": {
							"post": [-4.41, 0, 0],
							"lerp_mode": "catmullrom"
						},
						"2.9583": {
							"post": [-1.41, 0, 0],
							"lerp_mode": "catmullrom"
						},
						"3.5": {
							"post": [0, 0, 0],
							"lerp_mode": "catmullrom"
						}
					}
				},
				"head_feather": {
					"rotation": {
						"0.0": {
							"post": [0, 0, 0],
							"lerp_mode": "catmullrom"
						},
						"0.4167": {
							"post": [-2, 0, 0],
							"lerp_mode": "catmullrom"
						},
						"0.875": {
							"post": [4.33, 0, 0],
							"lerp_mode": "catmullrom"
						},
						"1.3333": {
							"post": [-1.67, 0, 0],
							"lerp_mode": "catmullrom"
						},
						"1.7917": {
							"post": [19.59, 0, 0],
							"lerp_mode": "catmullrom"
						},
						"2.5417": {
							"post": [-4.41, 0, 0],
							"lerp_mode": "catmullrom"
						},
						"2.9583": {
							"post": [-1.41, 0, 0],
							"lerp_mode": "catmullrom"
						},
						"3.5": {
							"post": [0, 0, 0],
							"lerp_mode": "catmullrom"
						}
					}
				},
				"jaw": {
					"rotation": {
						"0.0": {
							"post": [0, 0, 0],
							"lerp_mode": "catmullrom"
						},
						"0.375": {
							"post": [3, 0, 0],
							"lerp_mode": "catmullrom"
						},
						"0.625": {
							"post": [13.5, 0, 0],
							"lerp_mode": "catmullrom"
						},
						"0.9583": {
							"post": [-5.5, 0, 0],
							"lerp_mode": "catmullrom"
						},
						"1.5417": {
							"post": [43.5, 0, 0],
							"lerp_mode": "catmullrom"
						},
						"1.75": {
							"post": [-2.5, 0, 0],
							"lerp_mode": "catmullrom"
						},
						"2.0417": {
							"post": [-2.5, 0, 0],
							"lerp_mode": "catmullrom"
						},
						"3.0": {
							"post": [0, 0, 0],
							"lerp_mode": "catmullrom"
						}
					}
				}
			}
		},
		"animation.raptorzolt_fetus.quirk2": {
			"animation_length": 4,
			"bones": {
				"body": {
					"rotation": {
						"0.0": {
							"post": [0, 0, 0],
							"lerp_mode": "catmullrom"
						},
						"0.2083": {
							"post": [0, 0, 0],
							"lerp_mode": "catmullrom"
						},
						"0.7917": {
							"post": [2, 0, 0],
							"lerp_mode": "catmullrom"
						},
						"1.375": {
							"post": [2, 0, 0],
							"lerp_mode": "catmullrom"
						},
						"1.6667": {
							"post": [-5, 0, 0],
							"lerp_mode": "catmullrom"
						},
						"1.9583": {
							"post": [-5, 0, 0],
							"lerp_mode": "catmullrom"
						},
						"2.25": {
							"post": [1, 0, 0],
							"lerp_mode": "catmullrom"
						},
						"2.5833": {
							"post": [2, 0, 0],
							"lerp_mode": "catmullrom"
						},
						"3.125": {
							"post": [-1, 0, 0],
							"lerp_mode": "catmullrom"
						},
						"4.0": {
							"post": [0, 0, 0],
							"lerp_mode": "catmullrom"
						}
					}
				},
				"torso": {
					"rotation": {
						"0.0": {
							"post": [0, 0, 0],
							"lerp_mode": "catmullrom"
						},
						"1.3333": {
							"post": [0, 0, 0],
							"lerp_mode": "catmullrom"
						},
						"1.75": {
							"post": [2.5, 0, 0],
							"lerp_mode": "catmullrom"
						},
						"2.2917": {
							"post": [-2, 0, 0],
							"lerp_mode": "catmullrom"
						},
						"2.75": {
							"post": [1, 0, 0],
							"lerp_mode": "catmullrom"
						},
						"3.2917": {
							"post": [0, 0, 0],
							"lerp_mode": "catmullrom"
						},
						"4.0": {
							"post": [0, 0, 0],
							"lerp_mode": "catmullrom"
						}
					}
				}
			}
		},
		"animation.raptorzolt_fetus.quirk3": {
			"animation_length": 4,
			"bones": {
				"body": {
					"rotation": {
						"0.0": {
							"post": [0, 0, 0],
							"lerp_mode": "catmullrom"
						},
						"0.2083": {
							"post": [0, 0, 0],
							"lerp_mode": "catmullrom"
						},
						"0.7917": {
							"post": [2, 0, 0],
							"lerp_mode": "catmullrom"
						},
						"1.375": {
							"post": [2, 0, 0],
							"lerp_mode": "catmullrom"
						},
						"1.6667": {
							"post": [-5, 0, 0],
							"lerp_mode": "catmullrom"
						},
						"1.9583": {
							"post": [-5, 0, 0],
							"lerp_mode": "catmullrom"
						},
						"2.25": {
							"post": [1, 0, 0],
							"lerp_mode": "catmullrom"
						},
						"2.5833": {
							"post": [2, 0, 0],
							"lerp_mode": "catmullrom"
						},
						"3.125": {
							"post": [-1, 0, 0],
							"lerp_mode": "catmullrom"
						},
						"4.0": {
							"post": [0, 0, 0],
							"lerp_mode": "catmullrom"
						}
					}
				},
				"torso": {
					"rotation": {
						"0.0": {
							"post": [0, 0, 0],
							"lerp_mode": "catmullrom"
						},
						"1.3333": {
							"post": [0, 0, 0],
							"lerp_mode": "catmullrom"
						},
						"1.75": {
							"post": [2.5, 0, 0],
							"lerp_mode": "catmullrom"
						},
						"2.2917": {
							"post": [-2, 0, 0],
							"lerp_mode": "catmullrom"
						},
						"2.75": {
							"post": [1, 0, 0],
							"lerp_mode": "catmullrom"
						},
						"3.2917": {
							"post": [0, 0, 0],
							"lerp_mode": "catmullrom"
						},
						"4.0": {
							"post": [0, 0, 0],
							"lerp_mode": "catmullrom"
						}
					}
				}
			}
		}
	}
}